postcode,lsoa21cd,lsoa21nm,admin_district,codes_lsoa
B45 9SQ,E01009160,E05011164,Birmingham,E01009160
B43 7ER,E01009223,E05011159,Birmingham,E01009223
B31 4JU,E01009215,E05011152,Birmingham,E01009215
B18 5SE,E01009361,E05011168,Birmingham,E01009361
B26 1BT,E01008886,E05011169,Birmingham,E01008886
B76 2BW,E01009434,E05011180,Birmingham,E01009434
B21 9NX,E01009273,E05011142,Birmingham,E01009273
B24 0BY,E01009003,E05011135,Birmingham,E01009003
B33 8SD,E01009509,E05011185,Birmingham,E01009509
B5 7UW,E01008982,E05011134,Birmingham,E01008982
B29 7DE,E01009286,E05011128,Birmingham,E01009286
B28 0LF,E01009040,E05011141,Birmingham,E01009040
B15 2SL,E01033562,E05011134,Birmingham,E01033562
B72 1AQ,E01009003,E05011135,Birmingham,E01009003
B11 4EU,E01009392,E05011171,Birmingham,E01009392
B18 7DT,E01009345,E05011168,Birmingham,E01009345
B18 5NB,E01009358,E05011168,Birmingham,E01009358
B35 7LQ,E01009097,E05011132,Birmingham,E01009097
B29 7AU,E01009286,E05011128,Birmingham,E01009286
B23 6PL,E01009407,E05011173,Birmingham,E01009407
B8 3PD,E01009488,E05011120,Birmingham,E01009488
B26 3XA,E01009317,E05011166,Birmingham,E01009317
B44 9UP,E01009225,E05011159,Birmingham,E01009225
B20 2BJ,E01009355,E05011142,Birmingham,E01009355
B21 9JT,E01009270,E05011142,Birmingham,E01009270
B28 0TL,E01009042,E05011141,Birmingham,E01009042
B28 8LH,E01009016,E05011182,Birmingham,E01009016
B32 2PS,E01009256,E05011163,Birmingham,E01009256
B9 4UQ,E01034935,E05011126,Birmingham,E01034935
B21 9DD,E01009353,E05011142,Birmingham,E01009353
B72 1SH,E01009451,E05011178,Birmingham,E01009451
B20 2JF,E01009265,E05011143,Birmingham,E01009265
B29 5XZ,E01009500,E05011184,Birmingham,E01009500
B13 8EY,E01009184,E05011154,Birmingham,E01009184
B13 8JX,E01009184,E05011154,Birmingham,E01009184
B33 0DA,E01009301,E05011138,Birmingham,E01009301
B24 0JS,E01009011,E05011162,Birmingham,E01009011
B28 0PB,E01009039,E05011141,Birmingham,E01009039
B15 2QX,E01008992,E05011134,Birmingham,E01008992
B26 3LZ,E01009320,E05011166,Birmingham,E01009320
B13 0NX,E01008968,E05011124,Birmingham,E01008968
B12 0NS,E01034946,E05011126,Birmingham,E01034946
B23 6UH,E01009007,E05011135,Birmingham,E01009007
B20 3AF,E01034918,E05011121,Birmingham,E01034918
B13 8LN,E01009183,E05011154,Birmingham,E01009183
B20 1BE,E01009264,E05011143,Birmingham,E01009264
B24 0AR,E01009003,E05011135,Birmingham,E01009003
B32 3BB,E01008919,E05011123,Birmingham,E01008919
B30 1BH,E01008962,E05011129,Birmingham,E01008962
B19 2RA,E01008909,E05011156,Birmingham,E01008909
B16 9LN,E01008989,E05011157,Birmingham,E01008989
B29 4NR,E01009504,E05011184,Birmingham,E01009504
B20 2NR,E01009262,E05011143,Birmingham,E01009262
B8 2TH,E01009487,E05011183,Birmingham,E01009487
B18 7DW,E01009345,E05011168,Birmingham,E01009345
B25 8SG,E01008881,E05011186,Birmingham,E01008881
B13 9AE,E01033648,E05011154,Birmingham,E01033648
B21 9AJ,E01034921,E05011142,Birmingham,E01034921
B13 8EB,E01009184,E05011154,Birmingham,E01009184
B8 2HL,E01009486,E05011183,Birmingham,E01009486
B8 2BX,E01009478,E05011183,Birmingham,E01009478
B17 0TL,E01009077,E05011144,Birmingham,E01009077
B17 8JH,E01009138,E05011157,Birmingham,E01009138
B45 8ED,E01009171,E05011164,Birmingham,E01009171
B30 1JS,E01009281,E05011129,Birmingham,E01009281
B76 9AP,E01009441,E05011180,Birmingham,E01009441
B11 1PA,E01033650,E05011170,Birmingham,E01033650
B10 0HU,E01009337,E05011167,Birmingham,E01009337
B31 3PS,E01009217,E05011152,Birmingham,E01009217
B75 5QF,E01009415,E05011175,Birmingham,E01009415
B29 7RP,E01009293,E05011128,Birmingham,E01009293
B31 1RX,E01009499,E05011119,Birmingham,E01009499
B1 1RH,E01033615,E05011151,Birmingham,E01033615
B21 8BG,E01009271,E05011147,Birmingham,E01009271
B26 1TQ,E01008886,E05011169,Birmingham,E01008886
B5 4TN,E01033567,E05011126,Birmingham,E01033567
B34 6DD,E01009087,E05011131,Birmingham,E01009087
B29 7DG,E01009286,E05011128,Birmingham,E01009286
B34 7RB,E01009306,E05011165,Birmingham,E01009306
B32 1ST,E01009259,E05011163,Birmingham,E01009259
B19 2AT,E01034925,E05011153,Birmingham,E01034925
B19 1LP,E01009059,E05011153,Birmingham,E01009059
B45 8EL,E01009171,E05011164,Birmingham,E01009171
B45 0DA,E01034943,E05011136,Birmingham,E01034943
B17 8JR,E01009138,E05011157,Birmingham,E01009138
B20 2DB,E01009056,E05011125,Birmingham,E01009056
B36 8RE,E01009079,E05011131,Birmingham,E01009079
B36 8BW,E01009083,E05011131,Birmingham,E01009083
B38 8XA,E01009117,E05011148,Birmingham,E01009117
B44 0RJ,E01009128,E05011150,Birmingham,E01009128
B75 6QL,E01009426,E05011177,Birmingham,E01009426
B29 5QX,E01009501,E05011184,Birmingham,E01009501
B32 1PF,E01009249,E05011163,Birmingham,E01009249
B25 8LJ,E01008883,E05011169,Birmingham,E01008883
B72 1QL,E01009449,E05011178,Birmingham,E01009449
B26 2QG,E01009323,E05011166,Birmingham,E01009323
B13 0PX,E01008936,E05011124,Birmingham,E01008936
B44 0AX,E01009136,E05011161,Birmingham,E01009136
B45 9NJ,E01009167,E05011164,Birmingham,E01009167
B73 5BH,E01009474,E05011179,Birmingham,E01009474
B20 1HD,E01009276,E05011143,Birmingham,E01009276
B75 6EU,E01009444,E05011177,Birmingham,E01009444
B24 0LH,E01009098,E05011162,Birmingham,E01009098
B36 8HP,E01009086,E05011131,Birmingham,E01009086
B30 1DU,E01008959,E05011129,Birmingham,E01008959
B74 4QS,E01009422,E05011174,Birmingham,E01009422
B23 6QF,E01009006,E05011135,Birmingham,E01009006
B36 8UH,E01009082,E05011131,Birmingham,E01009082
B75 6AX,E01009444,E05011177,Birmingham,E01009444
B32 4LE,E01008925,E05011123,Birmingham,E01008925
B8 3JP,E01009485,E05011120,Birmingham,E01009485
B24 0GA,E01009100,E05011162,Birmingham,E01009100
B9 5DH,E01009344,E05011127,Birmingham,E01009344
B36 8HT,E01009086,E05011131,Birmingham,E01009086
B38 8XH,E01009118,E05011148,Birmingham,E01009118
B23 6AH,E01033646,E05011173,Birmingham,E01033646
B21 0HA,E01009354,E05011147,Birmingham,E01009354
B24 8AP,E01009000,E05011139,Birmingham,E01009000
B13 9EP,E01009187,E05011154,Birmingham,E01009187
B14 6SG,E01008966,E05011130,Birmingham,E01008966
B18 4NF,E01009361,E05011168,Birmingham,E01009361
B3 1PB,E01033620,E05011168,Birmingham,E01033620
B73 6PG,E01009470,E05011179,Birmingham,E01009470
B29 5BU,E01009504,E05011184,Birmingham,E01009504
B26 1LX,E01009313,E05011166,Birmingham,E01009313
B5 7UB,E01008982,E05011134,Birmingham,E01008982
B8 2LX,E01009490,E05011183,Birmingham,E01009490
B15 2DD,E01033626,E05011151,Birmingham,E01033626
B26 3ND,E01009318,E05011166,Birmingham,E01009318
B74 2QB,E01009430,E05011174,Birmingham,E01009430
B19 1LA,E01009062,E05011153,Birmingham,E01009062
B16 0QG,E01009145,E05011157,Birmingham,E01009145
B34 6QT,E01009305,E05011165,Birmingham,E01009305
B11 3JH,E01033643,E05011171,Birmingham,E01033643
B10 9PZ,E01009328,E05011167,Birmingham,E01009328
B11 1PY,E01033650,E05011170,Birmingham,E01033650
B30 1AZ,E01008962,E05011129,Birmingham,E01008962
B10 9EU,E01009329,E05011167,Birmingham,E01009329
B24 8PT,E01009401,E05011139,Birmingham,E01009401
B27 6QX,E01008889,E05011118,Birmingham,E01008889
B29 6NN,E01009295,E05011184,Birmingham,E01009295
B8 1RN,E01009479,E05011120,Birmingham,E01009479
B20 3AL,E01009054,E05011121,Birmingham,E01009054
B12 8JF,E01009371,E05011170,Birmingham,E01009371
B38 9RL,E01009107,E05011149,Birmingham,E01009107
B5 4TF,E01033567,E05011126,Birmingham,E01033567
B8 1EX,E01009192,E05011120,Birmingham,E01009192
B20 2BZ,E01009352,E05011142,Birmingham,E01009352
B44 8HA,E01009231,E05011150,Birmingham,E01009231
B7 4LG,E01009204,E05011155,Birmingham,E01009204
B31 2SY,E01009162,E05011158,Birmingham,E01009162
B27 7BH,E01009020,E05011118,Birmingham,E01009020
B17 0BP,E01009071,E05011144,Birmingham,E01009071
B74 2TU,E01009427,E05011174,Birmingham,E01009427
B31 1LL,E01009496,E05011119,Birmingham,E01009496
B18 7BE,E01009153,E05011157,Birmingham,E01009153
B29 5RS,E01009500,E05011184,Birmingham,E01009500
B18 7PD,E01009348,E05011168,Birmingham,E01009348
B14 4QZ,E01008943,E05011146,Birmingham,E01008943
B10 0BD,E01009379,E05011127,Birmingham,E01009379
B20 3EE,E01009051,E05011121,Birmingham,E01009051
B43 7HG,E01009223,E05011159,Birmingham,E01009223
B3 3DP,E01033625,E05011151,Birmingham,E01033625
B18 5RH,E01009360,E05011168,Birmingham,E01009360
B26 1TA,E01008886,E05011169,Birmingham,E01008886
B30 2QJ,E01008953,E05011172,Birmingham,E01008953
B15 1FG,E01009146,E05011151,Birmingham,E01009146
B32 3UN,E01008917,E05011123,Birmingham,E01008917
B29 5QL,E01009501,E05011184,Birmingham,E01009501
B10 9EL,E01009329,E05011167,Birmingham,E01009329
B10 9AP,E01009329,E05011167,Birmingham,E01009329
B44 0LX,E01009131,E05011150,Birmingham,E01009131
B26 2EX,E01009517,E05011137,Birmingham,E01009517
B11 3JT,E01034953,E05011171,Birmingham,E01034953
B8 2XE,E01009479,E05011183,Birmingham,E01009479
B19 1NX,E01008907,E05011153,Birmingham,E01008907
B13 0HG,E01008935,E05011124,Birmingham,E01008935
B13 9BU,E01009390,E05011154,Birmingham,E01009390
B30 2TG,E01008964,E05011172,Birmingham,E01008964
B36 8QQ,E01009081,E05011131,Birmingham,E01009081
B14 5RL,E01008980,E05011133,Birmingham,E01008980
B45 8TW,E01009165,E05011164,Birmingham,E01009165
B13 0JL,E01008938,E05011124,Birmingham,E01008938
B76 1YB,E01009443,E05011180,Birmingham,E01009443
B42 2QS,E01009244,E05011159,Birmingham,E01009244
B75 6SP,E01009431,E05011174,Birmingham,E01009431
B75 7ER,E01009452,E05011176,Birmingham,E01009452
B14 6ES,E01008971,E05011124,Birmingham,E01008971
B7 4HU,E01009204,E05011155,Birmingham,E01009204
B14 6RY,E01008966,E05011130,Birmingham,E01008966
B15 2LR,E01008994,E05011134,Birmingham,E01008994
B1 3AP,E01034951,E05011168,Birmingham,E01034951
B73 6QN,E01009467,E05011179,Birmingham,E01009467
B11 2HT,E01034952,E05011170,Birmingham,E01034952
B75 7RZ,E01009446,E05011176,Birmingham,E01009446
B31 3AT,E01009210,E05011152,Birmingham,E01009210
B16 9JB,E01008986,E05011157,Birmingham,E01008986
B9 5UR,E01009475,E05011145,Birmingham,E01009475
B10 9BU,E01009343,E05011167,Birmingham,E01009343
B19 2HS,E01008909,E05011156,Birmingham,E01008909
B13 0DE,E01008934,E05011124,Birmingham,E01008934
B13 9SX,E01009187,E05011154,Birmingham,E01009187
B24 9RA,E01009104,E05011162,Birmingham,E01009104
B20 3HQ,E01009058,E05011121,Birmingham,E01009058
B20 3AH,E01034918,E05011121,Birmingham,E01034918
B13 9HH,E01009390,E05011154,Birmingham,E01009390
B5 6AW,E01033615,E05011126,Birmingham,E01033615
B19 3UN,E01034929,E05011156,Birmingham,E01034929
B44 8AL,E01009232,E05011150,Birmingham,E01009232
B14 4EA,E01008941,E05011124,Birmingham,E01008941
B33 8AD,E01009507,E05011186,Birmingham,E01009507
B23 5ES,E01009404,E05011161,Birmingham,E01009404
B13 9DS,E01009390,E05011154,Birmingham,E01009390
B14 4HJ,E01008940,E05011124,Birmingham,E01008940
B5 6AF,E01033615,E05011126,Birmingham,E01033615
B26 2UT,E01009323,E05011166,Birmingham,E01009323
B25 8FF,E01008887,E05011169,Birmingham,E01008887
B21 0SN,E01034921,E05011168,Birmingham,E01034921
B37 6NF,E01009297,E05011138,Birmingham,E01009297
B72 1ND,E01009449,E05011178,Birmingham,E01009449
B16 9RJ,E01008988,E05011157,Birmingham,E01008988
B26 2US,E01009312,E05011166,Birmingham,E01009312
B26 2AB,E01009518,E05011185,Birmingham,E01009518
B18 5QQ,E01009347,E05011168,Birmingham,E01009347
B27 7HX,E01009025,E05011118,Birmingham,E01009025
B73 5HN,E01009462,E05011179,Birmingham,E01009462
B31 1LH,E01009496,E05011119,Birmingham,E01009496
B25 8YN,E01009518,E05011185,Birmingham,E01009518
B75 7TZ,E01009446,E05011177,Birmingham,E01009446
B21 9QU,E01009275,E05011147,Birmingham,E01009275
B9 5JA,E01009341,E05011145,Birmingham,E01009341
B15 2DA,E01033624,E05011151,Birmingham,E01033624
B75 6TA,E01009431,E05011175,Birmingham,E01009431
B14 6BX,E01008974,E05011130,Birmingham,E01008974
B73 5AW,E01009473,E05011179,Birmingham,E01009473
B13 0HP,E01008932,E05011124,Birmingham,E01008932
B32 2HD,E01009070,E05011144,Birmingham,E01009070
B27 6DT,E01008894,E05011118,Birmingham,E01008894
B17 8JT,E01009139,E05011157,Birmingham,E01009139
B19 1HD,E01009048,E05011153,Birmingham,E01009048
B20 2HD,E01009270,E05011142,Birmingham,E01009270
B20 1DW,E01009264,E05011143,Birmingham,E01009264
B23 7EQ,E01009126,E05011173,Birmingham,E01009126
B13 9BY,E01009390,E05011154,Birmingham,E01009390
B21 9DF,E01009353,E05011142,Birmingham,E01009353
B36 8BQ,E01009083,E05011131,Birmingham,E01009083
B13 9EJ,E01009184,E05011154,Birmingham,E01009184
B26 2LA,E01009520,E05011185,Birmingham,E01009520
B28 0NS,E01009036,E05011141,Birmingham,E01009036
B8 3QR,E01009484,E05011120,Birmingham,E01009484
B75 7LX,E01009445,E05011176,Birmingham,E01009445
B20 3AT,E01009054,E05011121,Birmingham,E01009054
B18 6EN,E01033559,E05011156,Birmingham,E01033559
B6 5EU,E01034923,E05011121,Birmingham,E01034923
B73 5DL,E01009473,E05011179,Birmingham,E01009473
B8 3JX,E01009489,E05011120,Birmingham,E01009489
B21 0RY,E01034921,E05011168,Birmingham,E01034921
B32 2QP,E01009254,E05011163,Birmingham,E01009254
B15 2BE,E01033626,E05011151,Birmingham,E01033626
B17 8AL,E01009260,E05011163,Birmingham,E01009260
B34 6HQ,E01009091,E05011138,Birmingham,E01009091
B34 7RL,E01009304,E05011165,Birmingham,E01009304
B34 7AE,E01009306,E05011165,Birmingham,E01009306
B32 2NS,E01009074,E05011144,Birmingham,E01009074
B20 1DR,E01009279,E05011143,Birmingham,E01009279
B21 9DE,E01009353,E05011142,Birmingham,E01009353
B4 7DZ,E01033561,E05011155,Birmingham,E01033561
B17 0QA,E01009078,E05011144,Birmingham,E01009078
B29 7BL,E01009288,E05011128,Birmingham,E01009288
B8 2AN,E01009090,E05011131,Birmingham,E01009090
B31 4QT,E01009168,E05011152,Birmingham,E01009168
B45 0JZ,E01009174,E05011136,Birmingham,E01009174
B13 9DH,E01009390,E05011154,Birmingham,E01009390
B14 7QW,E01009177,E05011130,Birmingham,E01009177
B13 9YB,E01009394,E05011154,Birmingham,E01009394
B8 3QT,E01009484,E05011120,Birmingham,E01009484
B8 3QS,E01009484,E05011120,Birmingham,E01009484
B6 7AN,E01008915,E05011121,Birmingham,E01008915
B38 9RE,E01009110,E05011149,Birmingham,E01009110
B29 7AL,E01034941,E05011128,Birmingham,E01034941
B12 9QS,E01009376,E05011122,Birmingham,E01009376
B15 1NQ,E01009146,E05011151,Birmingham,E01009146
B16 9DU,E01008987,E05011151,Birmingham,E01008987
B75 6BU,E01009428,E05011178,Birmingham,E01009428
B31 2GF,E01034944,E05011152,Birmingham,E01034944
B75 5DP,E01009425,E05011175,Birmingham,E01009425
B12 0PN,E01034946,E05011126,Birmingham,E01034946
B16 8AG,E01033627,E05011151,Birmingham,E01033627
B42 2TZ,E01009239,E05011160,Birmingham,E01009239
B34 7RJ,E01009310,E05011165,Birmingham,E01009310
B29 4AL,E01009294,E05011184,Birmingham,E01009294
B6 6LB,E01009061,E05011121,Birmingham,E01009061
B17 8HY,E01009138,E05011157,Birmingham,E01009138
B4 6FJ,E01033617,E05011151,Birmingham,E01033617
B33 9HF,E01009095,E05011138,Birmingham,E01009095
B17 0AL,E01009071,E05011144,Birmingham,E01009071
B24 8AF,E01009000,E05011139,Birmingham,E01009000
B33 0EH,E01009299,E05011138,Birmingham,E01009299
B30 3QY,E01008973,E05011133,Birmingham,E01008973
B19 1QS,E01008905,E05011153,Birmingham,E01008905
B14 5AD,E01008974,E05011133,Birmingham,E01008974
B30 3QW,E01008977,E05011133,Birmingham,E01008977
B34 7LR,E01009308,E05011165,Birmingham,E01009308
B31 2NA,E01009205,E05011158,Birmingham,E01009205
B12 9ND,E01034938,E05011122,Birmingham,E01034938
B11 4LX,E01009382,E05011171,Birmingham,E01009382
B12 0RY,E01034946,E05011126,Birmingham,E01034946
B42 2DP,E01009236,E05011160,Birmingham,E01009236
B13 8QL,E01009186,E05011154,Birmingham,E01009186
B19 1RW,E01009062,E05011153,Birmingham,E01009062
B19 2SQ,E01008913,E05011156,Birmingham,E01008913
B15 3UG,E01008990,E05011134,Birmingham,E01008990
B23 6HX,E01009407,E05011173,Birmingham,E01009407
B15 2LG,E01034936,E05011134,Birmingham,E01034936
B32 2UH,E01009258,E05011163,Birmingham,E01009258
B75 7SS,E01009446,E05011177,Birmingham,E01009446
B74 2TX,E01009431,E05011175,Birmingham,E01009431
B7 5HU,E01009201,E05011155,Birmingham,E01009201
B17 0EU,E01009068,E05011144,Birmingham,E01009068
B14 6DT,E01008968,E05011124,Birmingham,E01008968
B42 2EX,E01009239,E05011160,Birmingham,E01009239
B30 3NY,E01008974,E05011133,Birmingham,E01008974
B26 3XX,E01009317,E05011166,Birmingham,E01009317
B7 5NL,E01009201,E05011155,Birmingham,E01009201
B31 2JA,E01009205,E05011158,Birmingham,E01009205
B38 9DU,E01009107,E05011149,Birmingham,E01009107
B23 7BS,E01009408,E05011173,Birmingham,E01009408
B3 1BG,E01033622,E05011168,Birmingham,E01033622
B33 8EG,E01009510,E05011185,Birmingham,E01009510
B18 5NH,E01009358,E05011168,Birmingham,E01009358
B13 9LT,E01009045,E05011171,Birmingham,E01009045
B34 6QN,E01009309,E05011165,Birmingham,E01009309
B36 8PL,E01009079,E05011131,Birmingham,E01009079
B17 8EJ,E01009138,E05011157,Birmingham,E01009138
B8 3QL,E01009485,E05011120,Birmingham,E01009485
B16 9HR,E01008988,E05011157,Birmingham,E01008988
B42 1LW,E01009237,E05011160,Birmingham,E01009237
B29 6AG,E01034940,E05011128,Birmingham,E01034940
B14 7AS,E01009188,E05011130,Birmingham,E01009188
B8 1PE,E01009484,E05011120,Birmingham,E01009484
B14 4JA,E01008944,E05011124,Birmingham,E01008944
B23 7AW,E01009406,E05011173,Birmingham,E01009406
B45 0NJ,E01009155,E05011136,Birmingham,E01009155
B31 1TP,E01008930,E05011123,Birmingham,E01008930
B14 6RL,E01008966,E05011130,Birmingham,E01008966
B26 2UA,E01009322,E05011137,Birmingham,E01009322
B33 8HE,E01009508,E05011137,Birmingham,E01009508
B29 7AE,E01034940,E05011128,Birmingham,E01034940
B23 6JU,E01009405,E05011173,Birmingham,E01009405
B33 0JG,E01009303,E05011138,Birmingham,E01009303
B8 2EJ,E01009487,E05011183,Birmingham,E01009487
B31 3SB,E01009212,E05011152,Birmingham,E01009212
B5 7SQ,E01034937,E05011134,Birmingham,E01034937
B5 7ND,E01008995,E05011122,Birmingham,E01008995
B33 8PU,E01009515,E05011186,Birmingham,E01009515
B6 7BS,E01008915,E05011121,Birmingham,E01008915
B10 9LL,E01033642,E05011167,Birmingham,E01033642
B9 5HY,E01009341,E05011145,Birmingham,E01009341
B29 6JW,E01009284,E05011129,Birmingham,E01009284
B23 5UG,E01034915,E05011135,Birmingham,E01034915
B17 8RX,E01009260,E05011163,Birmingham,E01009260
B34 7QE,E01009310,E05011165,Birmingham,E01009310
B29 5NA,E01009501,E05011184,Birmingham,E01009501
B25 8RP,E01008897,E05011186,Birmingham,E01008897
B9 4PQ,E01009199,E05011126,Birmingham,E01009199
B20 3SR,E01009048,E05011125,Birmingham,E01009048
B33 8QR,E01009509,E05011185,Birmingham,E01009509
B5 7XW,E01008995,E05011122,Birmingham,E01008995
B7 5RH,E01009201,E05011155,Birmingham,E01009201
B20 1JA,E01009279,E05011143,Birmingham,E01009279
B29 7BJ,E01034941,E05011128,Birmingham,E01034941
B28 0UH,E01009042,E05011141,Birmingham,E01009042
B30 1EQ,E01008959,E05011129,Birmingham,E01008959
B5 7QZ,E01008984,E05011134,Birmingham,E01008984
B7 5NN,E01009201,E05011155,Birmingham,E01009201
B19 1PP,E01008907,E05011153,Birmingham,E01008907
B45 9SH,E01009160,E05011164,Birmingham,E01009160
B8 2LG,E01009487,E05011183,Birmingham,E01009487
B1 2EL,E01033622,E05011151,Birmingham,E01033622
B15 2EG,E01033640,E05011151,Birmingham,E01033640
B18 4HH,E01009152,E05011157,Birmingham,E01009152
B31 5NU,E01009173,E05011119,Birmingham,E01009173
B75 6DB,E01009428,E05011178,Birmingham,E01009428
B44 0UR,E01009128,E05011150,Birmingham,E01009128
B38 9PD,E01009109,E05011149,Birmingham,E01009109
B23 5PZ,E01009002,E05011135,Birmingham,E01009002
B26 3AJ,E01009314,E05011166,Birmingham,E01009314
B13 8RF,E01009183,E05011154,Birmingham,E01009183
B27 7TY,E01009029,E05011182,Birmingham,E01009029
B30 3LB,E01008977,E05011148,Birmingham,E01008977
B21 8DB,E01009271,E05011147,Birmingham,E01009271
B76 2UZ,E01009455,E05011180,Birmingham,E01009455
B23 7QR,E01033646,E05011139,Birmingham,E01033646
B6 7DR,E01008915,E05011121,Birmingham,E01008915
B25 8NT,E01008882,E05011182,Birmingham,E01008882
B14 5BA,E01008974,E05011133,Birmingham,E01008974
B44 0JT,E01009128,E05011150,Birmingham,E01009128
B44 9JB,E01009222,E05011159,Birmingham,E01009222
B76 1BQ,E01009451,E05011176,Birmingham,E01009451
B9 5ES,E01009333,E05011127,Birmingham,E01009333
B20 3PU,E01009059,E05011125,Birmingham,E01009059
B15 2UU,E01008997,E05011134,Birmingham,E01008997
B31 3QW,E01009216,E05011152,Birmingham,E01009216
B23 6NL,E01009407,E05011135,Birmingham,E01009407
B33 8AL,E01009507,E05011186,Birmingham,E01009507
B14 5BZ,E01008946,E05011146,Birmingham,E01008946
B23 7XF,E01009124,E05011173,Birmingham,E01009124
B33 9UE,E01009300,E05011138,Birmingham,E01009300
B32 3BH,E01008919,E05011123,Birmingham,E01008919
B21 8BD,E01009273,E05011147,Birmingham,E01009273
B25 8AX,E01008883,E05011182,Birmingham,E01008883
B33 0YR,E01009303,E05011138,Birmingham,E01009303
B38 0AJ,E01009120,E05011149,Birmingham,E01009120
B27 7NA,E01009018,E05011118,Birmingham,E01009018
B24 0AQ,E01009003,E05011135,Birmingham,E01009003
B23 5DE,E01009136,E05011161,Birmingham,E01009136
B38 9BB,E01009110,E05011149,Birmingham,E01009110
B1 1DW,E01033616,E05011151,Birmingham,E01033616
B17 9EY,E01009069,E05011144,Birmingham,E01009069
B30 2XH,E01009296,E05011128,Birmingham,E01009296
B11 4AD,E01009396,E05011171,Birmingham,E01009396
B19 2JU,E01008911,E05011156,Birmingham,E01008911
B15 2LX,E01008994,E05011134,Birmingham,E01008994
B5 4TL,E01033567,E05011126,Birmingham,E01033567
B24 0EY,E01009009,E05011162,Birmingham,E01009009
B4 6GG,E01033617,E05011151,Birmingham,E01033617
B3 3DJ,E01033625,E05011151,Birmingham,E01033625
B2 4BB,E01033620,E05011151,Birmingham,E01033620
B15 1EB,E01009146,E05011151,Birmingham,E01009146
B4 6DR,E01033617,E05011151,Birmingham,E01033617
B44 0HE,E01009123,E05011161,Birmingham,E01009123
B26 3YH,E01009314,E05011166,Birmingham,E01009314
B21 9AX,E01009352,E05011142,Birmingham,E01009352
B24 9AJ,E01009013,E05011135,Birmingham,E01009013
B30 1LZ,E01008950,E05011129,Birmingham,E01008950
B13 0HB,E01008937,E05011124,Birmingham,E01008937
B12 9PU,E01034939,E05011122,Birmingham,E01034939
B9 5LL,E01034935,E05011126,Birmingham,E01034935
B31 1RS,E01009498,E05011119,Birmingham,E01009498
B13 9TD,E01009188,E05011154,Birmingham,E01009188
B24 9JB,E01034916,E05011135,Birmingham,E01034916
B75 7SE,E01009432,E05011176,Birmingham,E01009432
B26 2RY,E01009322,E05011137,Birmingham,E01009322
B18 6BX,E01033559,E05011168,Birmingham,E01033559
B74 4JJ,E01009419,E05011174,Birmingham,E01009419
B11 4NJ,E01009382,E05011171,Birmingham,E01009382
B20 3TQ,E01009048,E05011125,Birmingham,E01009048
B11 4DA,E01009393,E05011171,Birmingham,E01009393
B13 9LH,E01009395,E05011171,Birmingham,E01009395
B18 4DJ,E01009346,E05011157,Birmingham,E01009346
B74 4JH,E01009419,E05011174,Birmingham,E01009419
B14 5NU,E01008980,E05011133,Birmingham,E01008980
B16 8GZ,E01033618,E05011151,Birmingham,E01033618
B34 6UB,E01009306,E05011165,Birmingham,E01009306
B44 9TF,E01009134,E05011150,Birmingham,E01009134
B17 0DE,E01009071,E05011144,Birmingham,E01009071
B8 3BP,E01009195,E05011120,Birmingham,E01009195
B31 2QW,E01009209,E05011158,Birmingham,E01009209
B6 6RS,E01008916,E05011121,Birmingham,E01008916
B33 9FD,E01009095,E05011138,Birmingham,E01009095
B16 8WY,E01009143,E05011151,Birmingham,E01009143
B15 1BD,E01034948,E05011151,Birmingham,E01034948
B12 0QF,E01034947,E05011126,Birmingham,E01034947
B23 7UW,E01009124,E05011173,Birmingham,E01009124
B8 3RU,E01009475,E05011138,Birmingham,E01009475
B36 8TU,,,,
B14 4LS,E01008945,E05011146,Birmingham,E01008945
B13 9DE,E01009394,E05011154,Birmingham,E01009394
B36 8TT,,,,
B14 6NW,E01008973,E05011130,Birmingham,E01008973
B25 8LY,E01008887,E05011169,Birmingham,E01008887
B32 1JG,E01009251,E05011163,Birmingham,E01009251
B73 5NF,E01009462,E05011181,Birmingham,E01009462
B28 0TW,E01009042,E05011141,Birmingham,E01009042
B73 5JJ,E01009462,E05011181,Birmingham,E01009462
B28 8PJ,E01009023,E05011118,Birmingham,E01009023
B8 1RW,E01009482,E05011120,Birmingham,E01009482
B28 9AR,E01009030,E05011140,Birmingham,E01009030
B32 2SE,E01009255,E05011163,Birmingham,E01009255
B24 0AJ,E01009008,E05011135,Birmingham,E01009008
B10 0LF,E01009379,E05011127,Birmingham,E01009379
B31 4SP,E01009216,E05011152,Birmingham,E01009216
B14 7BT,E01009178,E05011130,Birmingham,E01009178
B15 3RY,E01008992,E05011134,Birmingham,E01008992
B29 4HN,E01009496,E05011184,Birmingham,E01009496
B19 1RR,E01009047,E05011153,Birmingham,E01009047
B23 7BQ,E01009413,E05011139,Birmingham,E01009413
B73 5FU,E01009458,E05011179,Birmingham,E01009458
B18 6FJ,E01033559,E05011168,Birmingham,E01033559
B1 2BQ,E01033622,E05011151,Birmingham,E01033622
B29 5SW,E01009064,E05011184,Birmingham,E01009064
B15 3UP,E01008989,E05011134,Birmingham,E01008989
B16 0JR,E01009151,E05011157,Birmingham,E01009151
B17 0NY,E01033562,E05011144,Birmingham,E01033562
B16 9DR,E01008987,E05011151,Birmingham,E01008987
B29 6TS,E01009078,E05011184,Birmingham,E01009078
B25 8BH,E01008883,E05011182,Birmingham,E01008883
B74 4AG,E01009422,E05011174,Birmingham,E01009422
B31 1RR,E01009499,E05011119,Birmingham,E01009499
B76 9RB,E01009441,E05011180,Birmingham,E01009441
B75 5QP,E01009416,E05011175,Birmingham,E01009416
B17 0ES,E01009068,E05011144,Birmingham,E01009068
B32 1EZ,E01009251,E05011163,Birmingham,E01009251
B76 2PT,E01009434,E05011180,Birmingham,E01009434
B14 4PH,E01008946,E05011146,Birmingham,E01008946
B14 7RR,E01009177,E05011130,Birmingham,E01009177
B5 4TD,E01033615,E05011126,Birmingham,E01033615
B17 8DP,E01009147,E05011157,Birmingham,E01009147
B16 8RT,E01009143,E05011151,Birmingham,E01009143
B15 2DX,E01033626,E05011151,Birmingham,E01033626
B30 1HH,E01008956,E05011129,Birmingham,E01008956
B42 2HQ,E01009247,E05011160,Birmingham,E01009247
B31 3NN,E01009217,E05011152,Birmingham,E01009217
B23 7LX,E01009412,E05011173,Birmingham,E01009412
B33 0HT,E01009302,E05011138,Birmingham,E01009302
B24 8AN,E01009000,E05011139,Birmingham,E01009000
B7 4JT,E01009204,E05011155,Birmingham,E01009204
B26 3RP,E01009318,E05011166,Birmingham,E01009318
B35 7JX,E01009097,E05011132,Birmingham,E01009097
B73 5QJ,E01009466,E05011179,Birmingham,E01009466
B21 8JE,E01009272,E05011143,Birmingham,E01009272
B44 9QG,E01009233,E05011159,Birmingham,E01009233
B28 0UU,E01009041,E05011141,Birmingham,E01009041
B23 7RD,E01009414,E05011173,Birmingham,E01009414
B24 8QY,E01008999,E05011139,Birmingham,E01008999
B12 0TQ,E01009364,E05011126,Birmingham,E01009364
B42 2UE,E01009239,E05011160,Birmingham,E01009239
B5 4SG,E01033615,E05011126,Birmingham,E01033615
B29 6GA,E01009284,E05011129,Birmingham,E01009284
B18 5RD,E01009360,E05011168,Birmingham,E01009360
B34 6LN,E01009088,E05011131,Birmingham,E01009088
B26 1PS,E01009312,E05011166,Birmingham,E01009312
B12 0AH,E01034947,E05011126,Birmingham,E01034947
B32 2JX,E01009074,E05011144,Birmingham,E01009074
B25 8SW,E01008896,E05011186,Birmingham,E01008896
B14 4UH,E01008940,E05011124,Birmingham,E01008940
B16 8JW,E01034949,E05011151,Birmingham,E01034949
B14 5HF,E01008976,E05011133,Birmingham,E01008976
B42 2QJ,E01009244,E05011159,Birmingham,E01009244
B75 7SD,E01009446,E05011176,Birmingham,E01009446
B45 0JW,E01009174,E05011136,Birmingham,E01009174
B26 1HR,E01008888,E05011169,Birmingham,E01008888
B27 6LR,E01008890,E05011118,Birmingham,E01008890
B20 3AU,E01009054,E05011121,Birmingham,E01009054
B21 0DE,E01009351,E05011147,Birmingham,E01009351
B28 0RS,E01009040,E05011141,Birmingham,E01009040
B18 4QR,E01009359,E05011168,Birmingham,E01009359
B5 7QY,E01008982,E05011134,Birmingham,E01008982
B12 0BE,E01034946,E05011126,Birmingham,E01034946
B44 0SL,E01009129,E05011150,Birmingham,E01009129
B31 3TE,E01009210,E05011152,Birmingham,E01009210
B31 5RD,E01009172,E05011119,Birmingham,E01009172
B16 0QE,E01009145,E05011157,Birmingham,E01009145
B24 9ER,E01034916,E05011135,Birmingham,E01034916
B74 2PJ,E01009424,E05011178,Birmingham,E01009424
B9 5EJ,E01009344,E05011127,Birmingham,E01009344
B30 1PS,E01008950,E05011129,Birmingham,E01008950
B25 8EP,E01008887,E05011182,Birmingham,E01008887
B32 2PL,E01009073,E05011144,Birmingham,E01009073
B35 6QP,E01009099,E05011132,Birmingham,E01009099
B38 9JA,E01009110,E05011149,Birmingham,E01009110
B9 5PD,E01009197,E05011145,Birmingham,E01009197
B44 0LG,E01009130,E05011150,Birmingham,E01009130
B32 3UW,E01008921,E05011123,Birmingham,E01008921
B33 8UH,E01009509,E05011186,Birmingham,E01009509
B8 3PA,E01009488,E05011120,Birmingham,E01009488
B17 0BE,E01009071,E05011144,Birmingham,E01009071
B27 7UN,E01009018,E05011118,Birmingham,E01009018
B27 6NP,E01008895,E05011118,Birmingham,E01008895
B32 3RX,E01008918,E05011123,Birmingham,E01008918
B15 2EE,E01033624,E05011151,Birmingham,E01033624
B21 9JU,E01009270,E05011142,Birmingham,E01009270
B18 6BF,E01033559,E05011168,Birmingham,E01033559
B31 5LR,E01009207,E05011119,Birmingham,E01009207
B10 0QT,E01009379,E05011127,Birmingham,E01009379
B18 7AR,E01009153,E05011157,Birmingham,E01009153
B27 7AZ,E01009015,E05011118,Birmingham,E01009015
B44 9JA,E01009222,E05011159,Birmingham,E01009222
B1 1JW,E01033557,E05011151,Birmingham,E01033557
B75 7RE,E01009445,E05011176,Birmingham,E01009445
B17 9RU,E01009072,E05011144,Birmingham,E01009072
B13 8JN,E01009186,E05011154,Birmingham,E01009186
B29 7HD,E01009283,E05011128,Birmingham,E01009283
B33 0DL,E01009299,E05011138,Birmingham,E01009299
B16 8HQ,E01034948,E05011151,Birmingham,E01034948
B14 6TG,E01008970,E05011130,Birmingham,E01008970
B23 5QU,E01009001,E05011135,Birmingham,E01009001
B15 3JJ,E01008990,E05011134,Birmingham,E01008990
B17 9LY,E01009068,E05011144,Birmingham,E01009068
B23 7LE,E01009412,E05011173,Birmingham,E01009412
B11 3NB,E01033643,E05011171,Birmingham,E01033643
B31 2RA,E01009206,E05011158,Birmingham,E01009206
B9 5JE,E01009326,E05011145,Birmingham,E01009326
B31 2LJ,E01009219,E05011158,Birmingham,E01009219
B23 5QQ,E01009460,E05011135,Birmingham,E01009460
B12 0XU,E01009362,E05011126,Birmingham,E01009362
B23 5DP,E01009406,E05011161,Birmingham,E01009406
B76 1EP,E01009439,E05011180,Birmingham,E01009439
B3 1QA,E01033623,E05011168,Birmingham,E01033623
B1 1GE,E01033616,E05011151,Birmingham,E01033616
B75 7DN,E01009446,E05011177,Birmingham,E01009446
B5 7EL,E01033640,E05011126,Birmingham,E01033640
B32 2LY,E01009073,E05011144,Birmingham,E01009073
B16 8HW,E01034948,E05011151,Birmingham,E01034948
B73 5AE,E01009473,E05011179,Birmingham,E01009473
B17 0SY,E01009072,E05011144,Birmingham,E01009072
B33 9RU,E01009298,E05011138,Birmingham,E01009298
B9 4LJ,E01009200,E05011126,Birmingham,E01009200
B14 4JB,E01008944,E05011124,Birmingham,E01008944
B6 6LR,E01009058,E05011121,Birmingham,E01009058
B10 0NY,E01009379,E05011127,Birmingham,E01009379
B30 3AA,E01008953,E05011172,Birmingham,E01008953
B31 2DY,E01009218,E05011158,Birmingham,E01009218
B44 9QH,E01009233,E05011159,Birmingham,E01009233
B32 2HT,E01009070,E05011144,Birmingham,E01009070
B14 5DN,E01008948,E05011146,Birmingham,E01008948
B16 0NW,E01009145,E05011157,Birmingham,E01009145
B16 8RU,E01009143,E05011151,Birmingham,E01009143
B21 8DD,E01009271,E05011147,Birmingham,E01009271
B25 8EE,E01008883,E05011169,Birmingham,E01008883
B6 5UG,E01008901,E05011155,Birmingham,E01008901
B1 1TW,E01033625,E05011151,Birmingham,E01033625
B42 2HR,E01009243,E05011160,Birmingham,E01009243
B17 0JD,E01009075,E05011144,Birmingham,E01009075
B14 4BL,E01008939,E05011124,Birmingham,E01008939
B18 5QL,E01009347,E05011168,Birmingham,E01009347
B44 8DP,E01009239,E05011160,Birmingham,E01009239
B44 8LD,E01009230,E05011150,Birmingham,E01009230
B11 4LQ,E01009383,E05011171,Birmingham,E01009383
B10 9TE,E01009335,E05011167,Birmingham,E01009335
B8 3NE,E01009488,E05011120,Birmingham,E01009488
B32 2ND,E01009073,E05011144,Birmingham,E01009073
B5 5JL,E01033617,E05011155,Birmingham,E01033617
B28 8NS,E01009022,E05011118,Birmingham,E01009022
B19 1RA,E01008905,E05011153,Birmingham,E01008905
B19 1HB,E01009048,E05011153,Birmingham,E01009048
B36 8LB,E01009084,E05011131,Birmingham,E01009084
B8 1PJ,E01009482,E05011120,Birmingham,E01009482
B13 8BB,E01009384,E05011154,Birmingham,E01009384
B62 0HG,E01008921,E05011123,Birmingham,E01008921
B20 3LD,E01034918,E05011125,Birmingham,E01034918
B36 8PJ,E01009081,E05011131,Birmingham,E01009081
B29 5AJ,E01009294,E05011184,Birmingham,E01009294
B34 6PT,E01009307,E05011165,Birmingham,E01009307
B75 6QH,E01009426,E05011177,Birmingham,E01009426
B11 3HS,E01009029,E05011182,Birmingham,E01009029
B7 5NS,E01009201,E05011155,Birmingham,E01009201
B1 2UJ,E01009141,E05011151,Birmingham,E01009141
B31 5NL,E01009158,E05011136,Birmingham,E01009158
B16 8RX,E01009143,E05011151,Birmingham,E01009143
B42 2RY,E01009248,E05011159,Birmingham,E01009248
B36 8PA,E01009081,E05011131,Birmingham,E01009081
B23 6PY,E01009007,E05011135,Birmingham,E01009007
B11 4LG,E01009396,E05011171,Birmingham,E01009396
B16 8LE,E01009143,E05011151,Birmingham,E01009143
B19 3AA,,,,
B23 5UF,E01034915,E05011135,Birmingham,E01034915
B11 3NS,E01033643,E05011171,Birmingham,E01033643
B31 4TS,E01009216,E05011152,Birmingham,E01009216
B5 7RT,E01008982,E05011134,Birmingham,E01008982
B13 8BT,E01009384,E05011154,Birmingham,E01009384
B29 6EB,E01009289,E05011128,Birmingham,E01009289
B11 2ER,E01009028,E05011118,Birmingham,E01009028
B15 2NY,E01008995,E05011134,Birmingham,E01008995
B26 3XF,E01009317,E05011166,Birmingham,E01009317
B76 1XU,E01009443,E05011180,Birmingham,E01009443
B38 8RH,E01009119,E05011149,Birmingham,E01009119
B42 1QY,E01009240,E05011160,Birmingham,E01009240
B23 7XH,E01009124,E05011173,Birmingham,E01009124
B15 2EB,E01033626,E05011151,Birmingham,E01033626
B14 4AW,E01008969,E05011124,Birmingham,E01008969
B27 6ES,E01008889,E05011118,Birmingham,E01008889
B42 1EL,E01009245,E05011160,Birmingham,E01009245
B12 0PS,E01034946,E05011126,Birmingham,E01034946
B6 6HG,E01008916,E05011121,Birmingham,E01008916
B23 7XQ,E01009124,E05011173,Birmingham,E01009124
B12 0YY,E01009364,E05011126,Birmingham,E01009364
B18 6RU,E01033559,E05011168,Birmingham,E01033559
B27 6QA,E01008894,E05011118,Birmingham,E01008894
B42 2DS,E01009234,E05011160,Birmingham,E01009234
B1 2PL,E01033627,E05011151,Birmingham,E01033627
B15 3EF,E01008988,E05011134,Birmingham,E01008988
B23 5DR,E01009406,E05011161,Birmingham,E01009406
B5 6FD,E01033640,E05011126,Birmingham,E01033640
B5 6BY,E01033567,E05011126,Birmingham,E01033567
B33 8LD,E01009511,E05011137,Birmingham,E01009511
B36 8RA,E01009081,E05011131,Birmingham,E01009081
B1 1TB,E01033625,E05011151,Birmingham,E01033625
B24 9RU,E01009104,E05011162,Birmingham,E01009104
B76 2XA,E01009455,E05011180,Birmingham,E01009455
B44 0DA,E01009134,E05011150,Birmingham,E01009134
B15 1EL,E01009146,E05011151,Birmingham,E01009146
B45 0LR,E01009155,E05011136,Birmingham,E01009155
B20 3NA,E01034917,E05011125,Birmingham,E01034917
B38 9HS,E01009109,E05011149,Birmingham,E01009109
B23 5JN,E01009406,E05011161,Birmingham,E01009406
B14 7DT,E01009189,E05011154,Birmingham,E01009189
B31 5PH,E01009173,E05011119,Birmingham,E01009173
B4 7AS,E01033617,E05011156,Birmingham,E01033617
B8 2TN,E01009487,E05011183,Birmingham,E01009487
B23 7HR,E01009123,E05011173,Birmingham,E01009123
B15 3HA,E01008990,E05011134,Birmingham,E01008990
B33 9SG,E01009299,E05011138,Birmingham,E01009299
B15 1HF,E01009146,E05011151,Birmingham,E01009146
B34 6SE,E01009307,E05011165,Birmingham,E01009307
B9 5XJ,E01009343,E05011145,Birmingham,E01009343
B8 2DL,E01009480,E05011183,Birmingham,E01009480
B24 0BE,E01009003,E05011135,Birmingham,E01009003
B75 6PR,E01009426,E05011177,Birmingham,E01009426
B36 8JQ,E01009085,E05011131,Birmingham,E01009085
B24 8RB,E01009013,E05011139,Birmingham,E01009013
B34 7LA,E01009308,E05011165,Birmingham,E01009308
B11 3BN,E01009017,E05011140,Birmingham,E01009017
B15 2PQ,E01033562,E05011134,Birmingham,E01033562
B31 5HA,E01034942,E05011136,Birmingham,E01034942
B32 2JU,E01009074,E05011144,Birmingham,E01009074
B8 3AH,E01009195,E05011120,Birmingham,E01009195
B23 7WQ,E01009410,E05011173,Birmingham,E01009410
B8 3NT,E01009492,E05011120,Birmingham,E01009492
B32 3RY,E01008918,E05011123,Birmingham,E01008918
B15 2DF,E01033626,E05011151,Birmingham,E01033626
B75 7LG,E01009448,E05011176,Birmingham,E01009448
B5 5JN,E01033617,E05011155,Birmingham,E01033617
B75 6DG,E01009430,E05011178,Birmingham,E01009430
B25 8JX,E01008887,E05011169,Birmingham,E01008887
B45 9NH,E01009167,E05011164,Birmingham,E01009167
B45 9WA,E01009159,E05011136,Birmingham,E01009159
B16 0HG,E01009152,E05011157,Birmingham,E01009152
B33 9JG,E01009092,E05011138,Birmingham,E01009092
B9 4JD,E01009200,E05011126,Birmingham,E01009200
B8 2XF,E01009479,E05011183,Birmingham,E01009479
B10 0SU,E01009380,E05011127,Birmingham,E01009380
B31 4QJ,E01009170,E05011152,Birmingham,E01009170
B10 9HX,E01033642,E05011167,Birmingham,E01033642
B26 2UB,E01009314,E05011137,Birmingham,E01009314
B38 0AZ,E01009109,E05011149,Birmingham,E01009109
B19 1AY,E01009358,E05011168,Birmingham,E01009358
B11 1TL,E01009373,E05011170,Birmingham,E01009373
B1 3AY,E01034950,E05011168,Birmingham,E01034950
B5 6AN,E01033615,E05011126,Birmingham,E01033615
B31 5JB,E01009158,E05011136,Birmingham,E01009158
B13 0LQ,E01008938,E05011124,Birmingham,E01008938
B1 3JR,E01033623,E05011168,Birmingham,E01033623
B13 8BJ,E01009384,E05011154,Birmingham,E01009384
B25 8DS,E01008882,E05011182,Birmingham,E01008882
B13 9JU,E01009185,E05011154,Birmingham,E01009185
B26 2ES,E01009517,E05011137,Birmingham,E01009517
B15 1DR,E01009146,E05011151,Birmingham,E01009146
B15 1DH,E01009146,E05011151,Birmingham,E01009146
B27 7JB,E01009019,E05011118,Birmingham,E01009019
B12 0SU,E01034947,E05011126,Birmingham,E01034947
B16 8FT,E01033564,E05011151,Birmingham,E01033564
B5 6EW,E01033615,E05011126,Birmingham,E01033615
B12 9TB,E01009366,E05011122,Birmingham,E01009366
B10 0JF,E01009337,E05011167,Birmingham,E01009337
B72 1DG,E01009463,E05011181,Birmingham,E01009463
B8 2JT,E01009487,E05011183,Birmingham,E01009487
B75 5TJ,E01009416,E05011177,Birmingham,E01009416
B75 7RH,E01009447,E05011176,Birmingham,E01009447
B32 2RQ,E01009255,E05011163,Birmingham,E01009255
B31 5QA,E01009172,E05011119,Birmingham,E01009172
B10 9LE,E01009325,E05011167,Birmingham,E01009325
B28 0DE,E01009037,E05011141,Birmingham,E01009037
B6 5HA,E01034923,E05011121,Birmingham,E01034923
B38 9TX,E01009114,E05011149,Birmingham,E01009114
B27 6LQ,E01008893,E05011118,Birmingham,E01008893
B21 0AT,E01009349,E05011147,Birmingham,E01009349
B30 1AP,E01008959,E05011129,Birmingham,E01008959
B34 6HH,E01009091,E05011131,Birmingham,E01009091
B23 6HE,E01009408,E05011173,Birmingham,E01009408
B26 3LG,E01009319,E05011166,Birmingham,E01009319
B7 5BS,E01034928,E05011155,Birmingham,E01034928
B20 1BS,E01009278,E05011143,Birmingham,E01009278
B14 5YF,E01008979,E05011133,Birmingham,E01008979
B13 0RB,E01008936,E05011124,Birmingham,E01008936
B1 1UE,E01033616,E05011151,Birmingham,E01033616
B74 4XH,E01009433,E05011175,Birmingham,E01009433
B17 0EE,E01009069,E05011144,Birmingham,E01009069
B19 2QB,E01008913,E05011156,Birmingham,E01008913
B6 5ES,E01034926,E05011121,Birmingham,E01034926
B44 8AN,E01009232,E05011150,Birmingham,E01009232
B28 9LF,E01009035,E05011140,Birmingham,E01009035
B26 1EE,E01008891,E05011169,Birmingham,E01008891
B44 0SP,E01009127,E05011150,Birmingham,E01009127
B74 4LT,E01009419,E05011175,Birmingham,E01009419
B20 2DW,E01009263,E05011143,Birmingham,E01009263
B17 8DR,E01009147,E05011157,Birmingham,E01009147
B18 5RT,E01009360,E05011168,Birmingham,E01009360
B13 9UG,E01009189,E05011154,Birmingham,E01009189
B14 6JA,E01008970,E05011130,Birmingham,E01008970
B14 7EN,E01009175,E05011130,Birmingham,E01009175
B17 0SE,E01009078,E05011144,Birmingham,E01009078
B12 9NH,E01034938,E05011122,Birmingham,E01034938
B19 3UY,E01034929,E05011156,Birmingham,E01034929
B23 7XG,E01009124,E05011173,Birmingham,E01009124
B29 5XD,E01009500,E05011184,Birmingham,E01009500
B16 0EP,E01009153,E05011157,Birmingham,E01009153
B12 9PJ,E01009182,E05011154,Birmingham,E01009182
B20 3NJ,E01009050,E05011125,Birmingham,E01009050
B16 8AF,E01033627,E05011151,Birmingham,E01033627
B3 1EJ,E01033620,E05011168,Birmingham,E01033620
B76 2SS,E01009450,E05011180,Birmingham,E01009450
B21 8HJ,E01009272,E05011143,Birmingham,E01009272
B5 4TJ,E01033567,E05011126,Birmingham,E01033567
B31 5DZ,E01009158,E05011136,Birmingham,E01009158
B31 2FJ,E01009493,E05011184,Birmingham,E01009493
B44 9QB,E01009233,E05011159,Birmingham,E01009233
B17 0LY,E01009075,E05011144,Birmingham,E01009075
B17 8NP,E01009147,E05011157,Birmingham,E01009147
B44 0DD,E01009131,E05011150,Birmingham,E01009131
B13 0LN,E01008938,E05011124,Birmingham,E01008938
B42 1UJ,E01009237,E05011160,Birmingham,E01009237
B42 2AS,E01009234,E05011160,Birmingham,E01009234
B17 9AG,E01009252,E05011163,Birmingham,E01009252
B1 2AF,E01033625,E05011151,Birmingham,E01033625
B13 8QP,E01009186,E05011154,Birmingham,E01009186
B24 8QA,E01009400,E05011139,Birmingham,E01009400
B29 6JQ,E01009284,E05011129,Birmingham,E01009284
B21 0HJ,E01009354,E05011147,Birmingham,E01009354
B13 9SS,E01009187,E05011154,Birmingham,E01009187
B16 0RP,E01008986,E05011157,Birmingham,E01008986
B45 8RD,E01009169,E05011164,Birmingham,E01009169
B10 0JE,E01009337,E05011167,Birmingham,E01009337
B17 0QX,E01033562,E05011144,Birmingham,E01033562
B29 6PX,E01009291,E05011184,Birmingham,E01009291
B27 6QS,E01008889,E05011118,Birmingham,E01008889
B23 7QP,E01033646,E05011139,Birmingham,E01033646
B6 6HR,E01034919,E05011121,Birmingham,E01034919
B24 0RN,E01009100,E05011162,Birmingham,E01009100
B42 2BY,E01009246,E05011160,Birmingham,E01009246
B29 6ES,E01009290,E05011128,Birmingham,E01009290
B19 2BD,E01008906,E05011153,Birmingham,E01008906
B20 3TX,E01009049,E05011125,Birmingham,E01009049
B23 6LR,E01009006,E05011135,Birmingham,E01009006
B19 1BU,E01009355,E05011153,Birmingham,E01009355
B17 9LN,E01009069,E05011144,Birmingham,E01009069
B8 2RS,E01009086,E05011131,Birmingham,E01009086
B28 9RH,E01009033,E05011140,Birmingham,E01009033
B42 2JS,E01009248,E05011159,Birmingham,E01009248
B32 2LT,E01009074,E05011144,Birmingham,E01009074
B24 8JW,E01008998,E05011139,Birmingham,E01008998
B9 5JP,E01009341,E05011145,Birmingham,E01009341
B28 0SN,E01008944,E05011124,Birmingham,E01008944
B5 7LD,E01034947,E05011126,Birmingham,E01034947
B75 7PY,E01009448,E05011176,Birmingham,E01009448
B26 3TR,E01009315,E05011166,Birmingham,E01009315
B32 1AG,E01009250,E05011163,Birmingham,E01009250
B20 2QS,E01009048,E05011125,Birmingham,E01009048
B29 7LS,E01009288,E05011128,Birmingham,E01009288
B38 9JE,E01009109,E05011149,Birmingham,E01009109
B20 2PF,E01009263,E05011143,Birmingham,E01009263
B32 4DE,E01008928,E05011123,Birmingham,E01008928
B42 2EE,E01009246,E05011160,Birmingham,E01009246
B35 6HY,E01009096,E05011132,Birmingham,E01009096
B23 7AU,E01009123,E05011161,Birmingham,E01009123
B15 2LH,E01034936,E05011134,Birmingham,E01034936
B25 8LL,E01008883,E05011169,Birmingham,E01008883
B31 2TX,E01009158,E05011158,Birmingham,E01009158
B6 6EP,E01034920,E05011121,Birmingham,E01034920
B21 0TR,E01034921,E05011168,Birmingham,E01034921
B34 6EX,E01009091,E05011138,Birmingham,E01009091
B23 5AD,E01034913,E05011161,Birmingham,E01034913
B44 0LL,E01009130,E05011150,Birmingham,E01009130
B23 7YA,E01009411,E05011173,Birmingham,E01009411
B32 2DH,E01009256,E05011163,Birmingham,E01009256
B38 9RH,E01009113,E05011149,Birmingham,E01009113
B1 2PU,E01034951,E05011151,Birmingham,E01034951
B73 6HY,E01009449,E05011178,Birmingham,E01009449
B44 9UH,E01009226,E05011159,Birmingham,E01009226
B26 3UT,E01009317,E05011166,Birmingham,E01009317
B75 7HZ,E01009448,E05011177,Birmingham,E01009448
B72 1NL,E01009451,E05011178,Birmingham,E01009451
B36 8LU,E01009080,E05011131,Birmingham,E01009080
B36 8BG,E01009088,E05011131,Birmingham,E01009088
B23 5SD,E01009001,E05011135,Birmingham,E01009001
B27 7JT,E01009025,E05011118,Birmingham,E01009025
B73 5JY,E01009459,E05011181,Birmingham,E01009459
B9 5FG,E01009197,E05011145,Birmingham,E01009197
B30 3LD,E01008977,E05011148,Birmingham,E01008977
B13 9AF,E01009385,E05011154,Birmingham,E01009385
B1 1FJ,E01033625,E05011151,Birmingham,E01033625
B9 4XB,E01034935,E05011126,Birmingham,E01034935
B29 4AJ,E01009294,E05011184,Birmingham,E01009294
B9 5RW,E01009331,E05011127,Birmingham,E01009331
B73 5DY,E01009474,E05011179,Birmingham,E01009474
B23 7NP,E01033646,E05011139,Birmingham,E01033646
B6 4TF,E01008910,E05011156,Birmingham,E01008910
B21 8AA,E01009274,E05011147,Birmingham,E01009274
B13 9LJ,E01009395,E05011171,Birmingham,E01009395
B34 6SR,E01009307,E05011165,Birmingham,E01009307
B31 5HQ,E01034942,E05011136,Birmingham,E01034942
B8 2HP,E01009486,E05011183,Birmingham,E01009486
B5 7XN,E01008995,E05011122,Birmingham,E01008995
B44 9AL,E01009225,E05011159,Birmingham,E01009225
B26 1DP,E01008891,E05011169,Birmingham,E01008891
B24 9NQ,E01009012,E05011135,Birmingham,E01009012
B8 3SL,E01034932,E05011120,Birmingham,E01034932
B12 9RN,E01034939,E05011122,Birmingham,E01034939
B32 3TH,E01008931,E05011123,Birmingham,E01008931
B35 7LX,E01009097,E05011132,Birmingham,E01009097
B24 0EP,E01009009,E05011135,Birmingham,E01009009
B32 1DT,E01009253,E05011163,Birmingham,E01009253
B26 2AW,E01009516,E05011185,Birmingham,E01009516
B34 6TX,E01009309,E05011165,Birmingham,E01009309
B11 3SH,E01033643,E05011171,Birmingham,E01033643
B14 6DD,E01008968,E05011124,Birmingham,E01008968
B33 8UG,E01009513,E05011186,Birmingham,E01009513
B29 7RB,E01009293,E05011128,Birmingham,E01009293
B33 0UN,E01009512,E05011137,Birmingham,E01009512
B45 9UF,E01009159,E05011164,Birmingham,E01009159
B44 0BX,E01009134,E05011150,Birmingham,E01009134
B33 8AN,E01009507,E05011186,Birmingham,E01009507
B44 8QE,E01009231,E05011150,Birmingham,E01009231
B18 6PJ,E01009347,E05011168,Birmingham,E01009347
B26 3AB,E01009314,E05011166,Birmingham,E01009314
B7 4NP,E01034927,E05011155,Birmingham,E01034927
B34 7LT,E01009308,E05011165,Birmingham,E01009308
B13 9BA,E01033648,E05011154,Birmingham,E01033648
B6 7LZ,E01008899,E05011155,Birmingham,E01008899
B18 4PN,E01009360,E05011168,Birmingham,E01009360
B30 2LE,E01008955,E05011172,Birmingham,E01008955
B10 0JG,E01009338,E05011167,Birmingham,E01009338
B38 8QS,E01009119,E05011149,Birmingham,E01009119
B12 9NR,E01034938,E05011122,Birmingham,E01034938
B31 3XB,E01009211,E05011152,Birmingham,E01009211
B33 9RN,E01009298,E05011138,Birmingham,E01009298
B29 4JX,E01009506,E05011184,Birmingham,E01009506
B44 0EY,E01009122,E05011150,Birmingham,E01009122
B38 9BU,E01009110,E05011149,Birmingham,E01009110
B27 6RY,E01008891,E05011169,Birmingham,E01008891
B14 4BX,E01008939,E05011124,Birmingham,E01008939
B21 9QG,E01009266,E05011142,Birmingham,E01009266
B36 8LR,E01009080,E05011131,Birmingham,E01009080
B32 3JR,E01033629,E05011123,Birmingham,E01033629
B72 1QQ,E01009449,E05011178,Birmingham,E01009449
B24 0AG,E01009003,E05011135,Birmingham,E01009003
B20 2HP,E01009263,E05011143,Birmingham,E01009263
B26 1NE,E01009313,E05011166,Birmingham,E01009313
B33 0BU,E01009303,E05011138,Birmingham,E01009303
B1 2AL,,,,
B73 5SD,E01009474,E05011179,Birmingham,E01009474
B38 8YP,E01009108,E05011148,Birmingham,E01009108
B25 8NA,E01008887,E05011169,Birmingham,E01008887
B30 2TY,E01008965,E05011172,Birmingham,E01008965
B75 5TS,E01009416,E05011177,Birmingham,E01009416
B19 2LN,E01034925,E05011153,Birmingham,E01034925
B3 1DB,E01033622,E05011168,Birmingham,E01033622
B13 0BL,E01008934,E05011124,Birmingham,E01008934
B44 0PN,E01009132,E05011150,Birmingham,E01009132
B25 8ST,E01008896,E05011186,Birmingham,E01008896
B44 9BT,E01009221,E05011159,Birmingham,E01009221
B16 8EB,E01033618,E05011151,Birmingham,E01033618
B23 6UF,E01009007,E05011135,Birmingham,E01009007
B20 3NH,E01009050,E05011125,Birmingham,E01009050
B24 8JQ,E01008998,E05011139,Birmingham,E01008998
B15 2DR,E01033640,E05011151,Birmingham,E01033640
B17 9QU,E01009072,E05011144,Birmingham,E01009072
B73 5EQ,E01009474,E05011179,Birmingham,E01009474
B26 3DF,E01009315,E05011166,Birmingham,E01009315
B12 9EG,E01009366,E05011122,Birmingham,E01009366
B8 2NH,E01009481,E05011183,Birmingham,E01009481
B16 0HU,E01009152,E05011157,Birmingham,E01009152
B11 2HU,E01034952,E05011170,Birmingham,E01034952
B33 0TZ,E01009322,E05011137,Birmingham,E01009322
B73 5BP,E01009460,E05011179,Birmingham,E01009460
B5 7NG,E01008996,E05011122,Birmingham,E01008996
B32 1QE,E01009253,E05011163,Birmingham,E01009253
B73 6PX,E01009469,E05011179,Birmingham,E01009469
B27 6AE,E01008889,E05011118,Birmingham,E01008889
B44 9PG,E01009220,E05011159,Birmingham,E01009220
B28 8DR,E01009044,E05011140,Birmingham,E01009044
B73 5GA,E01009458,E05011179,Birmingham,E01009458
B25 8HX,E01008884,E05011182,Birmingham,E01008884
B26 1UB,E01008886,E05011169,Birmingham,E01008886
B31 2EE,E01009218,E05011129,Birmingham,E01009218
B1 1QH,E01033615,E05011151,Birmingham,E01033615
B73 5BX,E01009458,E05011179,Birmingham,E01009458
B24 0ES,E01009009,E05011135,Birmingham,E01009009
B13 9HB,E01009385,E05011154,Birmingham,E01009385
B21 0QW,E01009354,E05011168,Birmingham,E01009354
B32 3PW,E01008917,E05011123,Birmingham,E01008917
B35 7DH,E01009103,E05011132,Birmingham,E01009103
B7 4JP,E01009204,E05011155,Birmingham,E01009204
B23 6UA,E01009007,E05011135,Birmingham,E01009007
B32 4EG,E01008923,E05011123,Birmingham,E01008923
B32 2JP,E01009074,E05011144,Birmingham,E01009074
B24 0BA,E01009003,E05011135,Birmingham,E01009003
B26 3NA,E01009320,E05011166,Birmingham,E01009320
B32 2DP,E01009070,E05011144,Birmingham,E01009070
B74 2XU,E01009427,E05011174,Birmingham,E01009427
B31 2TH,E01009208,E05011158,Birmingham,E01009208
B26 2NT,E01009312,E05011166,Birmingham,E01009312
B23 7AP,E01009406,E05011173,Birmingham,E01009406
B31 5FJ,E01009172,E05011136,Birmingham,E01009172
B5 7EU,E01033640,E05011126,Birmingham,E01033640
B18 6ER,E01033559,E05011156,Birmingham,E01033559
B11 3LL,E01009391,E05011171,Birmingham,E01009391
B21 0UB,E01009358,E05011168,Birmingham,E01009358
B29 4PL,E01009493,E05011184,Birmingham,E01009493
B29 5ES,E01009505,E05011184,Birmingham,E01009505
B31 4LY,E01009166,E05011152,Birmingham,E01009166
B31 2NQ,E01009497,E05011158,Birmingham,E01009497
B20 2LX,E01009278,E05011143,Birmingham,E01009278
B6 6RY,E01008899,E05011121,Birmingham,E01008899
B18 5BD,E01009347,E05011168,Birmingham,E01009347
B31 3UN,E01009205,E05011148,Birmingham,E01009205
B31 5JS,E01009158,E05011136,Birmingham,E01009158
B76 2TE,E01009435,E05011180,Birmingham,E01009435
B19 1JQ,E01009062,E05011153,Birmingham,E01009062
B74 4LA,E01009422,E05011175,Birmingham,E01009422
B8 2PF,E01009490,E05011138,Birmingham,E01009490
B6 6RU,E01008916,E05011121,Birmingham,E01008916
B11 3QB,E01009026,E05011182,Birmingham,E01009026
B74 4JD,E01009433,E05011175,Birmingham,E01009433
B38 9DP,E01009114,E05011148,Birmingham,E01009114
B10 0RL,E01009379,E05011127,Birmingham,E01009379
B38 8TW,E01009116,E05011148,Birmingham,E01009116
B11 3PQ,E01009029,E05011182,Birmingham,E01009029
B73 6SX,E01009473,E05011179,Birmingham,E01009473
B74 4TY,E01009417,E05011174,Birmingham,E01009417
B5 6BP,E01033640,E05011126,Birmingham,E01033640
B4 6GJ,E01033617,E05011151,Birmingham,E01033617
B31 5HX,E01009158,E05011136,Birmingham,E01009158
B13 0DL,E01008932,E05011124,Birmingham,E01008932
B32 1RF,E01009250,E05011163,Birmingham,E01009250
B42 1NR,E01009237,E05011160,Birmingham,E01009237
B11 4NB,E01009389,E05011171,Birmingham,E01009389
B23 7EJ,E01009410,E05011173,Birmingham,E01009410
B18 7DB,E01009141,E05011151,Birmingham,E01009141
B11 4HA,E01009382,E05011171,Birmingham,E01009382
B16 9TB,E01009145,E05011157,Birmingham,E01009145
B14 5DU,E01008948,E05011146,Birmingham,E01008948
B16 9JU,E01008986,E05011157,Birmingham,E01008986
B44 8SE,E01009229,E05011159,Birmingham,E01009229
B12 8PU,E01033648,E05011122,Birmingham,E01033648
B20 1JU,E01009276,E05011143,Birmingham,E01009276
B21 9HQ,E01009350,E05011142,Birmingham,E01009350
B29 4EQ,E01009494,E05011184,Birmingham,E01009494
B6 6BJ,E01034923,E05011121,Birmingham,E01034923
B1 2RX,E01033565,E05011151,Birmingham,E01033565
B29 7AT,E01009286,E05011128,Birmingham,E01009286
B10 0HX,E01009338,E05011167,Birmingham,E01009338
B33 9LB,E01009093,E05011138,Birmingham,E01009093
B26 3ER,E01009320,E05011166,Birmingham,E01009320
B5 7DP,E01009362,E05011126,Birmingham,E01009362
B44 9TG,E01009134,E05011150,Birmingham,E01009134
B42 2GU,E01009239,E05011160,Birmingham,E01009239
B1 2TJ,E01009141,E05011151,Birmingham,E01009141
B18 7BF,E01009153,E05011157,Birmingham,E01009153
B5 4BX,E01033567,E05011126,Birmingham,E01033567
B9 5LE,E01034935,E05011126,Birmingham,E01034935
B19 3BT,E01033638,E05011156,Birmingham,E01033638
B7 5SH,E01009202,E05011155,Birmingham,E01009202
B29 5RD,E01009501,E05011184,Birmingham,E01009501
B27 6AX,E01008890,E05011118,Birmingham,E01008890
B73 6SU,E01009473,E05011179,Birmingham,E01009473
B74 4TJ,E01009421,E05011174,Birmingham,E01009421
B14 6QY,E01008973,E05011130,Birmingham,E01008973
B42 1RQ,E01009242,E05011160,Birmingham,E01009242
B32 3LY,E01033629,E05011123,Birmingham,E01033629
B72 1YF,E01009461,E05011181,Birmingham,E01009461
B33 9AZ,E01009092,E05011138,Birmingham,E01009092
B7 4ER,E01033561,E05011155,Birmingham,E01033561
B32 3NH,E01033629,E05011123,Birmingham,E01033629
B74 4XF,E01009433,E05011175,Birmingham,E01009433
B20 3PH,E01009059,E05011125,Birmingham,E01009059
B16 8FX,E01033618,E05011151,Birmingham,E01033618
B15 3US,E01008989,E05011134,Birmingham,E01008989
B33 9NY,E01009311,E05011138,Birmingham,E01009311
B33 0LY,E01009301,E05011138,Birmingham,E01009301
B20 3JJ,E01009051,E05011125,Birmingham,E01009051
B34 6AS,E01009089,E05011131,Birmingham,E01009089
B26 2TL,E01009323,E05011137,Birmingham,E01009323
B8 3HE,E01009491,E05011120,Birmingham,E01009491
B1 1GF,E01033615,E05011151,Birmingham,E01033615
B12 0TW,E01009364,E05011126,Birmingham,E01009364
B5 6FE,E01033640,E05011126,Birmingham,E01033640
B42 2UJ,E01009239,E05011160,Birmingham,E01009239
B73 6TL,E01009464,E05011179,Birmingham,E01009464
B28 0LY,E01009040,E05011141,Birmingham,E01009040
B8 3QN,E01009485,E05011120,Birmingham,E01009485
B1 1HL,E01033616,E05011151,Birmingham,E01033616
B24 0HD,E01009461,E05011135,Birmingham,E01009461
B13 9BP,E01033648,E05011154,Birmingham,E01033648
B17 0QG,E01009077,E05011144,Birmingham,E01009077
B33 8SX,E01009513,E05011186,Birmingham,E01009513
B35 7EE,E01009101,E05011132,Birmingham,E01009101
B24 9DN,E01009012,E05011135,Birmingham,E01009012
B19 2XT,E01033638,E05011156,Birmingham,E01033638
B34 7JF,E01009304,E05011165,Birmingham,E01009304
B44 0DW,E01009137,E05011150,Birmingham,E01009137
B21 0EH,E01009349,E05011147,Birmingham,E01009349
B13 0BX,E01008934,E05011124,Birmingham,E01008934
B14 5RU,E01008980,E05011133,Birmingham,E01008980
B25 8QX,E01008896,E05011186,Birmingham,E01008896
B29 5HR,E01009501,E05011184,Birmingham,E01009501
B30 3BX,E01008953,E05011172,Birmingham,E01008953
B30 1BQ,E01008960,E05011129,Birmingham,E01008960
B11 4BS,E01009393,E05011171,Birmingham,E01009393
B3 1QG,E01033622,E05011168,Birmingham,E01033622
B42 1QF,E01009240,E05011160,Birmingham,E01009240
B9 5RD,E01009343,E05011127,Birmingham,E01009343
B9 5BD,E01009332,E05011127,Birmingham,E01009332
B44 9LP,E01009222,E05011159,Birmingham,E01009222
B35 6BX,E01009099,E05011132,Birmingham,E01009099
B11 4SE,E01033643,E05011171,Birmingham,E01033643
B72 1NH,E01009451,E05011178,Birmingham,E01009451
B26 1JX,E01008888,E05011169,Birmingham,E01008888
B45 9PS,E01009164,E05011164,Birmingham,E01009164
B21 8JZ,E01009272,E05011143,Birmingham,E01009272
B5 4BY,E01033567,E05011126,Birmingham,E01033567
B6 7NX,E01008901,E05011155,Birmingham,E01008901
B8 3AP,E01034931,E05011120,Birmingham,E01034931
B32 2AG,E01009254,E05011163,Birmingham,E01009254
B10 0EH,E01009338,E05011167,Birmingham,E01009338
B29 5LH,E01009502,E05011184,Birmingham,E01009502
B30 1HE,E01008954,E05011129,Birmingham,E01008954
B23 6PS,E01009409,E05011173,Birmingham,E01009409
B45 0NN,E01009155,E05011136,Birmingham,E01009155
B33 0LL,E01009303,E05011138,Birmingham,E01009303
B73 6PS,E01009472,E05011179,Birmingham,E01009472
B12 0TX,E01034947,E05011126,Birmingham,E01034947
B23 6US,E01009409,E05011139,Birmingham,E01009409
B44 0AE,E01009122,E05011150,Birmingham,E01009122
B45 8XU,E01009165,E05011164,Birmingham,E01009165
B16 8JR,E01034949,E05011151,Birmingham,E01034949
B5 7QL,E01008984,E05011134,Birmingham,E01008984
B21 9RY,E01034921,E05011168,Birmingham,E01034921
B23 6AG,E01033630,E05011173,Birmingham,E01033630
B32 4JF,E01008928,E05011123,Birmingham,E01008928
B38 8QU,E01009119,E05011149,Birmingham,E01009119
B76 1UE,E01009438,E05011180,Birmingham,E01009438
B44 0RS,E01009127,E05011150,Birmingham,E01009127
B20 1AS,E01009267,E05011143,Birmingham,E01009267
B31 1TX,E01008930,E05011123,Birmingham,E01008930
B29 7JH,E01009283,E05011128,Birmingham,E01009283
B16 8DS,E01009143,E05011151,Birmingham,E01009143
B30 1QW,E01008950,E05011129,Birmingham,E01008950
B23 6FD,E01033646,E05011173,Birmingham,E01033646
B16 0AG,E01009153,E05011157,Birmingham,E01009153
B31 3NS,E01009217,E05011152,Birmingham,E01009217
B20 1JP,E01009279,E05011143,Birmingham,E01009279
B24 9HB,E01034916,E05011135,Birmingham,E01034916
B20 2DT,E01009263,E05011143,Birmingham,E01009263
B16 9EQ,E01008988,E05011157,Birmingham,E01008988
B26 3SY,E01009319,E05011166,Birmingham,E01009319
B16 9TD,E01009145,E05011157,Birmingham,E01009145
B33 8EB,E01009510,E05011185,Birmingham,E01009510
B1 2PW,E01033627,E05011151,Birmingham,E01033627
B23 5BJ,E01009002,E05011135,Birmingham,E01009002
B27 7XG,E01009015,E05011118,Birmingham,E01009015
B19 1RL,E01009048,E05011153,Birmingham,E01009048
B31 1DN,E01008929,E05011123,Birmingham,E01008929
B29 6HA,E01009280,E05011129,Birmingham,E01009280
B17 9AH,E01009252,E05011163,Birmingham,E01009252
B34 7HU,E01009304,E05011165,Birmingham,E01009304
B28 9QX,E01009032,E05011140,Birmingham,E01009032
B30 1QP,E01008950,E05011129,Birmingham,E01008950
B26 1QT,E01009520,E05011166,Birmingham,E01009520
B12 0AU,E01009367,E05011170,Birmingham,E01009367
B5 6BG,E01033640,E05011126,Birmingham,E01033640
B5 6EF,E01034947,E05011126,Birmingham,E01034947
B20 3WD,E01034917,E05011125,Birmingham,E01034917
B23 7DS,E01009410,E05011173,Birmingham,E01009410
B11 1QB,E01009372,E05011170,Birmingham,E01009372
B13 9JH,E01009185,E05011154,Birmingham,E01009185
B11 1NB,E01033650,E05011170,Birmingham,E01033650
B14 5LD,E01008978,E05011133,Birmingham,E01008978
B36 8NG,E01009083,E05011131,Birmingham,E01009083
B26 3HZ,E01009315,E05011166,Birmingham,E01009315
B35 7JJ,E01009101,E05011132,Birmingham,E01009101
B13 0NZ,E01008968,E05011124,Birmingham,E01008968
B5 7AH,E01033567,E05011126,Birmingham,E01033567
B25 8TP,E01008881,E05011186,Birmingham,E01008881
B44 9LR,E01009222,E05011159,Birmingham,E01009222
B10 9DH,E01009335,E05011167,Birmingham,E01009335
B21 0QJ,E01034921,E05011168,Birmingham,E01034921
B33 9TF,E01009300,E05011138,Birmingham,E01009300
B1 2PY,E01009141,E05011151,Birmingham,E01009141
B19 1BP,E01009355,E05011153,Birmingham,E01009355
B30 3LW,E01009119,E05011148,Birmingham,E01009119
B32 2RA,E01009255,E05011163,Birmingham,E01009255
B2 4RS,E01033620,E05011151,Birmingham,E01033620
B32 2LH,E01009074,E05011144,Birmingham,E01009074
B13 9DP,E01009385,E05011154,Birmingham,E01009385
B14 6LA,E01008972,E05011133,Birmingham,E01008972
B26 1EW,E01008891,E05011169,Birmingham,E01008891
B38 9FG,E01009108,E05011149,Birmingham,E01009108
B15 1ED,E01009146,E05011151,Birmingham,E01009146
B17 9PN,E01009069,E05011144,Birmingham,E01009069
B15 1AW,E01034948,E05011151,Birmingham,E01034948
B14 6LT,E01008970,E05011130,Birmingham,E01008970
B33 8EJ,E01009510,E05011185,Birmingham,E01009510
B28 9PL,E01009033,E05011140,Birmingham,E01009033
B19 1TT,E01008905,E05011153,Birmingham,E01008905
B12 8QR,E01009377,E05011170,Birmingham,E01009377
B32 3LP,E01033629,E05011123,Birmingham,E01033629
B21 9HS,E01034921,E05011142,Birmingham,E01034921
B20 2RE,E01009056,E05011125,Birmingham,E01009056
B34 7QF,E01009310,E05011165,Birmingham,E01009310
B17 0BT,E01009071,E05011144,Birmingham,E01009071
B17 0AQ,E01009072,E05011144,Birmingham,E01009072
B27 7EG,E01009021,E05011118,Birmingham,E01009021
B27 7AQ,E01009015,E05011118,Birmingham,E01009015
B73 5QG,E01009466,E05011179,Birmingham,E01009466
B10 9JG,E01009326,E05011167,Birmingham,E01009326
B10 9JU,E01009325,E05011167,Birmingham,E01009325
B6 6AB,E01009062,E05011121,Birmingham,E01009062
B21 0HS,E01009354,E05011147,Birmingham,E01009354
B33 8BB,E01009509,E05011186,Birmingham,E01009509
B11 1LL,E01009368,E05011170,Birmingham,E01009368
B23 5SH,E01009002,E05011135,Birmingham,E01009002
B76 2BN,E01009434,E05011180,Birmingham,E01009434
B74 2QA,E01009424,E05011178,Birmingham,E01009424
B76 1XY,E01009443,E05011180,Birmingham,E01009443
B32 1SN,E01009259,E05011163,Birmingham,E01009259
B31 3DU,E01009214,E05011152,Birmingham,E01009214
B34 7DN,E01009304,E05011165,Birmingham,E01009304
B30 2XS,E01008952,E05011172,Birmingham,E01008952
B15 1BA,E01034948,E05011151,Birmingham,E01034948
B31 5BF,E01009172,E05011136,Birmingham,E01009172
B14 6TY,E01008966,E05011130,Birmingham,E01008966
B12 8JU,E01009397,E05011170,Birmingham,E01009397
B28 9QY,E01009035,E05011140,Birmingham,E01009035
B21 8PL,E01009273,E05011147,Birmingham,E01009273
B14 6NQ,E01008972,E05011130,Birmingham,E01008972
B44 0LW,E01009130,E05011150,Birmingham,E01009130
B20 3EB,E01009058,E05011121,Birmingham,E01009058
B17 0HX,E01033562,E05011134,Birmingham,E01033562
B33 8BN,E01009507,E05011186,Birmingham,E01009507
B18 4PP,E01009361,E05011168,Birmingham,E01009361
B13 8QN,E01009186,E05011154,Birmingham,E01009186
B29 6PH,E01009284,E05011184,Birmingham,E01009284
B73 6HW,E01009449,E05011178,Birmingham,E01009449
B23 7LA,E01009412,E05011173,Birmingham,E01009412
B18 7HH,E01009348,E05011168,Birmingham,E01009348
B15 3XD,E01008989,E05011134,Birmingham,E01008989
B42 2DU,E01009234,E05011160,Birmingham,E01009234
B74 4PB,E01009419,E05011174,Birmingham,E01009419
B45 8US,E01034945,E05011164,Birmingham,E01034945
B21 0BA,E01009349,E05011147,Birmingham,E01009349
B31 2PR,E01009219,E05011158,Birmingham,E01009219
B9 5JX,E01009341,E05011145,Birmingham,E01009341
B27 6ER,E01008894,E05011118,Birmingham,E01008894
B76 2UB,E01009455,E05011180,Birmingham,E01009455
B13 0RL,E01008935,E05011124,Birmingham,E01008935
B12 9NB,E01034938,E05011122,Birmingham,E01034938
B19 2HU,E01008906,E05011156,Birmingham,E01008906
B4 7FG,E01033561,E05011155,Birmingham,E01033561
B18 6FN,E01033559,E05011168,Birmingham,E01033559
B31 5GW,E01009162,E05011136,Birmingham,E01009162
B28 8FG,E01009014,E05011182,Birmingham,E01009014
B75 7DP,E01009446,E05011177,Birmingham,E01009446
B75 5DU,E01009415,E05011175,Birmingham,E01009415
B20 3DE,E01034918,E05011121,Birmingham,E01034918
B31 3XF,E01009211,E05011152,Birmingham,E01009211
B16 0DA,E01009153,E05011157,Birmingham,E01009153
B21 8PY,E01009268,E05011147,Birmingham,E01009268
B23 5RF,E01009001,E05011135,Birmingham,E01009001
B14 7LP,E01009175,E05011130,Birmingham,E01009175
B44 0BH,E01009137,E05011150,Birmingham,E01009137
B15 2SS,E01033562,E05011134,Birmingham,E01033562
B25 8YZ,E01008897,E05011186,Birmingham,E01008897
B6 6ND,E01009060,E05011121,Birmingham,E01009060
B17 9AN,E01009252,E05011163,Birmingham,E01009252
B10 9PT,E01009331,E05011167,Birmingham,E01009331
B8 2QZ,E01009480,E05011183,Birmingham,E01009480
B5 7JN,E01034947,E05011126,Birmingham,E01034947
B32 4DT,E01008927,E05011123,Birmingham,E01008927
B26 1DY,E01008885,E05011169,Birmingham,E01008885
B9 5QB,E01009342,E05011145,Birmingham,E01009342
B5 4TP,E01033567,E05011126,Birmingham,E01033567
B23 7JS,E01009412,E05011173,Birmingham,E01009412
B9 5JH,E01009341,E05011145,Birmingham,E01009341
B13 0QP,E01008936,E05011124,Birmingham,E01008936
B14 4TL,E01008949,E05011146,Birmingham,E01008949
B33 9SX,E01009300,E05011138,Birmingham,E01009300
B10 9HY,E01033642,E05011167,Birmingham,E01033642
B8 1NG,E01009192,E05011120,Birmingham,E01009192
B31 1HF,E01009495,E05011123,Birmingham,E01009495
B76 1LT,E01009439,E05011180,Birmingham,E01009439
B7 5SP,E01009202,E05011155,Birmingham,E01009202
B29 7ES,E01009283,E05011128,Birmingham,E01009283
B18 5SL,E01009348,E05011168,Birmingham,E01009348
B32 1RL,E01009253,E05011163,Birmingham,E01009253
B74 4RB,E01009417,E05011174,Birmingham,E01009417
B32 3PR,E01008923,E05011123,Birmingham,E01008923
B38 9ND,E01009109,E05011149,Birmingham,E01009109
B42 1ET,E01009246,E05011160,Birmingham,E01009246
B7 5LP,E01009202,E05011155,Birmingham,E01009202
B26 2JE,E01009519,E05011185,Birmingham,E01009519
B16 0ES,E01009140,E05011157,Birmingham,E01009140
B31 1DY,E01008929,E05011123,Birmingham,E01008929
B6 6NU,E01034919,E05011121,Birmingham,E01034919
B26 3BN,E01009316,E05011166,Birmingham,E01009316
B27 7JR,E01009024,E05011118,Birmingham,E01009024
B12 0XB,E01009362,E05011126,Birmingham,E01009362
B27 7BZ,E01009020,E05011118,Birmingham,E01009020
B72 1NA,E01009471,E05011181,Birmingham,E01009471
B8 2HR,E01009481,E05011183,Birmingham,E01009481
B29 6RZ,E01009292,E05011184,Birmingham,E01009292
B76 1ES,E01009435,E05011176,Birmingham,E01009435
B38 8RE,E01009108,E05011149,Birmingham,E01009108
B11 3EX,E01009026,E05011170,Birmingham,E01009026
B75 6PE,E01009428,E05011175,Birmingham,E01009428
B24 9RH,E01009104,E05011162,Birmingham,E01009104
B32 1ND,E01009257,E05011163,Birmingham,E01009257
B23 6BT,E01033646,E05011139,Birmingham,E01033646
B27 7RE,E01009020,E05011118,Birmingham,E01009020
B21 0DR,E01009349,E05011147,Birmingham,E01009349
B28 8AE,E01009045,E05011140,Birmingham,E01009045
B44 0SD,E01009129,E05011150,Birmingham,E01009129
B29 5EG,E01009503,E05011184,Birmingham,E01009503
B25 8NG,E01008882,E05011182,Birmingham,E01008882
B16 8WG,E01034948,E05011151,Birmingham,E01034948
B21 9DH,E01009353,E05011142,Birmingham,E01009353
B18 6BG,E01033559,E05011168,Birmingham,E01033559
B31 3SE,E01009215,E05011152,Birmingham,E01009215
B33 0AB,E01009299,E05011138,Birmingham,E01009299
B8 1NB,E01034933,E05011120,Birmingham,E01034933
B30 2DN,E01008955,E05011129,Birmingham,E01008955
B44 8JA,E01009229,E05011159,Birmingham,E01009229
B18 5SH,E01009361,E05011168,Birmingham,E01009361
B31 3XX,E01009211,E05011152,Birmingham,E01009211
B32 4DR,E01008927,E05011123,Birmingham,E01008927
B44 9RT,E01009221,E05011159,Birmingham,E01009221
B8 2TP,E01009487,E05011183,Birmingham,E01009487
B32 2JL,E01009074,E05011144,Birmingham,E01009074
B42 1JN,E01009238,E05011160,Birmingham,E01009238
B12 0TN,E01009364,E05011126,Birmingham,E01009364
B32 1SL,E01009257,E05011163,Birmingham,E01009257
B73 5SY,E01009458,E05011179,Birmingham,E01009458
B16 9NH,E01008989,E05011157,Birmingham,E01008989
B7 5AZ,E01034928,E05011155,Birmingham,E01034928
B21 8DJ,E01009271,E05011147,Birmingham,E01009271
B9 5NP,E01033649,E05011145,Birmingham,E01033649
B13 0JB,E01008935,E05011124,Birmingham,E01008935
B27 6DH,E01008894,E05011118,Birmingham,E01008894
B44 8ED,E01009230,E05011150,Birmingham,E01009230
B23 6AJ,E01033646,E05011173,Birmingham,E01033646
B26 1SL,E01009521,E05011185,Birmingham,E01009521
B12 0EX,E01034947,E05011126,Birmingham,E01034947
B35 7LE,E01009099,E05011132,Birmingham,E01009099
B19 1HU,E01009047,E05011153,Birmingham,E01009047
B27 6LJ,E01008893,E05011118,Birmingham,E01008893
B32 1BN,E01009250,E05011163,Birmingham,E01009250
B17 9RD,E01009067,E05011144,Birmingham,E01009067
B31 2HB,E01008962,E05011129,Birmingham,E01008962
B72 1RT,E01009449,E05011178,Birmingham,E01009449
B25 8RJ,E01008897,E05011186,Birmingham,E01008897
B73 6AQ,E01009449,E05011178,Birmingham,E01009449
B9 5NT,E01009197,E05011145,Birmingham,E01009197
B76 2BH,E01009434,E05011180,Birmingham,E01009434
B45 0JG,E01034943,E05011136,Birmingham,E01034943
B15 3EH,E01008990,E05011134,Birmingham,E01008990
B74 2QN,E01009430,E05011174,Birmingham,E01009430
B21 9AE,E01009270,E05011142,Birmingham,E01009270
B44 9US,E01009225,E05011159,Birmingham,E01009225
B26 1RH,E01009324,E05011166,Birmingham,E01009324
B20 3AS,E01009051,E05011121,Birmingham,E01009051
B45 0HY,E01009161,E05011136,Birmingham,E01009161
B73 5PN,E01009468,E05011179,Birmingham,E01009468
B3 1DD,E01033565,E05011168,Birmingham,E01033565
B5 4AA,E01033625,E05011151,Birmingham,E01033625
B20 3SD,E01009049,E05011125,Birmingham,E01009049
B30 2BU,E01008952,E05011172,Birmingham,E01008952
B72 1RD,E01009451,E05011178,Birmingham,E01009451
B72 1JP,E01009453,E05011178,Birmingham,E01009453
B20 1HP,E01009267,E05011143,Birmingham,E01009267
B3 1JN,E01033622,E05011168,Birmingham,E01033622
B21 8DA,E01009271,E05011147,Birmingham,E01009271
B23 6LB,E01009406,E05011173,Birmingham,E01009406
B3 1DW,E01033622,E05011168,Birmingham,E01033622
B33 0DB,E01009301,E05011138,Birmingham,E01009301
B18 6EJ,E01033559,E05011156,Birmingham,E01033559
B23 6DF,E01009409,E05011139,Birmingham,E01009409
B42 2DZ,E01009243,E05011160,Birmingham,E01009243
B76 2UX,E01009455,E05011180,Birmingham,E01009455
B23 7SY,E01009125,E05011173,Birmingham,E01009125
B73 6HR,E01009449,E05011178,Birmingham,E01009449
B1 2NH,E01033622,E05011151,Birmingham,E01033622
B21 0RG,E01034922,E05011168,Birmingham,E01034922
B28 0GD,E01009031,E05011140,Birmingham,E01009031
B29 4NS,E01009493,E05011184,Birmingham,E01009493
B1 2JX,E01033557,E05011151,Birmingham,E01033557
B75 5DJ,E01009416,E05011177,Birmingham,E01009416
B9 5FD,E01009197,E05011145,Birmingham,E01009197
B28 9JA,E01009036,E05011141,Birmingham,E01009036
B32 1AH,E01009250,E05011163,Birmingham,E01009250
B76 2SW,E01009450,E05011180,Birmingham,E01009450
B27 7JN,E01009024,E05011118,Birmingham,E01009024
B10 0BZ,E01009363,E05011127,Birmingham,E01009363
B44 9AT,E01009224,E05011159,Birmingham,E01009224
B28 0NX,E01009039,E05011141,Birmingham,E01009039
B32 2HR,E01009070,E05011144,Birmingham,E01009070
B32 1EG,E01009253,E05011163,Birmingham,E01009253
B1 1UB,E01033616,E05011151,Birmingham,E01033616
B8 2PW,E01009490,E05011138,Birmingham,E01009490
B13 0ET,E01008937,E05011124,Birmingham,E01008937
B9 5RJ,E01009331,E05011127,Birmingham,E01009331
B27 6QR,E01008894,E05011118,Birmingham,E01008894
B33 8QY,E01009510,E05011185,Birmingham,E01009510
B8 1NR,E01009483,E05011120,Birmingham,E01009483
B27 6AY,E01008890,E05011118,Birmingham,E01008890
B29 7RD,E01009282,E05011128,Birmingham,E01009282
B16 0JP,E01009151,E05011157,Birmingham,E01009151
B31 4AJ,E01009210,E05011152,Birmingham,E01009210
B26 2NJ,E01009324,E05011166,Birmingham,E01009324
B18 4QS,E01009359,E05011168,Birmingham,E01009359
B38 9RD,E01009110,E05011149,Birmingham,E01009110
B6 7PT,E01008899,E05011155,Birmingham,E01008899
B6 6AG,E01009060,E05011121,Birmingham,E01009060
B31 5GU,E01009172,E05011136,Birmingham,E01009172
B24 9SW,E01009013,E05011135,Birmingham,E01009013
B4 7DF,E01033561,E05011155,Birmingham,E01033561
B5 6RY,E01033615,E05011126,Birmingham,E01033615
B8 2HU,E01009481,E05011183,Birmingham,E01009481
B23 7FN,E01009411,E05011173,Birmingham,E01009411
B12 8NT,E01009375,E05011170,Birmingham,E01009375
B13 9LX,E01009044,E05011171,Birmingham,E01009044
B17 8RP,E01009261,E05011163,Birmingham,E01009261
B31 1DX,E01009505,E05011123,Birmingham,E01009505
B12 8HH,E01009397,E05011170,Birmingham,E01009397
B36 8NU,E01009080,E05011131,Birmingham,E01009080
B31 2HD,E01008962,E05011129,Birmingham,E01008962
B29 6NQ,E01009295,E05011184,Birmingham,E01009295
B76 9RJ,E01009441,E05011180,Birmingham,E01009441
B20 2PS,E01009355,E05011142,Birmingham,E01009355
B29 5NQ,E01009505,E05011184,Birmingham,E01009505
B5 7QX,E01008982,E05011134,Birmingham,E01008982
B36 8JH,E01009085,E05011131,Birmingham,E01009085
B44 8EX,E01009231,E05011150,Birmingham,E01009231
B25 8RQ,E01008881,E05011186,Birmingham,E01008881
B8 1QJ,E01009482,E05011120,Birmingham,E01009482
B73 6RG,E01009473,E05011179,Birmingham,E01009473
B14 7PH,E01008981,E05011130,Birmingham,E01008981
B14 6EG,E01008967,E05011130,Birmingham,E01008967
B9 5SS,E01009341,E05011145,Birmingham,E01009341
B45 0HS,E01034943,E05011136,Birmingham,E01034943
B72 1NY,E01009451,E05011178,Birmingham,E01009451
B20 2QR,E01009048,E05011125,Birmingham,E01009048
B38 8EH,E01009111,E05011148,Birmingham,E01009111
B24 0HE,E01009005,E05011135,Birmingham,E01009005
B20 3AY,E01009058,E05011121,Birmingham,E01009058
B33 0PX,E01009321,E05011166,Birmingham,E01009321
B27 7NB,E01009018,E05011118,Birmingham,E01009018
B42 1RT,E01009241,E05011160,Birmingham,E01009241
B9 5ED,E01009344,E05011127,Birmingham,E01009344
B33 9HL,E01009095,E05011138,Birmingham,E01009095
B72 1RE,E01009451,E05011178,Birmingham,E01009451
B5 7NJ,E01008996,E05011122,Birmingham,E01008996
B12 8UT,E01009367,E05011170,Birmingham,E01009367
B14 6EY,E01008971,E05011124,Birmingham,E01008971
B32 3BA,E01008924,E05011123,Birmingham,E01008924
B21 0AB,E01009272,E05011143,Birmingham,E01009272
B72 1SS,E01009451,E05011178,Birmingham,E01009451
B24 9DR,E01034916,E05011135,Birmingham,E01034916
B20 3LS,E01034917,E05011125,Birmingham,E01034917
B16 9JR,E01008986,E05011157,Birmingham,E01008986
B3 1SA,E01033623,E05011168,Birmingham,E01033623
B11 4JH,E01009389,E05011171,Birmingham,E01009389
B23 5UD,E01034915,E05011135,Birmingham,E01034915
B20 2LE,E01009262,E05011143,Birmingham,E01009262
B18 5NG,E01009358,E05011168,Birmingham,E01009358
B13 8AB,E01009182,E05011154,Birmingham,E01009182
B19 3BP,E01034929,E05011156,Birmingham,E01034929
B21 0PL,E01034922,E05011168,Birmingham,E01034922
B23 5QW,E01009460,E05011179,Birmingham,E01009460
B28 0BX,E01009037,E05011141,Birmingham,E01009037
B29 6JY,E01009284,E05011129,Birmingham,E01009284
B27 6JZ,E01008890,E05011118,Birmingham,E01008890
B18 4NB,E01009361,E05011168,Birmingham,E01009361
B33 0AY,E01009301,E05011138,Birmingham,E01009301
B31 2PP,E01009219,E05011158,Birmingham,E01009219
B10 9HP,E01009326,E05011167,Birmingham,E01009326
B17 0LP,E01009075,E05011144,Birmingham,E01009075
B9 5SR,E01009341,E05011145,Birmingham,E01009341
B23 6BN,E01009409,E05011173,Birmingham,E01009409
B25 8JS,E01008887,E05011169,Birmingham,E01008887
B13 0DR,E01008933,E05011124,Birmingham,E01008933
B24 9AP,E01009013,E05011135,Birmingham,E01009013
B74 4AX,E01009422,E05011174,Birmingham,E01009422
B76 1LU,E01009454,E05011176,Birmingham,E01009454
B14 5QD,E01008979,E05011133,Birmingham,E01008979
B10 9PU,E01009328,E05011167,Birmingham,E01009328
B45 9PE,E01009165,E05011164,Birmingham,E01009165
B42 2RB,E01009223,E05011159,Birmingham,E01009223
B14 5YS,E01008979,E05011133,Birmingham,E01008979
B11 4QD,E01009396,E05011170,Birmingham,E01009396
B26 2EH,E01009516,E05011137,Birmingham,E01009516
B1 3JA,E01033565,E05011168,Birmingham,E01033565
B21 9RG,E01009264,E05011143,Birmingham,E01009264
B20 3AJ,E01034918,E05011121,Birmingham,E01034918
B74 4DA,E01009425,E05011175,Birmingham,E01009425
B28 0AS,E01009031,E05011140,Birmingham,E01009031
B9 5XN,E01009342,E05011145,Birmingham,E01009342
B42 2UD,E01009239,E05011160,Birmingham,E01009239
B1 1GD,E01033615,E05011151,Birmingham,E01033615
B20 2NU,E01009263,E05011143,Birmingham,E01009263
B33 0BN,E01009301,E05011138,Birmingham,E01009301
B24 9DS,E01009008,E05011135,Birmingham,E01009008
B38 8QT,E01009119,E05011149,Birmingham,E01009119
B16 8BP,E01034948,E05011151,Birmingham,E01034948
B30 2EP,E01008961,E05011129,Birmingham,E01008961
B18 5LB,E01009358,E05011168,Birmingham,E01009358
B23 5QS,E01009001,E05011135,Birmingham,E01009001
B16 8HX,E01034949,E05011151,Birmingham,E01034949
B14 7NU,E01008963,E05011130,Birmingham,E01008963
B20 3LR,E01034917,E05011125,Birmingham,E01034917
B76 2BU,E01009436,E05011180,Birmingham,E01009436
B18 4DU,E01009346,E05011157,Birmingham,E01009346
B42 2AQ,E01009248,E05011159,Birmingham,E01009248
B7 5BA,E01034928,E05011155,Birmingham,E01034928
B31 2HA,E01008962,E05011129,Birmingham,E01008962
B3 1DA,E01033622,E05011168,Birmingham,E01033622
B26 2AD,E01009518,E05011185,Birmingham,E01009518
B26 3AE,E01009314,E05011166,Birmingham,E01009314
B13 8HD,E01009184,E05011154,Birmingham,E01009184
B12 8QD,E01033648,E05011154,Birmingham,E01033648
B30 3BS,E01008953,E05011172,Birmingham,E01008953
B21 8DW,E01009271,E05011147,Birmingham,E01009271
B20 2JR,E01009264,E05011143,Birmingham,E01009264
B16 8SU,E01034949,E05011151,Birmingham,E01034949
B14 7ER,E01009179,E05011130,Birmingham,E01009179
B11 2EZ,E01009026,E05011182,Birmingham,E01009026
B28 9QF,E01009035,E05011140,Birmingham,E01009035
B15 3LX,E01008990,E05011134,Birmingham,E01008990
B75 6HS,E01009446,E05011177,Birmingham,E01009446
B13 0ND,E01008937,E05011124,Birmingham,E01008937
B16 8WQ,E01034948,E05011151,Birmingham,E01034948
B11 3LQ,E01009391,E05011171,Birmingham,E01009391
B5 4AB,E01033625,E05011151,Birmingham,E01033625
B9 5XA,E01009477,E05011145,Birmingham,E01009477
B16 8FQ,E01033564,E05011151,Birmingham,E01033564
B24 9HD,E01034916,E05011135,Birmingham,E01034916
B1 2EJ,E01033622,E05011151,Birmingham,E01033622
B23 5LL,E01009403,E05011161,Birmingham,E01009403
B7 5JA,E01009201,E05011155,Birmingham,E01009201
B14 7DU,E01009189,E05011154,Birmingham,E01009189
B35 6QT,E01009099,E05011132,Birmingham,E01009099
B29 4NU,E01009493,E05011184,Birmingham,E01009493
B34 6PS,E01009305,E05011165,Birmingham,E01009305
B20 3EH,E01009058,E05011121,Birmingham,E01009058
B23 5XH,E01009136,E05011161,Birmingham,E01009136
B25 8TT,E01008897,E05011186,Birmingham,E01008897
B26 2EQ,E01009517,E05011137,Birmingham,E01009517
B31 1JT,E01008930,E05011123,Birmingham,E01008930
B36 8UN,E01009082,E05011131,Birmingham,E01009082
B10 9AH,E01009329,E05011167,Birmingham,E01009329
B11 1NF,E01033650,E05011170,Birmingham,E01033650
B21 8HP,E01009272,E05011143,Birmingham,E01009272
B24 9EH,E01009007,E05011135,Birmingham,E01009007
B27 7HN,E01009019,E05011118,Birmingham,E01009019
B26 1AP,E01008885,E05011169,Birmingham,E01008885
B33 0UR,E01009512,E05011137,Birmingham,E01009512
B32 3PU,E01008923,E05011123,Birmingham,E01008923
B23 7AQ,E01009414,E05011173,Birmingham,E01009414
B16 8TB,E01009143,E05011151,Birmingham,E01009143
B23 7SZ,E01009411,E05011173,Birmingham,E01009411
B37 5AS,E01009301,E05011138,Birmingham,E01009301
B26 2PY,E01009324,E05011166,Birmingham,E01009324
B33 8DY,E01009510,E05011185,Birmingham,E01009510
B14 6AD,E01008981,E05011130,Birmingham,E01008981
B16 0PG,E01009145,E05011157,Birmingham,E01009145
B1 2BF,E01033625,E05011151,Birmingham,E01033625
B14 7ST,E01009177,E05011130,Birmingham,E01009177
B8 2NB,E01009481,E05011183,Birmingham,E01009481
B44 9DL,E01009224,E05011159,Birmingham,E01009224
B10 9TH,E01033642,E05011167,Birmingham,E01033642
B30 2YA,E01008952,E05011172,Birmingham,E01008952
B13 9ST,E01009187,E05011154,Birmingham,E01009187
B74 4NR,E01009417,E05011174,Birmingham,E01009417
B20 3FF,E01034918,E05011125,Birmingham,E01034918
B20 3BG,E01034918,E05011121,Birmingham,E01034918
B25 8EH,E01008887,E05011169,Birmingham,E01008887
B32 4DH,E01008928,E05011123,Birmingham,E01008928
B18 5JP,E01009358,E05011168,Birmingham,E01009358
B9 4NU,E01009199,E05011126,Birmingham,E01009199
B32 4LY,E01008925,E05011123,Birmingham,E01008925
B28 0HB,E01009034,E05011140,Birmingham,E01009034
B35 6JX,E01009096,E05011132,Birmingham,E01009096
B19 3JT,E01033623,E05011168,Birmingham,E01033623
B73 5HT,E01009460,E05011179,Birmingham,E01009460
B42 1RZ,E01009241,E05011160,Birmingham,E01009241
B10 9BT,E01009326,E05011167,Birmingham,E01009326
B19 1DB,E01008907,E05011153,Birmingham,E01008907
B1 1SA,E01033557,E05011151,Birmingham,E01033557
B14 4NH,E01008942,E05011146,Birmingham,E01008942
B33 9JN,E01009095,E05011138,Birmingham,E01009095
B31 4NN,E01034945,E05011152,Birmingham,E01034945
B75 5NS,E01009420,E05011177,Birmingham,E01009420
B29 6ER,E01009289,E05011128,Birmingham,E01009289
B11 2JL,E01034952,E05011170,Birmingham,E01034952
B27 6HH,E01008892,E05011118,Birmingham,E01008892
B25 8RY,E01008896,E05011186,Birmingham,E01008896
B29 7QG,E01009296,E05011128,Birmingham,E01009296
B44 0RW,E01009127,E05011150,Birmingham,E01009127
B24 9BD,E01009013,E05011135,Birmingham,E01009013
B29 5SN,E01009064,E05011184,Birmingham,E01009064
B21 0LH,E01009274,E05011147,Birmingham,E01009274
B14 6BN,E01008968,E05011130,Birmingham,E01008968
B4 7AH,E01033617,E05011156,Birmingham,E01033617
B18 7DD,E01009141,E05011151,Birmingham,E01009141
B19 2NB,E01034925,E05011153,Birmingham,E01034925
B76 1EY,E01009442,E05011180,Birmingham,E01009442
B15 1AX,E01034948,E05011151,Birmingham,E01034948
B27 6NG,E01008893,E05011118,Birmingham,E01008893
B16 8JN,E01009143,E05011151,Birmingham,E01009143
B27 7SD,E01009016,E05011182,Birmingham,E01009016
B14 5QB,E01008979,E05011133,Birmingham,E01008979
B18 5DN,E01009360,E05011168,Birmingham,E01009360
B18 4DL,E01009346,E05011157,Birmingham,E01009346
B1 2PX,E01034951,E05011151,Birmingham,E01034951
B26 3HN,E01009316,E05011166,Birmingham,E01009316
B11 3LJ,E01009391,E05011171,Birmingham,E01009391
B30 2RJ,E01008965,E05011172,Birmingham,E01008965
B6 6HT,E01008901,E05011121,Birmingham,E01008901
B38 0AY,E01009109,E05011149,Birmingham,E01009109
B16 8EQ,E01034949,E05011151,Birmingham,E01034949
B45 0HB,E01034943,E05011136,Birmingham,E01034943
B30 2YG,E01009282,E05011128,Birmingham,E01009282
B29 4NZ,E01009493,E05011184,Birmingham,E01009493
B26 1ER,E01008891,E05011169,Birmingham,E01008891
B76 9BT,E01009441,E05011180,Birmingham,E01009441
B5 7TJ,E01008984,E05011134,Birmingham,E01008984
B29 5DB,E01009503,E05011184,Birmingham,E01009503
B32 1EU,E01009251,E05011163,Birmingham,E01009251
B14 6ET,E01008967,E05011130,Birmingham,E01008967
B28 0PH,E01009040,E05011141,Birmingham,E01009040
B14 5JG,E01008948,E05011146,Birmingham,E01008948
B34 6JB,E01009088,E05011131,Birmingham,E01009088
B3 3DL,E01033625,E05011151,Birmingham,E01033625
B72 1EG,E01009457,E05011181,Birmingham,E01009457
B29 7DU,E01034941,E05011128,Birmingham,E01034941
B19 3AU,E01034929,E05011156,Birmingham,E01034929
B18 7DA,E01009141,E05011151,Birmingham,E01009141
B32 3JU,E01033629,E05011123,Birmingham,E01033629
B29 6BU,E01009290,E05011128,Birmingham,E01009290
B19 2JG,E01008909,E05011156,Birmingham,E01008909
B33 9LR,E01009093,E05011138,Birmingham,E01009093
B76 1XE,E01009443,E05011180,Birmingham,E01009443
B14 4NB,E01008942,E05011146,Birmingham,E01008942
B9 5QT,E01009343,E05011127,Birmingham,E01009343
B35 7AA,E01009101,E05011132,Birmingham,E01009101
B32 4HF,E01008923,E05011123,Birmingham,E01008923
B4 7AG,E01033617,E05011156,Birmingham,E01033617
B25 8LA,E01008887,E05011169,Birmingham,E01008887
B75 5JL,E01009418,E05011175,Birmingham,E01009418
B42 1QG,E01009240,E05011160,Birmingham,E01009240
B28 8JR,E01009045,E05011140,Birmingham,E01009045
B73 5RP,E01009459,E05011179,Birmingham,E01009459
B45 8QD,E01034944,E05011152,Birmingham,E01034944
B33 0HU,E01009302,E05011138,Birmingham,E01009302
B23 7QB,E01009414,E05011173,Birmingham,E01009414
B15 3RJ,E01008992,E05011134,Birmingham,E01008992
B19 3XG,E01034929,E05011156,Birmingham,E01034929
B74 4JF,E01009417,E05011174,Birmingham,E01009417
B13 0NP,E01008939,E05011124,Birmingham,E01008939
B4 6HW,E01034930,E05011156,Birmingham,E01034930
B27 6PL,E01008895,E05011118,Birmingham,E01008895
B76 1XT,E01009443,E05011180,Birmingham,E01009443
B34 6SA,E01009309,E05011165,Birmingham,E01009309
B16 8RS,E01009143,E05011151,Birmingham,E01009143
B35 7JQ,E01009103,E05011132,Birmingham,E01009103
B26 2DH,E01009514,E05011137,Birmingham,E01009514
B31 2JW,E01009218,E05011158,Birmingham,E01009218
B44 0XE,E01009133,E05011150,Birmingham,E01009133
B30 3DP,E01008957,E05011172,Birmingham,E01008957
B36 8EN,E01009085,E05011131,Birmingham,E01009085
B11 4AA,E01009371,E05011170,Birmingham,E01009371
B35 7HX,E01009101,E05011132,Birmingham,E01009101
B28 9LL,E01032589,E05011140,Birmingham,E01032589
B75 5NT,E01009426,E05011177,Birmingham,E01009426
B9 5TU,E01009475,E05011145,Birmingham,E01009475
B29 4PJ,E01009493,E05011184,Birmingham,E01009493
B18 7JH,E01009348,E05011168,Birmingham,E01009348
B12 8SA,E01009399,E05011170,Birmingham,E01009399
B23 6GJ,E01033630,E05011173,Birmingham,E01033630
B44 9HR,E01009222,E05011159,Birmingham,E01009222
B12 0ED,E01034946,E05011126,Birmingham,E01034946
B31 2FW,E01009493,E05011184,Birmingham,E01009493
B74 2UY,E01009425,E05011174,Birmingham,E01009425
B13 8JR,E01009184,E05011154,Birmingham,E01009184
B76 1FA,E01009454,E05011176,Birmingham,E01009454
B32 2AX,E01009261,E05011163,Birmingham,E01009261
B16 9AA,E01008987,E05011157,Birmingham,E01008987
B21 0EA,E01009351,E05011147,Birmingham,E01009351
B31 5DE,E01009208,E05011158,Birmingham,E01009208
B28 0SS,E01008944,E05011124,Birmingham,E01008944
B14 5PL,E01008980,E05011133,Birmingham,E01008980
B14 7SU,E01009177,E05011130,Birmingham,E01009177
B8 2PL,E01009490,E05011138,Birmingham,E01009490
B9 4LN,E01009200,E05011126,Birmingham,E01009200
B42 1NP,E01009237,E05011160,Birmingham,E01009237
B11 3SB,E01034954,E05011170,Birmingham,E01034954
B15 2LQ,E01034936,E05011134,Birmingham,E01034936
B17 9ED,E01009067,E05011144,Birmingham,E01009067
B17 0QJ,E01009071,E05011144,Birmingham,E01009071
B12 9EX,E01009366,E05011122,Birmingham,E01009366
B23 6GL,E01033630,E05011173,Birmingham,E01033630
B29 4LU,E01009506,E05011184,Birmingham,E01009506
B18 4NH,E01009361,E05011168,Birmingham,E01009361
B12 9PN,E01034939,E05011122,Birmingham,E01034939
B29 6XD,E01009280,E05011129,Birmingham,E01009280
B29 5AT,E01009294,E05011184,Birmingham,E01009294
B10 0NR,E01009379,E05011127,Birmingham,E01009379
B11 2HR,E01034952,E05011170,Birmingham,E01034952
B12 9EH,E01009366,E05011122,Birmingham,E01009366
B26 3XJ,E01009317,E05011166,Birmingham,E01009317
B1 1FD,E01033557,E05011151,Birmingham,E01033557
B29 5AH,E01009294,E05011184,Birmingham,E01009294
B8 2AU,E01009490,E05011138,Birmingham,E01009490
B29 6EZ,E01009284,E05011128,Birmingham,E01009284
B36 8LN,E01009083,E05011131,Birmingham,E01009083
B35 7PL,E01009099,E05011132,Birmingham,E01009099
B13 9NP,E01009395,E05011171,Birmingham,E01009395
B34 7PX,E01009297,E05011165,Birmingham,E01009297
B23 7JJ,E01009410,E05011173,Birmingham,E01009410
B10 0BN,E01009379,E05011127,Birmingham,E01009379
B28 8DU,E01009044,E05011140,Birmingham,E01009044
B32 1QG,E01009253,E05011163,Birmingham,E01009253
B12 0PU,E01034946,E05011126,Birmingham,E01034946
B44 9AA,E01009225,E05011159,Birmingham,E01009225
B18 5BU,E01009360,E05011168,Birmingham,E01009360
B17 9PT,E01009068,E05011144,Birmingham,E01009068
B12 9RG,E01009376,E05011122,Birmingham,E01009376
B72 1JE,E01009453,E05011178,Birmingham,E01009453
B27 6TE,E01008890,E05011118,Birmingham,E01008890
B31 1XH,E01008929,E05011123,Birmingham,E01008929
B74 2TZ,,,,
B45 8EH,E01009164,E05011164,Birmingham,E01009164
B11 3DU,E01009014,E05011140,Birmingham,E01009014
B73 6UE,E01009465,E05011179,Birmingham,E01009465
B32 3TW,E01008931,E05011123,Birmingham,E01008931
B15 2AD,E01033626,E05011151,Birmingham,E01033626
B30 1SH,E01008954,E05011129,Birmingham,E01008954
B29 5PB,E01009504,E05011184,Birmingham,E01009504
B73 6SW,E01009469,E05011179,Birmingham,E01009469
B19 1JG,E01009059,E05011125,Birmingham,E01009059
B25 8XD,E01008881,E05011169,Birmingham,E01008881
B16 8DP,E01009143,E05011151,Birmingham,E01009143
B34 7SA,E01009297,E05011165,Birmingham,E01009297
B6 5RW,E01008901,E05011155,Birmingham,E01008901
B30 1AU,E01008961,E05011129,Birmingham,E01008961
B32 2BN,E01009254,E05011163,Birmingham,E01009254
B18 7PB,E01009348,E05011168,Birmingham,E01009348
B19 1LS,E01009060,E05011153,Birmingham,E01009060
B1 2UL,E01009141,E05011151,Birmingham,E01009141
B16 8JL,E01009143,E05011151,Birmingham,E01009143
B6 5BB,E01034926,E05011121,Birmingham,E01034926
B42 1ST,E01009242,E05011160,Birmingham,E01009242
B27 7QX,E01009020,E05011118,Birmingham,E01009020
B45 8EJ,E01009164,E05011164,Birmingham,E01009164
B32 3SR,E01008931,E05011123,Birmingham,E01008931
B72 1SB,E01009449,E05011178,Birmingham,E01009449
B16 0NJ,E01009145,E05011157,Birmingham,E01009145
B11 3LX,E01033643,E05011171,Birmingham,E01033643
B15 3AX,E01034936,E05011134,Birmingham,E01034936
B18 6BP,E01033559,E05011168,Birmingham,E01033559
B45 0HZ,E01009161,E05011136,Birmingham,E01009161
B23 5QF,E01009001,E05011135,Birmingham,E01009001
B16 9NJ,E01008989,E05011157,Birmingham,E01008989
B45 8TX,E01009165,E05011164,Birmingham,E01009165
B31 2UF,E01009162,E05011158,Birmingham,E01009162
B76 1XH,E01009443,E05011180,Birmingham,E01009443
B17 8NW,E01009147,E05011157,Birmingham,E01009147
B21 0EE,E01009349,E05011147,Birmingham,E01009349
B15 3QR,E01008992,E05011134,Birmingham,E01008992
B23 7HE,E01009410,E05011173,Birmingham,E01009410
B11 2NE,E01009339,E05011170,Birmingham,E01009339
B28 9RA,E01009033,E05011140,Birmingham,E01009033
B18 5JD,E01009358,E05011168,Birmingham,E01009358
B2 5DB,E01033620,E05011151,Birmingham,E01033620
B26 2RR,E01009314,E05011166,Birmingham,E01009314
B14 5QU,E01008978,E05011133,Birmingham,E01008978
B26 2QR,E01009324,E05011166,Birmingham,E01009324
B44 0QY,E01009133,E05011150,Birmingham,E01009133
B6 6PL,E01009053,E05011121,Birmingham,E01009053
B26 2EJ,E01009516,E05011137,Birmingham,E01009516
B38 9DF,E01009107,E05011149,Birmingham,E01009107
B73 5GB,E01009456,E05011179,Birmingham,E01009456
B32 3UD,E01008921,E05011123,Birmingham,E01008921
B31 3DD,E01009117,E05011148,Birmingham,E01009117
B14 4HX,E01008940,E05011124,Birmingham,E01008940
B34 7DU,E01009304,E05011165,Birmingham,E01009304
B30 1ET,E01008959,E05011129,Birmingham,E01008959
B11 1LZ,E01009368,E05011170,Birmingham,E01009368
B9 5FE,E01009197,E05011145,Birmingham,E01009197
B23 5XU,E01009135,E05011161,Birmingham,E01009135
B14 4AG,E01008969,E05011124,Birmingham,E01008969
B23 5HG,E01009406,E05011161,Birmingham,E01009406
B9 4XD,E01034935,E05011126,Birmingham,E01034935
B8 2NP,E01009487,E05011183,Birmingham,E01009487
B31 4BA,E01009210,E05011152,Birmingham,E01009210
B11 3LD,E01034953,E05011171,Birmingham,E01034953
B19 1QX,E01008905,E05011153,Birmingham,E01008905
B8 1NS,E01009483,E05011120,Birmingham,E01009483
B26 3YR,E01009314,E05011166,Birmingham,E01009314
B33 9UL,E01009297,E05011138,Birmingham,E01009297
B29 4AW,E01009294,E05011184,Birmingham,E01009294
B7 5DT,E01034927,E05011155,Birmingham,E01034927
B10 0AU,E01009363,E05011127,Birmingham,E01009363
B42 2LJ,E01009239,E05011160,Birmingham,E01009239
B31 4NY,E01034945,E05011152,Birmingham,E01034945
B27 6NA,E01008890,E05011118,Birmingham,E01008890
B24 0HF,E01009005,E05011135,Birmingham,E01009005
B34 6HU,E01009091,E05011131,Birmingham,E01009091
B76 2PA,E01009435,E05011180,Birmingham,E01009435
B35 6QJ,E01009099,E05011132,Birmingham,E01009099
B1 3NJ,E01034951,E05011168,Birmingham,E01034951
B45 9YB,E01009159,E05011164,Birmingham,E01009159
B23 6AL,E01033646,E05011173,Birmingham,E01033646
B10 0JJ,E01009337,E05011167,Birmingham,E01009337
B20 1HS,E01009267,E05011143,Birmingham,E01009267
B32 4AB,E01008928,E05011123,Birmingham,E01008928
B73 5NP,E01009471,E05011181,Birmingham,E01009471
B76 9AW,E01009441,E05011180,Birmingham,E01009441
B29 7JD,E01009288,E05011128,Birmingham,E01009288
B34 7LG,E01009308,E05011165,Birmingham,E01009308
B5 7XL,E01008996,E05011122,Birmingham,E01008996
B23 7AL,E01009406,E05011173,Birmingham,E01009406
B10 9DD,E01009327,E05011167,Birmingham,E01009327
B21 9QE,E01009266,E05011142,Birmingham,E01009266
B14 4NA,E01008942,E05011146,Birmingham,E01008942
B8 3BJ,E01034932,E05011120,Birmingham,E01034932
B19 2DR,E01008906,E05011153,Birmingham,E01008906
B14 5PA,E01008980,E05011133,Birmingham,E01008980
B13 9JP,E01009176,E05011154,Birmingham,E01009176
B10 9JE,E01009326,E05011167,Birmingham,E01009326
B5 7TD,E01008984,E05011134,Birmingham,E01008984
B30 2SL,E01008965,E05011172,Birmingham,E01008965
B29 4HL,E01009494,E05011184,Birmingham,E01009494
B26 2SH,E01009323,E05011137,Birmingham,E01009323
B36 8TH,E01009082,E05011131,Birmingham,E01009082
B9 5QJ,E01009331,E05011127,Birmingham,E01009331
B23 7UH,E01009124,E05011173,Birmingham,E01009124
B8 2QF,E01009478,E05011183,Birmingham,E01009478
B13 9JF,E01009389,E05011154,Birmingham,E01009389
B34 7HF,E01009310,E05011165,Birmingham,E01009310
B23 7FA,E01009414,E05011173,Birmingham,E01009414
B31 5JW,E01009158,E05011136,Birmingham,E01009158
B42 2GF,E01009239,E05011160,Birmingham,E01009239
B8 3TG,E01034932,E05011120,Birmingham,E01034932
B12 8PB,E01009377,E05011170,Birmingham,E01009377
B31 1EL,E01008929,E05011123,Birmingham,E01008929
B44 9PL,E01009220,E05011159,Birmingham,E01009220
B34 6PU,E01009305,E05011165,Birmingham,E01009305
B74 4NJ,E01009417,E05011174,Birmingham,E01009417
B42 1UD,E01009239,E05011160,Birmingham,E01009239
B12 0XY,E01009362,E05011126,Birmingham,E01009362
B20 2FP,E01009056,E05011125,Birmingham,E01009056
B44 9DW,E01009224,E05011159,Birmingham,E01009224
B27 7JG,E01009019,E05011118,Birmingham,E01009019
B18 7AT,E01009153,E05011157,Birmingham,E01009153
B11 1NE,E01033650,E05011170,Birmingham,E01033650
B23 7FD,E01009411,E05011173,Birmingham,E01009411
B12 9TD,E01009366,E05011122,Birmingham,E01009366
B31 3LP,E01009214,E05011152,Birmingham,E01009214
B18 7AZ,E01009153,E05011157,Birmingham,E01009153
B20 3DU,E01009051,E05011121,Birmingham,E01009051
B76 9DN,E01009441,E05011180,Birmingham,E01009441
B15 1EJ,E01009146,E05011151,Birmingham,E01009146
B14 7TB,E01009177,E05011130,Birmingham,E01009177
B21 0QD,E01034921,E05011168,Birmingham,E01034921
B17 8QA,E01009066,E05011144,Birmingham,E01009066
B12 9RR,E01009182,E05011122,Birmingham,E01009182
B7 5DS,E01034927,E05011155,Birmingham,E01034927
B75 6BL,E01009432,E05011178,Birmingham,E01009432
B5 6EQ,E01034947,E05011126,Birmingham,E01034947
B12 8QN,E01009376,E05011122,Birmingham,E01009376
B44 0UU,E01009221,E05011150,Birmingham,E01009221
B30 1UP,E01008950,E05011129,Birmingham,E01008950
B17 9PA,E01009069,E05011144,Birmingham,E01009069
B76 2BQ,E01009434,E05011180,Birmingham,E01009434
B31 2EF,E01008954,E05011129,Birmingham,E01008954
B10 9AD,E01009334,E05011167,Birmingham,E01009334
B10 0ER,E01009338,E05011167,Birmingham,E01009338
B18 7AW,E01009153,E05011157,Birmingham,E01009153
B13 0RJ,E01008935,E05011124,Birmingham,E01008935
B32 2NG,E01009074,E05011144,Birmingham,E01009074
B19 1SW,E01009060,E05011153,Birmingham,E01009060
B33 8UY,E01009513,E05011186,Birmingham,E01009513
B23 5LD,E01009458,E05011135,Birmingham,E01009458
B24 9RX,E01009102,E05011162,Birmingham,E01009102
B74 4JL,E01009419,E05011174,Birmingham,E01009419
B44 9UJ,E01009230,E05011159,Birmingham,E01009230
B23 6ES,E01009409,E05011173,Birmingham,E01009409
B14 4QS,E01008945,E05011146,Birmingham,E01008945
B27 7RG,E01009020,E05011118,Birmingham,E01009020
B8 2EN,E01009481,E05011183,Birmingham,E01009481
B13 9LD,E01009176,E05011154,Birmingham,E01009176
B42 2PJ,E01009245,E05011160,Birmingham,E01009245
B74 4UE,E01009433,E05011175,Birmingham,E01009433
B20 3RR,E01009047,E05011125,Birmingham,E01009047
B38 8YD,E01009118,E05011148,Birmingham,E01009118
B23 7SW,E01009411,E05011173,Birmingham,E01009411
B27 6NL,E01008895,E05011118,Birmingham,E01008895
B8 3HL,E01009485,E05011120,Birmingham,E01009485
B19 1HR,E01009047,E05011153,Birmingham,E01009047
B8 2XA,E01009479,E05011183,Birmingham,E01009479
B23 5NT,E01009404,E05011161,Birmingham,E01009404
B30 2DX,E01008951,E05011129,Birmingham,E01008951
B33 9BT,E01009094,E05011138,Birmingham,E01009094
B32 4BP,E01033629,E05011123,Birmingham,E01033629
B33 0AF,E01009301,E05011138,Birmingham,E01009301
B31 2FS,E01009493,E05011184,Birmingham,E01009493
B10 0BA,E01009363,E05011127,Birmingham,E01009363
B23 6SY,E01009007,E05011135,Birmingham,E01009007
B14 4DY,E01008941,E05011124,Birmingham,E01008941
B44 0QE,E01009133,E05011150,Birmingham,E01009133
B21 0SL,E01034921,E05011168,Birmingham,E01034921
B27 7YB,E01009018,E05011118,Birmingham,E01009018
B31 2GR,E01034945,E05011152,Birmingham,E01034945
B14 7AT,E01009188,E05011130,Birmingham,E01009188
B21 0RL,E01034922,E05011168,Birmingham,E01034922
B23 5JF,E01034914,E05011161,Birmingham,E01034914
B38 9RR,E01009115,E05011149,Birmingham,E01009115
B44 9PN,E01009220,E05011159,Birmingham,E01009220
B44 0HN,E01009231,E05011150,Birmingham,E01009231
B14 7RT,E01009177,E05011130,Birmingham,E01009177
B1 1LA,E01033615,E05011151,Birmingham,E01033615
B23 7RQ,E01009412,E05011173,Birmingham,E01009412
B26 3UN,E01009318,E05011166,Birmingham,E01009318
B28 0LR,E01009040,E05011141,Birmingham,E01009040
B73 5PP,E01009466,E05011179,Birmingham,E01009466
B13 9SQ,E01009187,E05011154,Birmingham,E01009187
B34 6EJ,E01009091,E05011131,Birmingham,E01009091
B32 2XD,E01009073,E05011144,Birmingham,E01009073
B6 6RX,E01008916,E05011121,Birmingham,E01008916
B18 4NQ,E01009361,E05011168,Birmingham,E01009361
B75 6RB,E01009426,E05011177,Birmingham,E01009426
B73 5HA,E01009462,E05011179,Birmingham,E01009462
B18 6BY,E01033559,E05011168,Birmingham,E01033559
B45 8TQ,E01009165,E05011164,Birmingham,E01009165
B14 6SW,E01008981,E05011130,Birmingham,E01008981
B28 8EQ,E01009014,E05011182,Birmingham,E01009014
B31 1AF,E01008924,E05011123,Birmingham,E01008924
B24 0JB,E01009011,E05011162,Birmingham,E01009011
B8 3RE,E01009492,E05011138,Birmingham,E01009492
B18 6HP,E01034951,E05011168,Birmingham,E01034951
B21 0EB,E01009349,E05011147,Birmingham,E01009349
B14 4AA,E01008969,E05011124,Birmingham,E01008969
B75 7TF,E01009432,E05011178,Birmingham,E01009432
B6 6HH,E01034919,E05011121,Birmingham,E01034919
B28 8PA,E01009023,E05011118,Birmingham,E01009023
B3 1TY,E01033623,E05011168,Birmingham,E01033623
B31 1BU,E01008929,E05011123,Birmingham,E01008929
B29 6AW,E01034940,E05011128,Birmingham,E01034940
B36 8SY,E01009082,E05011131,Birmingham,E01009082
B30 2TL,E01008963,E05011172,Birmingham,E01008963
B44 0EN,E01009122,E05011150,Birmingham,E01009122
B15 3XH,E01008989,E05011134,Birmingham,E01008989
B76 1LF,E01009439,E05011180,Birmingham,E01009439
B27 7SH,E01009016,E05011182,Birmingham,E01009016
B23 6BU,E01009413,E05011173,Birmingham,E01009413
B13 0PL,E01008969,E05011124,Birmingham,E01008969
B76 2XE,E01009455,E05011180,Birmingham,E01009455
B15 3NE,E01008991,E05011134,Birmingham,E01008991
B9 4PH,E01009199,E05011126,Birmingham,E01009199
B20 1BQ,E01009264,E05011143,Birmingham,E01009264
B33 0US,E01009512,E05011137,Birmingham,E01009512
B34 6ES,E01009091,E05011138,Birmingham,E01009091
B5 7XR,E01008995,E05011122,Birmingham,E01008995
B13 0EJ,E01008934,E05011124,Birmingham,E01008934
B8 2EG,E01009481,E05011183,Birmingham,E01009481
B11 3SQ,E01033643,E05011171,Birmingham,E01033643
B75 5EU,E01009423,E05011175,Birmingham,E01009423
B24 9LA,E01009008,E05011135,Birmingham,E01009008
B20 1LH,E01032591,E05011143,Birmingham,E01032591
B32 3LN,E01033629,E05011123,Birmingham,E01033629
B18 7HJ,E01009348,E05011168,Birmingham,E01009348
B31 3UP,E01009210,E05011148,Birmingham,E01009210
B31 2BL,E01009218,E05011158,Birmingham,E01009218
B14 6RU,E01008972,E05011130,Birmingham,E01008972
B76 1GB,E01009438,E05011180,Birmingham,E01009438
B19 2QE,E01008913,E05011156,Birmingham,E01008913
B18 6FQ,E01033559,E05011168,Birmingham,E01033559
B28 8FH,E01009014,E05011182,Birmingham,E01009014
B34 6ED,E01009089,E05011131,Birmingham,E01009089
B29 4HS,E01009494,E05011184,Birmingham,E01009494
B16 8WF,E01034948,E05011151,Birmingham,E01034948
B45 8RF,E01009169,E05011164,Birmingham,E01009169
B28 0RW,E01009040,E05011141,Birmingham,E01009040
B32 2SB,E01009255,E05011163,Birmingham,E01009255
B8 3TF,E01034932,E05011120,Birmingham,E01034932
B28 0UL,E01009041,E05011141,Birmingham,E01009041
B45 9RE,E01009167,E05011164,Birmingham,E01009167
B33 0HB,E01009300,E05011138,Birmingham,E01009300
B23 7NB,E01033646,E05011139,Birmingham,E01033646
B7 5LE,E01009202,E05011155,Birmingham,E01009202
B45 8QW,E01009164,E05011164,Birmingham,E01009164
B75 7NB,E01009445,E05011176,Birmingham,E01009445
B35 6LN,E01009106,E05011132,Birmingham,E01009106
B14 7JT,E01009178,E05011130,Birmingham,E01009178
B9 5JS,E01009341,E05011145,Birmingham,E01009341
B28 8RN,E01009022,E05011118,Birmingham,E01009022
B44 9JX,E01009233,E05011159,Birmingham,E01009233
B32 4LF,E01008925,E05011123,Birmingham,E01008925
B73 6TQ,E01009465,E05011179,Birmingham,E01009465
B20 3LE,E01009059,E05011125,Birmingham,E01009059
B32 3LU,E01033629,E05011123,Birmingham,E01033629
B29 7DP,E01034940,E05011128,Birmingham,E01034940
B45 9RY,E01009160,E05011164,Birmingham,E01009160
B1 1GA,E01033616,E05011151,Birmingham,E01033616
B33 0DX,E01009299,E05011138,Birmingham,E01009299
B31 1UJ,E01009498,E05011119,Birmingham,E01009498
B10 0HB,E01009337,E05011167,Birmingham,E01009337
B42 2SG,E01009244,E05011159,Birmingham,E01009244
B16 9RR,E01008988,E05011134,Birmingham,E01008988
B13 8PQ,E01009186,E05011154,Birmingham,E01009186
B75 6TB,E01009431,E05011175,Birmingham,E01009431
B16 0HQ,E01009152,E05011157,Birmingham,E01009152
B14 7JG,E01009175,E05011130,Birmingham,E01009175
B12 0AA,E01034947,E05011126,Birmingham,E01034947
B31 4QE,E01009170,E05011152,Birmingham,E01009170
B26 1QG,E01009312,E05011166,Birmingham,E01009312
B29 7PY,E01009296,E05011128,Birmingham,E01009296
B8 3BF,E01033649,E05011120,Birmingham,E01033649
B16 0PN,E01009145,E05011157,Birmingham,E01009145
B21 0PG,E01009354,E05011168,Birmingham,E01009354
B21 0ED,E01009351,E05011147,Birmingham,E01009351
B29 6EJ,E01009284,E05011128,Birmingham,E01009284
B27 7DB,E01009020,E05011118,Birmingham,E01009020
B31 5DQ,E01034942,E05011136,Birmingham,E01034942
B9 5LR,E01033649,E05011145,Birmingham,E01033649
B1 1BY,E01033615,E05011151,Birmingham,E01033615
B32 4DS,E01008927,E05011123,Birmingham,E01008927
B6 6EL,E01034920,E05011121,Birmingham,E01034920
B20 1NB,E01032591,E05011143,Birmingham,E01032591
B12 0BA,E01034946,E05011126,Birmingham,E01034946
B74 4UG,E01009418,E05011175,Birmingham,E01009418
B9 5TD,E01009475,E05011145,Birmingham,E01009475
B8 2LY,E01009490,E05011183,Birmingham,E01009490
B20 2JU,E01009278,E05011143,Birmingham,E01009278
B44 8JE,E01009229,E05011159,Birmingham,E01009229
B5 6EB,E01033567,E05011126,Birmingham,E01033567
B32 4DA,E01008925,E05011123,Birmingham,E01008925
B12 9TQ,E01009374,E05011122,Birmingham,E01009374
B10 9ST,E01009329,E05011167,Birmingham,E01009329
B14 5TY,E01008948,E05011146,Birmingham,E01008948
B19 1RU,E01009062,E05011153,Birmingham,E01009062
B5 7SB,E01034937,E05011134,Birmingham,E01034937
B38 8XF,E01009117,E05011148,Birmingham,E01009117
B9 5RG,E01009331,E05011127,Birmingham,E01009331
B31 1NH,E01009497,E05011119,Birmingham,E01009497
B14 6JU,E01008973,E05011133,Birmingham,E01008973
B34 6HA,E01009091,E05011138,Birmingham,E01009091
B44 8RG,E01009229,E05011159,Birmingham,E01009229
B9 5PA,E01009197,E05011145,Birmingham,E01009197
B74 2TQ,E01009425,E05011174,Birmingham,E01009425
B11 1UX,E01009372,E05011170,Birmingham,E01009372
B33 8EA,E01009510,E05011185,Birmingham,E01009510
B30 1LB,E01008951,E05011129,Birmingham,E01008951
B33 8QP,E01009515,E05011185,Birmingham,E01009515
B33 9UX,E01009297,E05011138,Birmingham,E01009297
B11 4QE,E01009397,E05011170,Birmingham,E01009397
B42 2QD,E01009244,E05011159,Birmingham,E01009244
B31 2GG,E01034944,E05011152,Birmingham,E01034944
B18 5DB,E01009360,E05011168,Birmingham,E01009360
B72 1LP,E01009471,E05011181,Birmingham,E01009471
B74 4XS,E01009433,E05011175,Birmingham,E01009433
B17 8LW,E01009138,E05011157,Birmingham,E01009138
B73 5XF,E01009472,E05011179,Birmingham,E01009472
B24 0PE,E01009105,E05011162,Birmingham,E01009105
B16 8JT,E01033618,E05011151,Birmingham,E01033618
B24 0QH,E01009105,E05011162,Birmingham,E01009105
B17 8DJ,E01009065,E05011144,Birmingham,E01009065
B26 3HH,E01009313,E05011166,Birmingham,E01009313
B24 0TL,E01009011,E05011162,Birmingham,E01009011
B36 8TX,,,,
B5 7LT,E01008996,E05011122,Birmingham,E01008996
B18 5TE,E01009359,E05011168,Birmingham,E01009359
B13 9YY,E01009395,E05011171,Birmingham,E01009395
B73 5DJ,E01009473,E05011179,Birmingham,E01009473
B11 3AJ,E01009391,E05011171,Birmingham,E01009391
B19 1QN,E01008905,E05011153,Birmingham,E01008905
B30 1AH,E01008961,E05011129,Birmingham,E01008961
B31 2GH,E01009504,E05011184,Birmingham,E01009504
B76 1TR,E01009437,E05011180,Birmingham,E01009437
B73 5QR,E01009466,E05011179,Birmingham,E01009466
B18 6BU,E01033559,E05011168,Birmingham,E01033559
B33 0EN,E01009301,E05011138,Birmingham,E01009301
B36 8RD,E01009079,E05011131,Birmingham,E01009079
B6 7ED,E01008899,E05011121,Birmingham,E01008899
B20 3LZ,E01034917,E05011125,Birmingham,E01034917
B32 1RY,E01009259,E05011163,Birmingham,E01009259
B33 0BY,E01009301,E05011138,Birmingham,E01009301
B23 5JP,E01009406,E05011161,Birmingham,E01009406
B11 3RX,E01034954,E05011170,Birmingham,E01034954
B38 9QW,E01009110,E05011149,Birmingham,E01009110
B45 0DH,E01009157,E05011136,Birmingham,E01009157
B13 8QA,E01009186,E05011154,Birmingham,E01009186
B11 1XQ,E01009367,E05011170,Birmingham,E01009367
B29 7SZ,E01009293,E05011128,Birmingham,E01009293
B12 9LJ,E01009366,E05011122,Birmingham,E01009366
B8 2JE,E01009486,E05011183,Birmingham,E01009486
B18 4PY,E01009360,E05011168,Birmingham,E01009360
B14 4EG,E01008941,E05011124,Birmingham,E01008941
B42 2SY,E01009239,E05011160,Birmingham,E01009239
B20 3QE,E01009057,E05011125,Birmingham,E01009057
B13 8AE,E01009182,E05011154,Birmingham,E01009182
B44 0BQ,E01009137,E05011150,Birmingham,E01009137
B6 6RD,E01008916,E05011121,Birmingham,E01008916
B8 2XG,E01009484,E05011183,Birmingham,E01009484
B17 9DD,E01009072,E05011144,Birmingham,E01009072
B34 6RH,E01009307,E05011165,Birmingham,E01009307
B44 0NR,E01009129,E05011150,Birmingham,E01009129
B11 4SB,E01033643,E05011171,Birmingham,E01033643
B11 3LT,E01033643,E05011171,Birmingham,E01033643
B33 8RE,E01009508,E05011185,Birmingham,E01009508
B11 4EY,E01009382,E05011171,Birmingham,E01009382
B44 0QL,E01009133,E05011150,Birmingham,E01009133
B35 6PU,E01009096,E05011132,Birmingham,E01009096
B21 8BP,E01009269,E05011147,Birmingham,E01009269
B73 6RN,E01009469,E05011179,Birmingham,E01009469
B31 4BG,E01009210,E05011152,Birmingham,E01009210
B32 2JA,E01009074,E05011144,Birmingham,E01009074
B32 3JH,E01033629,E05011123,Birmingham,E01033629
B23 7HN,E01009125,E05011173,Birmingham,E01009125
B33 9TD,E01009300,E05011138,Birmingham,E01009300
B42 2TY,E01009239,E05011160,Birmingham,E01009239
B13 0TY,E01008933,E05011124,Birmingham,E01008933
B9 5QH,E01009327,E05011127,Birmingham,E01009327
B44 8LQ,E01009230,E05011159,Birmingham,E01009230
B14 6TR,E01008966,E05011130,Birmingham,E01008966
B31 3HD,E01009210,E05011152,Birmingham,E01009210
B9 5QG,E01009343,E05011127,Birmingham,E01009343
B30 1DW,E01008959,E05011129,Birmingham,E01008959
B14 5JD,E01008948,E05011146,Birmingham,E01008948
B29 4PN,E01009493,E05011184,Birmingham,E01009493
B30 2HP,E01008955,E05011129,Birmingham,E01008955
B30 1NE,E01008956,E05011129,Birmingham,E01008956
B73 5HL,E01009460,E05011179,Birmingham,E01009460
B24 0AT,E01009003,E05011135,Birmingham,E01009003
B26 3YP,E01009314,E05011166,Birmingham,E01009314
B1 3EU,E01033565,E05011168,Birmingham,E01033565
B15 2EF,E01033624,E05011151,Birmingham,E01033624
B42 2BG,E01009247,E05011160,Birmingham,E01009247
B25 8XJ,E01009518,E05011185,Birmingham,E01009518
B31 2PB,E01009209,E05011158,Birmingham,E01009209
B28 0RB,E01009042,E05011141,Birmingham,E01009042
B15 2BH,E01033626,E05011151,Birmingham,E01033626
B11 3NG,E01009026,E05011140,Birmingham,E01009026
B33 8AG,E01009509,E05011186,Birmingham,E01009509
B36 8AP,E01009087,E05011131,Birmingham,E01009087
B1 1PR,E01033557,E05011151,Birmingham,E01033557
B5 6ER,E01034947,E05011126,Birmingham,E01034947
B6 7BT,E01008915,E05011121,Birmingham,E01008915
B3 1QZ,E01033623,E05011168,Birmingham,E01033623
B76 1LL,E01009439,E05011180,Birmingham,E01009439
B11 2QA,E01009339,E05011170,Birmingham,E01009339
B73 6AD,E01009449,E05011178,Birmingham,E01009449
B26 3RD,E01009318,E05011166,Birmingham,E01009318
B18 5ED,E01009360,E05011168,Birmingham,E01009360
B17 9RR,E01009072,E05011144,Birmingham,E01009072
B44 9TD,E01009131,E05011150,Birmingham,E01009131
B32 4JR,E01008928,E05011123,Birmingham,E01008928
B33 0EU,E01009297,E05011138,Birmingham,E01009297
B75 7SQ,E01009452,E05011176,Birmingham,E01009452
B11 1NS,E01009371,E05011170,Birmingham,E01009371
B21 0RH,E01034922,E05011168,Birmingham,E01034922
B21 0EF,E01009351,E05011147,Birmingham,E01009351
B24 8EP,E01008998,E05011139,Birmingham,E01008998
B27 6JR,E01008892,E05011118,Birmingham,E01008892
B27 6HA,E01008892,E05011118,Birmingham,E01008892
B15 1EF,E01009146,E05011151,Birmingham,E01009146
B44 0HR,E01009122,E05011150,Birmingham,E01009122
B29 5SR,E01009064,E05011184,Birmingham,E01009064
B28 0TR,E01009042,E05011141,Birmingham,E01009042
B8 2TQ,E01009487,E05011183,Birmingham,E01009487
B8 2QP,E01009480,E05011183,Birmingham,E01009480
B16 9HX,E01008988,E05011157,Birmingham,E01008988
B8 2BB,E01009486,E05011183,Birmingham,E01009486
B30 3NE,E01008974,E05011133,Birmingham,E01008974
B42 1NH,E01009237,E05011160,Birmingham,E01009237
B38 8PW,E01009111,E05011148,Birmingham,E01009111
B21 0EZ,E01009351,E05011147,Birmingham,E01009351
B25 8PB,E01008882,E05011182,Birmingham,E01008882
B44 9DE,E01009224,E05011159,Birmingham,E01009224
B36 8PH,E01009081,E05011131,Birmingham,E01009081
B8 3DE,E01009195,E05011120,Birmingham,E01009195
B11 4LS,E01009382,E05011171,Birmingham,E01009382
B13 0LZ,E01008938,E05011124,Birmingham,E01008938
B20 1DN,E01009264,E05011143,Birmingham,E01009264
B23 6GE,E01033630,E05011173,Birmingham,E01033630
B42 2RD,E01009223,E05011159,Birmingham,E01009223
B29 5QP,E01009502,E05011184,Birmingham,E01009502
B18 4PT,E01009361,E05011168,Birmingham,E01009361
B33 0RU,E01009321,E05011137,Birmingham,E01009321
B29 6EE,E01009289,E05011128,Birmingham,E01009289
B72 1RR,E01009449,E05011178,Birmingham,E01009449
B27 7SY,E01009016,E05011182,Birmingham,E01009016
B15 3RE,E01034937,E05011134,Birmingham,E01034937
B8 1NQ,E01009192,E05011120,Birmingham,E01009192
B34 6PX,E01009305,E05011165,Birmingham,E01009305
B27 6SR,E01008895,E05011118,Birmingham,E01008895
B32 1LH,E01009249,E05011163,Birmingham,E01009249
B16 8DT,E01009143,E05011151,Birmingham,E01009143
B20 3LN,E01034917,E05011125,Birmingham,E01034917
B16 8HG,E01034949,E05011151,Birmingham,E01034949
B14 4HA,E01008941,E05011124,Birmingham,E01008941
B19 3LZ,E01033623,E05011168,Birmingham,E01033623
B17 0PS,E01033562,E05011144,Birmingham,E01033562
B9 5AA,E01009344,E05011127,Birmingham,E01009344
B23 7EB,E01009126,E05011173,Birmingham,E01009126
B29 6TX,E01009280,E05011129,Birmingham,E01009280
B23 5YH,E01009136,E05011161,Birmingham,E01009136
B20 2BX,E01009352,E05011142,Birmingham,E01009352
B23 7QS,E01009413,E05011173,Birmingham,E01009413
B18 5JY,E01009359,E05011168,Birmingham,E01009359
B7 5QH,E01009202,E05011155,Birmingham,E01009202
B16 9SQ,E01008988,E05011157,Birmingham,E01008988
B27 7BT,E01009021,E05011118,Birmingham,E01009021
B32 2QY,E01009258,E05011163,Birmingham,E01009258
B38 0HH,E01009120,E05011149,Birmingham,E01009120
B8 1RZ,E01009489,E05011120,Birmingham,E01009489
B44 9TP,E01009227,E05011159,Birmingham,E01009227
B21 0SQ,E01034921,E05011168,Birmingham,E01034921
B29 6DP,E01009289,E05011128,Birmingham,E01009289
B19 2BA,E01008906,E05011153,Birmingham,E01008906
B19 1EP,E01008907,E05011153,Birmingham,E01008907
B20 2RH,E01009056,E05011125,Birmingham,E01009056
B20 3PP,E01009059,E05011125,Birmingham,E01009059
B23 6AN,E01033646,E05011173,Birmingham,E01033646
B74 4UF,E01009418,E05011175,Birmingham,E01009418
B5 6AQ,E01033615,E05011126,Birmingham,E01033615
B33 8JS,E01009511,E05011137,Birmingham,E01009511
B74 4YB,E01009433,E05011175,Birmingham,E01009433
B27 6LH,E01008893,E05011118,Birmingham,E01008893
B9 5PP,E01009331,E05011127,Birmingham,E01009331
B3 1UD,E01033623,E05011168,Birmingham,E01033623
B31 2XP,E01008958,E05011129,Birmingham,E01008958
B34 6RJ,E01009307,E05011165,Birmingham,E01009307
B23 7TE,E01009125,E05011173,Birmingham,E01009125
B31 1JY,E01009496,E05011119,Birmingham,E01009496
B5 7LZ,E01008995,E05011122,Birmingham,E01008995
B17 0BL,E01009071,E05011144,Birmingham,E01009071
B16 0EU,E01009153,E05011157,Birmingham,E01009153
B9 5XF,E01009343,E05011127,Birmingham,E01009343
B31 2DN,E01009218,E05011158,Birmingham,E01009218
B4 6NA,E01033617,E05011156,Birmingham,E01033617
B8 1HN,E01034934,E05011120,Birmingham,E01034934
B16 8ER,E01009141,E05011151,Birmingham,E01009141
B8 2HS,E01009481,E05011183,Birmingham,E01009481
B34 7JB,E01009304,E05011165,Birmingham,E01009304
B42 2JX,E01009225,E05011159,Birmingham,E01009225
B9 5EA,E01009344,E05011127,Birmingham,E01009344
B32 1DP,E01009253,E05011163,Birmingham,E01009253
B13 9PU,E01009185,E05011154,Birmingham,E01009185
B14 6NB,E01008973,E05011130,Birmingham,E01008973
B14 5UW,E01008980,E05011133,Birmingham,E01008980
B12 0EN,E01009364,E05011126,Birmingham,E01009364
B11 4DR,E01009393,E05011171,Birmingham,E01009393
B15 2AS,E01033624,E05011151,Birmingham,E01033624
B23 7YU,E01009411,E05011173,Birmingham,E01009411
B11 3AY,E01034955,E05011140,Birmingham,E01034955
B27 7JY,E01009025,E05011118,Birmingham,E01009025
B29 5BH,E01009505,E05011184,Birmingham,E01009505
B23 6HH,E01009408,E05011173,Birmingham,E01009408
B30 2AA,E01009281,E05011129,Birmingham,E01009281
B38 9RY,E01009115,E05011149,Birmingham,E01009115
B31 3BA,E01009117,E05011148,Birmingham,E01009117
B73 6UP,E01009467,E05011179,Birmingham,E01009467
B7 5BE,E01034928,E05011155,Birmingham,E01034928
B8 3NX,E01009492,E05011120,Birmingham,E01009492
B72 1ES,E01009457,E05011181,Birmingham,E01009457
B11 4HS,E01009392,E05011171,Birmingham,E01009392
B73 5AX,E01009473,E05011179,Birmingham,E01009473
B27 6ET,E01008892,E05011118,Birmingham,E01008892
B20 3BD,E01009058,E05011121,Birmingham,E01009058
B17 9AP,E01009260,E05011163,Birmingham,E01009260
B44 8RJ,E01009230,E05011159,Birmingham,E01009230
B38 8NB,E01009112,E05011148,Birmingham,E01009112
B44 0HU,E01009122,E05011150,Birmingham,E01009122
B28 9EL,E01009035,E05011140,Birmingham,E01009035
B33 9EW,E01009094,E05011138,Birmingham,E01009094
B28 9BH,E01009031,E05011140,Birmingham,E01009031
B30 1UU,E01008950,E05011129,Birmingham,E01008950
B12 0YE,E01009362,E05011126,Birmingham,E01009362
B5 7EX,E01033640,E05011126,Birmingham,E01033640
B1 2LJ,E01033557,E05011151,Birmingham,E01033557
B29 5EP,E01009503,E05011184,Birmingham,E01009503
B9 5FF,E01009197,E05011145,Birmingham,E01009197
B3 1TE,E01033623,E05011168,Birmingham,E01033623
B28 0AR,E01009031,E05011140,Birmingham,E01009031
B18 5NQ,E01009358,E05011168,Birmingham,E01009358
B19 1RT,E01009062,E05011153,Birmingham,E01009062
B20 2HN,E01009265,E05011143,Birmingham,E01009265
B24 8AE,E01009013,E05011135,Birmingham,E01009013
B18 5NS,E01009358,E05011168,Birmingham,E01009358
B1 3DQ,E01034950,E05011168,Birmingham,E01034950
B18 4QH,E01009360,E05011168,Birmingham,E01009360
B11 3LU,E01033643,E05011171,Birmingham,E01033643
B31 4EJ,E01009213,E05011152,Birmingham,E01009213
B25 8NZ,E01008882,E05011182,Birmingham,E01008882
B12 8HN,E01009399,E05011170,Birmingham,E01009399
B31 4JX,E01009168,E05011152,Birmingham,E01009168
B31 2SP,E01009208,E05011158,Birmingham,E01009208
B18 5QS,E01009348,E05011168,Birmingham,E01009348
B31 4QZ,E01009168,E05011152,Birmingham,E01009168
B24 9EQ,E01009007,E05011135,Birmingham,E01009007
B16 8GX,E01034948,E05011151,Birmingham,E01034948
B19 1TL,E01008906,E05011153,Birmingham,E01008906
B30 1PJ,E01008956,E05011129,Birmingham,E01008956
B20 2BF,E01009050,E05011143,Birmingham,E01009050
B33 9JP,E01009092,E05011138,Birmingham,E01009092
B72 1NU,E01009453,E05011178,Birmingham,E01009453
B2 4PE,E01033620,E05011151,Birmingham,E01033620
B24 9LE,E01009011,E05011135,Birmingham,E01009011
B30 1US,E01008950,E05011129,Birmingham,E01008950
B42 2JT,E01009225,E05011159,Birmingham,E01009225
B13 8AT,E01009384,E05011154,Birmingham,E01009384
B18 4HW,E01009152,E05011157,Birmingham,E01009152
B3 1RZ,E01033623,E05011168,Birmingham,E01033623
B74 2AQ,E01009464,E05011179,Birmingham,E01009464
B6 7DL,E01008915,E05011121,Birmingham,E01008915
B32 3TQ,E01008918,E05011123,Birmingham,E01008918
B7 4JU,E01009204,E05011155,Birmingham,E01009204
B76 2BF,E01009434,E05011180,Birmingham,E01009434
B29 7AG,E01034940,E05011128,Birmingham,E01034940
B18 4NE,E01009361,E05011168,Birmingham,E01009361
B28 9EY,E01032589,E05011140,Birmingham,E01032589
B15 3RL,E01008990,E05011134,Birmingham,E01008990
B31 2DT,E01008962,E05011129,Birmingham,E01008962
B42 1PX,E01009241,E05011160,Birmingham,E01009241
B33 8LH,E01009512,E05011137,Birmingham,E01009512
B21 9AG,E01009270,E05011142,Birmingham,E01009270
B32 3RR,E01008918,E05011123,Birmingham,E01008918
B29 5AQ,E01009294,E05011184,Birmingham,E01009294
B44 9NY,E01009220,E05011159,Birmingham,E01009220
B33 0AD,E01009299,E05011138,Birmingham,E01009299
B38 8TL,E01009116,E05011148,Birmingham,E01009116
B44 8AX,E01009232,E05011150,Birmingham,E01009232
B30 1QQ,E01008950,E05011129,Birmingham,E01008950
B21 0JJ,E01009354,E05011147,Birmingham,E01009354
B19 2SG,E01008913,E05011156,Birmingham,E01008913
B14 5QF,E01008979,E05011133,Birmingham,E01008979
B32 3SJ,E01008918,E05011123,Birmingham,E01008918
B33 0DT,E01009303,E05011138,Birmingham,E01009303
B13 8LR,E01009183,E05011154,Birmingham,E01009183
B13 9RD,E01009189,E05011154,Birmingham,E01009189
B32 2NT,E01009074,E05011144,Birmingham,E01009074
B19 2AX,E01008906,E05011153,Birmingham,E01008906
B34 6TU,E01009306,E05011165,Birmingham,E01009306
B24 9HH,E01009012,E05011135,Birmingham,E01009012
B31 3DZ,E01009214,E05011152,Birmingham,E01009214
B10 9DE,E01009335,E05011167,Birmingham,E01009335
B24 0HS,E01009005,E05011135,Birmingham,E01009005
B42 1RR,E01009241,E05011160,Birmingham,E01009241
B76 2SD,E01009434,E05011180,Birmingham,E01009434
B19 2TA,E01034925,E05011153,Birmingham,E01034925
B5 5JE,E01033617,E05011155,Birmingham,E01033617
B18 7AU,E01009141,E05011151,Birmingham,E01009141
B12 0TU,E01009364,E05011126,Birmingham,E01009364
B38 9EL,E01009115,E05011148,Birmingham,E01009115
B21 0NA,E01009275,E05011147,Birmingham,E01009275
B26 3RL,E01009318,E05011166,Birmingham,E01009318
B74 2PZ,E01009430,E05011178,Birmingham,E01009430
B73 6BH,E01009430,E05011178,Birmingham,E01009430
B72 1LR,E01009471,E05011181,Birmingham,E01009471
B5 7EW,E01033640,E05011126,Birmingham,E01033640
B72 1TR,,,,
B5 6FG,E01033615,E05011126,Birmingham,E01033615
B16 0LS,E01009140,E05011157,Birmingham,E01009140
B20 3AX,E01009054,E05011121,Birmingham,E01009054
B21 8JU,E01009268,E05011143,Birmingham,E01009268
B73 5PZ,E01009471,E05011181,Birmingham,E01009471
B23 7XL,E01009123,E05011173,Birmingham,E01009123
B5 6EH,E01034947,E05011126,Birmingham,E01034947
B30 1DB,E01008956,E05011129,Birmingham,E01008956
B6 6BX,E01034923,E05011121,Birmingham,E01034923
B12 8LZ,E01009375,E05011170,Birmingham,E01009375
B29 5SJ,E01009064,E05011184,Birmingham,E01009064
B16 0RU,E01009140,E05011157,Birmingham,E01009140
B23 6TY,E01009007,E05011135,Birmingham,E01009007
B8 2TY,E01009487,E05011183,Birmingham,E01009487
B26 2NL,E01009324,E05011166,Birmingham,E01009324
B34 6NS,E01009305,E05011131,Birmingham,E01009305
B19 2HT,E01008906,E05011156,Birmingham,E01008906
B27 7LN,E01009024,E05011118,Birmingham,E01009024
B1 1UH,E01033616,E05011151,Birmingham,E01033616
B34 7PA,E01009306,E05011165,Birmingham,E01009306
B17 9RJ,E01009072,E05011144,Birmingham,E01009072
B31 5BE,E01009209,E05011158,Birmingham,E01009209
B35 7LW,E01009097,E05011132,Birmingham,E01009097
B32 3TL,E01008918,E05011123,Birmingham,E01008918
B5 7DJ,E01033640,E05011126,Birmingham,E01033640
B13 8EJ,E01009385,E05011154,Birmingham,E01009385
B8 1PH,E01009479,E05011120,Birmingham,E01009479
B1 3EX,E01034951,E05011168,Birmingham,E01034951
B12 9BD,E01009374,E05011122,Birmingham,E01009374
B25 8FG,E01008887,E05011169,Birmingham,E01008887
B35 7PG,E01009106,E05011132,Birmingham,E01009106
B13 0DJ,E01008933,E05011124,Birmingham,E01008933
B30 3QE,E01008973,E05011133,Birmingham,E01008973
B32 3RS,E01008919,E05011123,Birmingham,E01008919
B32 1DX,E01009253,E05011163,Birmingham,E01009253
B75 7RG,E01009445,E05011176,Birmingham,E01009445
B38 9LX,E01009120,E05011149,Birmingham,E01009120
B34 6EY,E01009091,E05011138,Birmingham,E01009091
B13 0ED,E01008937,E05011124,Birmingham,E01008937
B18 7DX,E01009345,E05011168,Birmingham,E01009345
B42 2EJ,E01009246,E05011160,Birmingham,E01009246
B45 8TL,E01009165,E05011164,Birmingham,E01009165
B33 9LN,E01009093,E05011138,Birmingham,E01009093
B25 8SL,E01008896,E05011186,Birmingham,E01008896
B20 3JU,E01034918,E05011125,Birmingham,E01034918
B44 0PA,E01009135,E05011150,Birmingham,E01009135
B36 8BX,E01009083,E05011131,Birmingham,E01009083
B10 0SX,E01009380,E05011127,Birmingham,E01009380
B42 2TA,E01009239,E05011160,Birmingham,E01009239
B44 9TY,E01009226,E05011159,Birmingham,E01009226
B75 7RX,E01009432,E05011176,Birmingham,E01009432
B14 4HP,E01008937,E05011124,Birmingham,E01008937
B8 2BD,E01009486,E05011183,Birmingham,E01009486
B44 9SD,E01009226,E05011159,Birmingham,E01009226
B32 3NB,E01033629,E05011123,Birmingham,E01033629
B3 3DR,E01033625,E05011151,Birmingham,E01033625
B9 5DF,E01009332,E05011127,Birmingham,E01009332
B31 2FT,E01009493,E05011184,Birmingham,E01009493
B31 4ER,E01009215,E05011152,Birmingham,E01009215
B10 0AL,E01009379,E05011127,Birmingham,E01009379
B35 7LH,E01009097,E05011132,Birmingham,E01009097
B34 6TJ,E01009309,E05011165,Birmingham,E01009309
B10 9PE,E01009327,E05011167,Birmingham,E01009327
B35 6HT,E01009106,E05011132,Birmingham,E01009106
B27 7EU,E01009021,E05011118,Birmingham,E01009021
B16 0LA,E01009151,E05011157,Birmingham,E01009151
B28 0TX,E01009042,E05011141,Birmingham,E01009042
B1 2PS,E01033627,E05011151,Birmingham,E01033627
B9 5TY,E01009475,E05011145,Birmingham,E01009475
B34 7SQ,E01009297,E05011165,Birmingham,E01009297
B26 3JB,E01009315,E05011166,Birmingham,E01009315
B15 2SU,E01033562,E05011134,Birmingham,E01033562
B14 7NH,E01008963,E05011130,Birmingham,E01008963
B17 9SR,E01009065,E05011144,Birmingham,E01009065
B44 0PY,E01009122,E05011150,Birmingham,E01009122
B30 1TR,E01009281,E05011129,Birmingham,E01009281
B12 9PB,E01009376,E05011122,Birmingham,E01009376
B19 1SU,E01034923,E05011121,Birmingham,E01034923
B16 8RH,E01034948,E05011151,Birmingham,E01034948
B73 5AN,E01009473,E05011179,Birmingham,E01009473
B12 0AL,E01034947,E05011126,Birmingham,E01034947
B12 0RU,E01034946,E05011126,Birmingham,E01034946
B8 2XH,E01009479,E05011183,Birmingham,E01009479
B32 2AD,E01009254,E05011163,Birmingham,E01009254
B28 8BZ,E01009045,E05011140,Birmingham,E01009045
B26 2JY,E01009519,E05011185,Birmingham,E01009519
B21 0TH,E01009359,E05011168,Birmingham,E01009359
B11 4PS,E01009396,E05011171,Birmingham,E01009396
B11 3AX,E01034955,E05011140,Birmingham,E01034955
B31 1PE,E01009497,E05011119,Birmingham,E01009497
B6 6EA,E01034920,E05011121,Birmingham,E01034920
B10 9LD,E01009326,E05011167,Birmingham,E01009326
B23 6SS,E01009007,E05011135,Birmingham,E01009007
B20 3HE,E01009053,E05011121,Birmingham,E01009053
B34 7RG,E01009304,E05011165,Birmingham,E01009304
B75 5ER,E01009423,E05011175,Birmingham,E01009423
B34 6EW,E01009091,E05011138,Birmingham,E01009091
B44 0AG,E01009122,E05011150,Birmingham,E01009122
B32 4EB,E01008928,E05011123,Birmingham,E01008928
B13 9BL,E01009390,E05011154,Birmingham,E01009390
B24 0NJ,E01009098,E05011162,Birmingham,E01009098
B5 7DG,E01033640,E05011126,Birmingham,E01033640
B24 8AD,E01009013,E05011135,Birmingham,E01009013
B31 2AS,E01008958,E05011158,Birmingham,E01008958
B23 7NZ,E01009413,E05011173,Birmingham,E01009413
B14 7QT,E01009178,E05011130,Birmingham,E01009178
B10 0QS,E01009379,E05011127,Birmingham,E01009379
B8 2QW,E01009480,E05011183,Birmingham,E01009480
B8 3TE,E01034932,E05011120,Birmingham,E01034932
B31 2YU,E01009213,E05011152,Birmingham,E01009213
B5 6EX,E01033640,E05011126,Birmingham,E01033640
B16 0BG,E01009153,E05011151,Birmingham,E01009153
B24 9LR,E01009011,E05011162,Birmingham,E01009011
B30 2QP,E01008953,E05011172,Birmingham,E01008953
B19 3SR,E01034930,E05011156,Birmingham,E01034930
B38 9EF,E01009113,E05011149,Birmingham,E01009113
B19 3PS,E01034930,E05011156,Birmingham,E01034930
B12 8SP,E01009377,E05011170,Birmingham,E01009377
B7 4QL,E01034927,E05011155,Birmingham,E01034927
B24 9AG,E01009013,E05011135,Birmingham,E01009013
B32 3SU,E01008931,E05011123,Birmingham,E01008931
B25 8BJ,E01008883,E05011182,Birmingham,E01008883
B14 7RH,E01009178,E05011130,Birmingham,E01009178
B19 3JH,E01034930,E05011156,Birmingham,E01034930
B14 5LT,E01008976,E05011133,Birmingham,E01008976
B10 0BE,E01009363,E05011127,Birmingham,E01009363
B17 8NR,E01009147,E05011157,Birmingham,E01009147
B20 2AQ,E01009049,E05011143,Birmingham,E01009049
B26 1LY,E01009313,E05011166,Birmingham,E01009313
B28 0UY,E01009041,E05011141,Birmingham,E01009041
B32 3HF,E01033629,E05011123,Birmingham,E01033629
B20 3BA,E01009058,E05011121,Birmingham,E01009058
B11 1RR,E01009365,E05011170,Birmingham,E01009365
B4 6FL,E01033617,E05011151,Birmingham,E01033617
B75 7EA,E01009452,E05011176,Birmingham,E01009452
B26 1PP,E01009312,E05011166,Birmingham,E01009312
B23 6NB,E01009002,E05011135,Birmingham,E01009002
B8 2AP,E01009490,E05011183,Birmingham,E01009490
B23 5RX,E01009002,E05011135,Birmingham,E01009002
B26 3HD,E01009315,E05011166,Birmingham,E01009315
B23 6JA,E01009405,E05011173,Birmingham,E01009405
B7 5QR,E01009201,E05011155,Birmingham,E01009201
B15 2BB,E01033624,E05011151,Birmingham,E01033624
B8 2XJ,E01009484,E05011183,Birmingham,E01009484
B11 3DW,E01009018,E05011182,Birmingham,E01009018
B11 2BX,E01008889,E05011182,Birmingham,E01008889
B16 8EP,E01009141,E05011151,Birmingham,E01009141
B21 8PD,E01009268,E05011143,Birmingham,E01009268
B1 2NN,E01033627,E05011151,Birmingham,E01033627
B23 5RD,E01009405,E05011135,Birmingham,E01009405
B13 8AG,E01009182,E05011154,Birmingham,E01009182
B5 7EZ,E01033640,E05011126,Birmingham,E01033640
B12 0PY,E01034946,E05011126,Birmingham,E01034946
B74 4NA,E01009419,E05011174,Birmingham,E01009419
B73 5HE,E01009460,E05011179,Birmingham,E01009460
B33 9PP,E01009311,E05011138,Birmingham,E01009311
B73 5RR,E01009459,E05011179,Birmingham,E01009459
B38 9AT,E01009120,E05011149,Birmingham,E01009120
B32 3QL,E01008920,E05011123,Birmingham,E01008920
B13 9UT,E01009395,E05011171,Birmingham,E01009395
B5 7NN,E01008996,E05011122,Birmingham,E01008996
B32 2QF,E01009258,E05011163,Birmingham,E01009258
B8 1PW,E01009482,E05011120,Birmingham,E01009482
B35 6DW,E01009099,E05011132,Birmingham,E01009099
B16 9ST,E01009145,E05011157,Birmingham,E01009145
B73 6QJ,E01009469,E05011179,Birmingham,E01009469
B34 7DP,E01009304,E05011165,Birmingham,E01009304
B23 7UQ,E01009125,E05011173,Birmingham,E01009125
B1 2JR,E01033557,E05011151,Birmingham,E01033557
B27 6HL,E01008892,E05011118,Birmingham,E01008892
B23 7JP,E01009412,E05011173,Birmingham,E01009412
B17 9NE,E01009069,E05011144,Birmingham,E01009069
B1 3DB,E01033565,E05011168,Birmingham,E01033565
B38 9NY,E01009120,E05011149,Birmingham,E01009120
B33 0LS,E01009302,E05011138,Birmingham,E01009302
B21 0PN,E01034922,E05011168,Birmingham,E01034922
B6 6QB,E01008899,E05011121,Birmingham,E01008899
B42 1SP,E01009242,E05011160,Birmingham,E01009242
B18 6FG,E01033559,E05011168,Birmingham,E01033559
B26 1LL,E01009313,E05011166,Birmingham,E01009313
B21 0AR,E01009349,E05011147,Birmingham,E01009349
B23 6PE,E01009407,E05011173,Birmingham,E01009407
B42 2DT,E01009234,E05011160,Birmingham,E01009234
B21 8JP,E01009268,E05011143,Birmingham,E01009268
B32 3DJ,E01008920,E05011123,Birmingham,E01008920
B20 3RT,E01009057,E05011125,Birmingham,E01009057
B38 9AL,E01009120,E05011149,Birmingham,E01009120
B15 2EN,E01033624,E05011151,Birmingham,E01033624
B24 0RY,E01009098,E05011162,Birmingham,E01009098
B21 8EF,E01009269,E05011147,Birmingham,E01009269
B14 4LR,E01008946,E05011146,Birmingham,E01008946
B16 0DS,E01009153,E05011151,Birmingham,E01009153
B15 1BB,E01034948,E05011151,Birmingham,E01034948
B1 2SZ,E01034951,E05011151,Birmingham,E01034951
B15 1HE,E01009146,E05011151,Birmingham,E01009146
B31 3JH,E01009214,E05011152,Birmingham,E01009214
B11 1LW,E01009368,E05011170,Birmingham,E01009368
B26 1DR,E01008888,E05011169,Birmingham,E01008888
B25 8YP,E01009521,E05011185,Birmingham,E01009521
B32 3HR,E01008920,E05011123,Birmingham,E01008920
B8 1NZ,E01009484,E05011120,Birmingham,E01009484
B33 8TE,E01009513,E05011186,Birmingham,E01009513
B29 5LA,E01009502,E05011184,Birmingham,E01009502
B26 1TN,E01009520,E05011185,Birmingham,E01009520
B14 5PX,E01008979,E05011133,Birmingham,E01008979
B34 7HS,E01009310,E05011165,Birmingham,E01009310
B20 1AY,E01009267,E05011143,Birmingham,E01009267
B33 9SN,E01009300,E05011138,Birmingham,E01009300
B33 9QU,E01009300,E05011138,Birmingham,E01009300
B44 8UN,E01009227,E05011159,Birmingham,E01009227
B33 8JY,E01009511,E05011137,Birmingham,E01009511
B75 7NA,E01009445,E05011176,Birmingham,E01009445
B38 8XX,E01009118,E05011148,Birmingham,E01009118
B10 0JY,E01009380,E05011127,Birmingham,E01009380
B32 1PA,E01009249,E05011163,Birmingham,E01009249
B11 3DT,E01009014,E05011140,Birmingham,E01009014
B5 7UU,E01008997,E05011134,Birmingham,E01008997
B26 1LR,E01009313,E05011166,Birmingham,E01009313
B27 7EN,E01009021,E05011118,Birmingham,E01009021
B21 0ES,E01009351,E05011147,Birmingham,E01009351
B31 5GD,E01034942,E05011136,Birmingham,E01034942
B31 5EA,E01009159,E05011136,Birmingham,E01009159
B32 3JS,E01033629,E05011123,Birmingham,E01033629
B45 0HG,E01009160,E05011136,Birmingham,E01009160
B20 3UT,E01034918,E05011125,Birmingham,E01034918
B31 3LS,E01009214,E05011152,Birmingham,E01009214
B3 2EE,E01033620,E05011151,Birmingham,E01033620
B13 0SJ,E01009179,E05011130,Birmingham,E01009179
B33 9NS,E01009093,E05011138,Birmingham,E01009093
B15 1BJ,E01034948,E05011151,Birmingham,E01034948
B19 1DD,E01009355,E05011153,Birmingham,E01009355
B15 1BH,E01034948,E05011151,Birmingham,E01034948
B23 6SD,E01009007,E05011135,Birmingham,E01009007
B31 5QE,E01009173,E05011119,Birmingham,E01009173
B76 2PF,E01009435,E05011180,Birmingham,E01009435
B75 6TP,E01009431,E05011175,Birmingham,E01009431
B24 9PG,E01009102,E05011162,Birmingham,E01009102
B4 6HU,E01034930,E05011156,Birmingham,E01034930
B31 3TU,E01009209,E05011152,Birmingham,E01009209
B74 4RU,E01009415,E05011175,Birmingham,E01009415
B14 5LJ,E01008976,E05011133,Birmingham,E01008976
B16 0ND,E01009140,E05011157,Birmingham,E01009140
B14 6SR,E01008967,E05011130,Birmingham,E01008967
B34 6TN,E01009309,E05011165,Birmingham,E01009309
B11 2BU,E01008889,E05011182,Birmingham,E01008889
B9 5NY,E01009197,E05011145,Birmingham,E01009197
B29 6PJ,E01009295,E05011184,Birmingham,E01009295
B16 8HT,E01034949,E05011151,Birmingham,E01034949
B16 8WP,E01034948,E05011151,Birmingham,E01034948
B27 7SQ,E01009016,E05011182,Birmingham,E01009016
B20 3QD,E01009057,E05011125,Birmingham,E01009057
B10 0QH,E01009379,E05011127,Birmingham,E01009379
B28 8NB,E01009045,E05011140,Birmingham,E01009045
B11 1XH,E01009371,E05011170,Birmingham,E01009371
B23 5QZ,E01009460,E05011179,Birmingham,E01009460
B7 4QF,E01034927,E05011155,Birmingham,E01034927
B20 2HY,E01009265,E05011143,Birmingham,E01009265
B2 5BG,E01033620,E05011151,Birmingham,E01033620
B11 3BH,E01034955,E05011140,Birmingham,E01034955
B42 2QY,E01009223,E05011159,Birmingham,E01009223
B25 8HH,E01008884,E05011182,Birmingham,E01008884
B73 5DZ,E01009474,E05011179,Birmingham,E01009474
B6 5EP,E01034926,E05011121,Birmingham,E01034926
B10 9EN,E01009329,E05011167,Birmingham,E01009329
B26 1EU,E01008891,E05011169,Birmingham,E01008891
B28 0TN,E01009042,E05011141,Birmingham,E01009042
B15 2BN,E01008994,E05011134,Birmingham,E01008994
B16 0JS,E01009151,E05011157,Birmingham,E01009151
B9 5XR,E01009342,E05011145,Birmingham,E01009342
B23 5RG,E01009404,E05011135,Birmingham,E01009404
B9 5BS,E01009332,E05011127,Birmingham,E01009332
B38 8QX,E01009107,E05011149,Birmingham,E01009107
B20 3PJ,E01009059,E05011125,Birmingham,E01009059
B13 8BX,E01009384,E05011154,Birmingham,E01009384
B11 1LX,E01009368,E05011170,Birmingham,E01009368
B31 2QG,E01009219,E05011158,Birmingham,E01009219
B8 1QA,E01009479,E05011120,Birmingham,E01009479
B20 3SU,E01009048,E05011125,Birmingham,E01009048
B11 3NJ,E01009026,E05011140,Birmingham,E01009026
B44 0LT,E01009130,E05011150,Birmingham,E01009130
B20 3DB,E01009051,E05011121,Birmingham,E01009051
B44 9QD,E01009233,E05011159,Birmingham,E01009233
B44 0LF,E01009130,E05011150,Birmingham,E01009130
B26 1BA,E01008881,E05011169,Birmingham,E01008881
B8 2PY,E01009477,E05011138,Birmingham,E01009477
B29 7QR,E01009286,E05011128,Birmingham,E01009286
B20 3HG,E01009053,E05011121,Birmingham,E01009053
B31 3SA,E01009212,E05011152,Birmingham,E01009212
B19 2HX,E01008909,E05011156,Birmingham,E01008909
B6 6AU,E01034923,E05011121,Birmingham,E01034923
B32 3BE,E01008919,E05011123,Birmingham,E01008919
B14 6DE,E01008968,E05011130,Birmingham,E01008968
B13 0PQ,E01008969,E05011124,Birmingham,E01008969
B17 9TP,E01009070,E05011144,Birmingham,E01009070
B75 5NF,E01009420,E05011177,Birmingham,E01009420
B8 2TR,E01009486,E05011183,Birmingham,E01009486
B13 0HN,E01008932,E05011124,Birmingham,E01008932
B36 8LS,E01009080,E05011131,Birmingham,E01009080
B28 0DT,E01009037,E05011141,Birmingham,E01009037
B28 0LB,E01009040,E05011141,Birmingham,E01009040
B18 6NG,E01034951,E05011168,Birmingham,E01034951
B28 8AY,E01009043,E05011140,Birmingham,E01009043
B26 1EY,E01008891,E05011169,Birmingham,E01008891
B31 5JG,E01034942,E05011136,Birmingham,E01034942
B29 6PY,E01009292,E05011184,Birmingham,E01009292
B10 9BN,E01009325,E05011167,Birmingham,E01009325
B15 2DH,E01033624,E05011151,Birmingham,E01033624
B8 3PF,E01009492,E05011120,Birmingham,E01009492
B23 7TH,E01009125,E05011173,Birmingham,E01009125
B12 9LG,E01009366,E05011122,Birmingham,E01009366
B21 9HY,E01009350,E05011142,Birmingham,E01009350
B6 6AP,E01009061,E05011121,Birmingham,E01009061
B32 1PY,E01009249,E05011163,Birmingham,E01009249
B12 9PW,E01034939,E05011122,Birmingham,E01034939
B11 4ET,E01009395,E05011171,Birmingham,E01009395
B11 4NE,E01009389,E05011171,Birmingham,E01009389
B25 8LR,E01008890,E05011169,Birmingham,E01008890
B31 1RP,E01009499,E05011119,Birmingham,E01009499
B42 1RH,E01009242,E05011160,Birmingham,E01009242
B31 1EX,E01009495,E05011123,Birmingham,E01009495
B19 1JW,E01009062,E05011153,Birmingham,E01009062
B14 6HU,E01008970,E05011130,Birmingham,E01008970
B36 8EJ,E01009085,E05011131,Birmingham,E01009085
B13 9XB,E01009045,E05011154,Birmingham,E01009045
B19 2YF,E01008913,E05011156,Birmingham,E01008913
B13 0UR,E01008937,E05011124,Birmingham,E01008937
B20 1EP,E01009276,E05011143,Birmingham,E01009276
B72 1BY,E01009463,E05011181,Birmingham,E01009463
B17 8EP,E01009138,E05011157,Birmingham,E01009138
B33 8JX,E01009512,E05011137,Birmingham,E01009512
B7 5BW,E01034928,E05011155,Birmingham,E01034928
B33 9PY,E01009311,E05011138,Birmingham,E01009311
B44 8NX,E01009223,E05011159,Birmingham,E01009223
B24 8JH,E01008998,E05011139,Birmingham,E01008998
B28 9DP,E01009031,E05011140,Birmingham,E01009031
B75 5NY,E01009416,E05011177,Birmingham,E01009416
B17 8LT,E01009138,E05011157,Birmingham,E01009138
B29 4EA,E01009494,E05011184,Birmingham,E01009494
B14 6DR,E01008968,E05011130,Birmingham,E01008968
B16 8JA,E01034949,E05011151,Birmingham,E01034949
B21 9QB,E01009266,E05011142,Birmingham,E01009266
B27 7BU,E01009021,E05011118,Birmingham,E01009021
B16 0NU,E01009151,E05011157,Birmingham,E01009151
B26 3YL,E01009314,E05011166,Birmingham,E01009314
B21 9LQ,E01009275,E05011142,Birmingham,E01009275
B17 9BY,E01009252,E05011163,Birmingham,E01009252
B16 8HN,E01034948,E05011151,Birmingham,E01034948
B15 2DS,E01033640,E05011151,Birmingham,E01033640
B13 0RP,E01008936,E05011124,Birmingham,E01008936
B23 5YP,E01009135,E05011161,Birmingham,E01009135
B24 8AU,E01009000,E05011139,Birmingham,E01009000
B28 9JX,E01009032,E05011140,Birmingham,E01009032
B33 8EN,E01009514,E05011137,Birmingham,E01009514
B30 3BL,E01008955,E05011172,Birmingham,E01008955
B13 9ES,E01009187,E05011154,Birmingham,E01009187
B31 1LB,E01009496,E05011119,Birmingham,E01009496
B26 1RN,E01009520,E05011185,Birmingham,E01009520
B27 7JW,E01009024,E05011118,Birmingham,E01009024
B14 4JT,E01008939,E05011146,Birmingham,E01008939
B10 9QE,E01009332,E05011127,Birmingham,E01009332
B10 0HZ,E01009338,E05011167,Birmingham,E01009338
B20 3QY,E01009050,E05011125,Birmingham,E01009050
B33 0BZ,E01009301,E05011138,Birmingham,E01009301
B76 1XQ,E01009443,E05011180,Birmingham,E01009443
B33 8UN,E01009513,E05011186,Birmingham,E01009513
B12 0NF,E01034946,E05011126,Birmingham,E01034946
B17 9SN,E01009065,E05011144,Birmingham,E01009065
B6 6RT,E01008916,E05011121,Birmingham,E01008916
B13 9AG,E01033648,E05011154,Birmingham,E01033648
B15 2HR,E01008995,E05011134,Birmingham,E01008995
B18 4HJ,E01009152,E05011157,Birmingham,E01009152
B14 4NE,E01008942,E05011146,Birmingham,E01008942
B12 9TW,E01009374,E05011122,Birmingham,E01009374
B11 4JL,E01009389,E05011171,Birmingham,E01009389
B24 0TN,E01009009,E05011162,Birmingham,E01009009
B21 0SG,E01034921,E05011168,Birmingham,E01034921
B9 5NX,E01009197,E05011145,Birmingham,E01009197
B8 3LA,E01009485,E05011120,Birmingham,E01009485
B45 9AY,E01009159,E05011136,Birmingham,E01009159
B32 3RE,E01008917,E05011123,Birmingham,E01008917
B23 7AR,E01009406,E05011173,Birmingham,E01009406
B24 9DZ,E01009008,E05011135,Birmingham,E01009008
B20 3LT,E01034917,E05011125,Birmingham,E01034917
B9 4UL,E01034935,E05011126,Birmingham,E01034935
B11 1EN,E01009363,E05011170,Birmingham,E01009363
B13 8NQ,E01009186,E05011154,Birmingham,E01009186
B75 7QU,E01009447,E05011176,Birmingham,E01009447
B29 7AA,E01009289,E05011128,Birmingham,E01009289
B8 3NP,E01009488,E05011120,Birmingham,E01009488
B34 7SJ,E01009297,E05011165,Birmingham,E01009297
B32 2PY,E01009258,E05011163,Birmingham,E01009258
B5 7NH,E01008996,E05011122,Birmingham,E01008996
B14 6QS,E01008972,E05011130,Birmingham,E01008972
B13 9AS,E01033648,E05011154,Birmingham,E01033648
B74 4QN,E01009422,E05011174,Birmingham,E01009422
B18 5HH,E01009360,E05011168,Birmingham,E01009360
B14 7NE,E01008966,E05011130,Birmingham,E01008966
B35 6DB,E01009096,E05011132,Birmingham,E01009096
B23 6DX,E01009007,E05011135,Birmingham,E01009007
B31 2JX,E01009218,E05011158,Birmingham,E01009218
B14 4EX,E01008940,E05011124,Birmingham,E01008940
B27 6PQ,E01008895,E05011118,Birmingham,E01008895
B16 9LL,E01008989,E05011157,Birmingham,E01008989
B27 7SW,E01009016,E05011182,Birmingham,E01009016
B42 2NG,E01009238,E05011160,Birmingham,E01009238
B30 2TS,E01008963,E05011172,Birmingham,E01008963
B31 1NU,E01009497,E05011119,Birmingham,E01009497
B23 5FD,E01034913,E05011161,Birmingham,E01034913
B13 9NL,E01009044,E05011171,Birmingham,E01009044
B35 6HR,E01009096,E05011132,Birmingham,E01009096
B31 2DS,E01008962,E05011129,Birmingham,E01008962
B31 1EY,E01009495,E05011123,Birmingham,E01009495
B32 2QX,E01009256,E05011163,Birmingham,E01009256
B31 2SH,E01009207,E05011158,Birmingham,E01009207
B9 5RQ,E01009331,E05011127,Birmingham,E01009331
B34 6ND,E01009088,E05011131,Birmingham,E01009088
B45 8QS,E01009171,E05011164,Birmingham,E01009171
B28 0UP,E01009041,E05011141,Birmingham,E01009041
B5 7TN,E01008982,E05011134,Birmingham,E01008982
B24 9JS,E01034916,E05011135,Birmingham,E01034916
B27 6SA,E01008895,E05011169,Birmingham,E01008895
B45 0LJ,E01009155,E05011136,Birmingham,E01009155
B21 9AT,E01009355,E05011142,Birmingham,E01009355
B23 6ND,E01009002,E05011135,Birmingham,E01009002
B32 4DB,E01008928,E05011123,Birmingham,E01008928
B9 5RL,E01009331,E05011127,Birmingham,E01009331
B44 8HY,E01009227,E05011159,Birmingham,E01009227
B18 4PH,E01009361,E05011168,Birmingham,E01009361
B32 2PD,E01009256,E05011163,Birmingham,E01009256
B24 9LN,E01009011,E05011162,Birmingham,E01009011
B14 5AL,E01008974,E05011133,Birmingham,E01008974
B27 7BX,E01009021,E05011118,Birmingham,E01009021
B21 8AH,E01009274,E05011147,Birmingham,E01009274
B29 6RY,E01009292,E05011184,Birmingham,E01009292
B20 3LA,E01034918,E05011125,Birmingham,E01034918
B23 7QL,E01009414,E05011173,Birmingham,E01009414
B32 2EE,E01009070,E05011144,Birmingham,E01009070
B13 9DT,E01009383,E05011154,Birmingham,E01009383
B8 3AT,E01034931,E05011120,Birmingham,E01034931
B26 3UL,E01009318,E05011166,Birmingham,E01009318
B13 9NH,E01009045,E05011171,Birmingham,E01009045
B29 7RN,E01009293,E05011128,Birmingham,E01009293
B13 9NT,E01009044,E05011171,Birmingham,E01009044
B14 5UU,E01008980,E05011133,Birmingham,E01008980
B32 3LS,E01033629,E05011123,Birmingham,E01033629
B26 3AR,E01009316,E05011166,Birmingham,E01009316
B11 4NR,E01009396,E05011171,Birmingham,E01009396
B42 1HQ,E01009235,E05011160,Birmingham,E01009235
B75 6LP,E01009429,E05011177,Birmingham,E01009429
B13 9BB,E01033648,E05011154,Birmingham,E01033648
B15 2NU,E01034936,E05011134,Birmingham,E01034936
B26 3PN,E01009320,E05011166,Birmingham,E01009320
B24 8AR,E01009000,E05011139,Birmingham,E01009000
B73 6BG,E01009430,E05011178,Birmingham,E01009430
B32 3SQ,E01008931,E05011123,Birmingham,E01008931
B30 1EP,E01008959,E05011129,Birmingham,E01008959
B30 1SD,E01008954,E05011129,Birmingham,E01008954
B31 1EW,E01009495,E05011123,Birmingham,E01009495
B32 2BP,E01009070,E05011144,Birmingham,E01009070
B12 9QD,E01034939,E05011122,Birmingham,E01034939
B24 9NS,E01009102,E05011162,Birmingham,E01009102
B76 1JQ,E01009440,E05011180,Birmingham,E01009440
B28 8ED,E01009045,E05011140,Birmingham,E01009045
B5 7NX,E01008996,E05011122,Birmingham,E01008996
B3 1RD,E01033623,E05011168,Birmingham,E01033623
B17 8SL,E01009260,E05011163,Birmingham,E01009260
B27 6LG,E01008893,E05011118,Birmingham,E01008893
B28 9BA,E01009035,E05011140,Birmingham,E01009035
B23 5XL,E01009136,E05011161,Birmingham,E01009136
B6 4UJ,E01008910,E05011156,Birmingham,E01008910
B15 1UG,E01009146,E05011151,Birmingham,E01009146
B11 2HP,E01034952,E05011170,Birmingham,E01034952
B32 3RT,E01008918,E05011123,Birmingham,E01008918
B15 1NH,E01009146,E05011151,Birmingham,E01009146
B20 3RD,E01009050,E05011125,Birmingham,E01009050
B33 9EN,E01009094,E05011138,Birmingham,E01009094
B32 1SW,E01009259,E05011163,Birmingham,E01009259
B8 2AB,E01009492,E05011138,Birmingham,E01009492
B23 5DS,E01009406,E05011161,Birmingham,E01009406
B20 3EP,E01009054,E05011121,Birmingham,E01009054
B30 1HR,E01008960,E05011129,Birmingham,E01008960
B34 7JA,E01009310,E05011165,Birmingham,E01009310
B31 2BT,E01008958,E05011158,Birmingham,E01008958
B8 1TE,E01009192,E05011120,Birmingham,E01009192
B7 4EX,E01009204,E05011155,Birmingham,E01009204
B20 3DX,E01009051,E05011121,Birmingham,E01009051
B32 1PG,E01009257,E05011163,Birmingham,E01009257
B32 3QR,E01008921,E05011123,Birmingham,E01008921
B11 3QL,E01009028,E05011182,Birmingham,E01009028
B13 0LY,E01008939,E05011124,Birmingham,E01008939
B16 0AX,E01009153,E05011157,Birmingham,E01009153
B31 4JS,E01009215,E05011152,Birmingham,E01009215
B10 9EJ,E01009334,E05011167,Birmingham,E01009334
B73 5QW,E01009466,E05011179,Birmingham,E01009466
B27 7UQ,E01009018,E05011118,Birmingham,E01009018
B42 2BU,E01009245,E05011160,Birmingham,E01009245
B32 1BY,E01009253,E05011163,Birmingham,E01009253
B7 4QA,E01034927,E05011155,Birmingham,E01034927
B33 0RT,E01009321,E05011137,Birmingham,E01009321
B17 8LU,E01009138,E05011157,Birmingham,E01009138
B24 8BJ,E01009013,E05011135,Birmingham,E01009013
B74 4TR,E01009422,E05011174,Birmingham,E01009422
B31 5BN,E01009158,E05011136,Birmingham,E01009158
B20 3HN,E01009053,E05011121,Birmingham,E01009053
B31 3AD,E01009205,E05011148,Birmingham,E01009205
B21 0DA,E01009349,E05011147,Birmingham,E01009349
B13 9RH,E01009189,E05011154,Birmingham,E01009189
B26 2UX,E01009316,E05011166,Birmingham,E01009316
B8 2DH,E01009478,E05011183,Birmingham,E01009478
B21 8BY,E01009271,E05011147,Birmingham,E01009271
B24 0ND,E01009098,E05011162,Birmingham,E01009098
B45 9RU,E01009160,E05011164,Birmingham,E01009160
B74 4QH,E01009422,E05011174,Birmingham,E01009422
B11 4JB,E01009394,E05011171,Birmingham,E01009394
B29 6PU,E01009291,E05011184,Birmingham,E01009291
B28 8EB,E01009045,E05011140,Birmingham,E01009045
B29 6QB,E01009294,E05011184,Birmingham,E01009294
B14 6EJ,E01008971,E05011130,Birmingham,E01008971
B19 3UL,E01034929,E05011156,Birmingham,E01034929
B24 0TQ,E01009098,E05011162,Birmingham,E01009098
B28 9NA,E01032589,E05011140,Birmingham,E01032589
B5 6AB,E01033615,E05011126,Birmingham,E01033615
B5 5JF,E01033617,E05011155,Birmingham,E01033617
B33 8DL,E01009510,E05011185,Birmingham,E01009510
B32 4DU,E01008927,E05011123,Birmingham,E01008927
B14 4HG,E01008940,E05011124,Birmingham,E01008940
B32 2AQ,E01009254,E05011163,Birmingham,E01009254
B29 6EX,E01009289,E05011128,Birmingham,E01009289
B34 7DY,E01009309,E05011165,Birmingham,E01009309
B42 1QN,E01009240,E05011160,Birmingham,E01009240
B4 6LQ,E01034930,E05011156,Birmingham,E01034930
B5 6BW,E01033567,E05011126,Birmingham,E01033567
B13 9DA,E01009389,E05011154,Birmingham,E01009389
B16 8WJ,E01034948,E05011151,Birmingham,E01034948
B33 9EX,E01009094,E05011138,Birmingham,E01009094
B14 7EU,E01009189,E05011130,Birmingham,E01009189
B12 0XT,E01009362,E05011126,Birmingham,E01009362
B30 1AA,E01008961,E05011129,Birmingham,E01008961
B72 1RZ,E01009449,E05011178,Birmingham,E01009449
B29 6JH,E01009284,E05011129,Birmingham,E01009284
B36 8NE,E01009083,E05011131,Birmingham,E01009083
B18 4ET,E01009345,E05011157,Birmingham,E01009345
B75 5BY,E01009429,E05011175,Birmingham,E01009429
B44 9PU,E01009233,E05011159,Birmingham,E01009233
B26 1BB,E01009521,E05011185,Birmingham,E01009521
B9 4NJ,E01009200,E05011126,Birmingham,E01009200
B21 0SD,E01034921,E05011168,Birmingham,E01034921
B30 1TB,E01008950,E05011129,Birmingham,E01008950
B31 3DY,E01009214,E05011152,Birmingham,E01009214
B23 7TN,E01009125,E05011173,Birmingham,E01009125
B11 1RW,E01009365,E05011170,Birmingham,E01009365
B5 7PB,E01008984,E05011134,Birmingham,E01008984
B24 8PH,E01009400,E05011139,Birmingham,E01009400
B73 5JH,E01009462,E05011181,Birmingham,E01009462
B44 0LS,E01009130,E05011150,Birmingham,E01009130
B9 5HA,E01009333,E05011127,Birmingham,E01009333
B12 9AX,E01009374,E05011122,Birmingham,E01009374
B24 9NB,E01009011,E05011135,Birmingham,E01009011
B19 1NS,E01008907,E05011153,Birmingham,E01008907
B21 8DX,E01009266,E05011147,Birmingham,E01009266
B29 7AS,E01009286,E05011128,Birmingham,E01009286
B21 8NL,E01009274,E05011147,Birmingham,E01009274
B33 9UH,E01009297,E05011138,Birmingham,E01009297
B21 9JB,E01009350,E05011142,Birmingham,E01009350
B9 5SJ,E01009477,E05011145,Birmingham,E01009477
B30 1DH,E01008959,E05011129,Birmingham,E01008959
B8 2JH,E01009481,E05011183,Birmingham,E01009481
B34 7EE,E01009304,E05011165,Birmingham,E01009304
B24 0TP,E01009100,E05011162,Birmingham,E01009100
B23 7ER,E01009410,E05011173,Birmingham,E01009410
B38 8TH,E01009116,E05011148,Birmingham,E01009116
B36 8RX,E01009079,E05011131,Birmingham,E01009079
B27 7DE,E01009020,E05011118,Birmingham,E01009020
B23 7TJ,E01009123,E05011173,Birmingham,E01009123
B18 4DE,E01009346,E05011157,Birmingham,E01009346
B76 1QN,E01009440,E05011180,Birmingham,E01009440
B15 3JG,E01008992,E05011134,Birmingham,E01008992
B11 3PR,E01009028,E05011182,Birmingham,E01009028
B74 4SG,E01009418,E05011175,Birmingham,E01009418
B24 9SX,E01009102,E05011162,Birmingham,E01009102
B32 2HP,E01009070,E05011144,Birmingham,E01009070
B1 2AZ,E01033625,E05011151,Birmingham,E01033625
B1 2PN,E01033627,E05011151,Birmingham,E01033627
B1 1PQ,E01033557,E05011151,Birmingham,E01033557
B23 7AZ,E01009414,E05011173,Birmingham,E01009414
B45 8RN,E01009169,E05011164,Birmingham,E01009169
B34 6NE,E01009305,E05011165,Birmingham,E01009305
B16 0LP,E01009140,E05011157,Birmingham,E01009140
B24 0TS,E01009009,E05011162,Birmingham,E01009009
B5 7PL,E01008984,E05011134,Birmingham,E01008984
B25 8LU,E01008887,E05011169,Birmingham,E01008887
B9 5UX,E01009477,E05011145,Birmingham,E01009477
B14 6HQ,E01008967,E05011130,Birmingham,E01008967
B8 2XB,E01009485,E05011183,Birmingham,E01009485
B29 4PU,E01009493,E05011184,Birmingham,E01009493
B44 0HL,E01034913,E05011150,Birmingham,E01034913
B38 8JG,E01009112,E05011152,Birmingham,E01009112
B21 0EP,E01009351,E05011147,Birmingham,E01009351
B30 3DD,E01008957,E05011172,Birmingham,E01008957
B5 6DG,E01033567,E05011126,Birmingham,E01033567
B44 0EF,E01009137,E05011150,Birmingham,E01009137
B6 5HT,E01034923,E05011121,Birmingham,E01034923
B20 1AH,E01009267,E05011143,Birmingham,E01009267
B19 2LZ,E01008911,E05011156,Birmingham,E01008911
B8 3ST,E01034932,E05011120,Birmingham,E01034932
B6 6AL,E01009060,E05011121,Birmingham,E01009060
B19 1DA,E01008907,E05011153,Birmingham,E01008907
B76 1HE,E01009442,E05011180,Birmingham,E01009442
B9 5RT,E01009476,E05011145,Birmingham,E01009476
B38 8YR,E01009118,E05011148,Birmingham,E01009118
B73 6XE,E01009473,E05011179,Birmingham,E01009473
B9 4JA,E01009200,E05011126,Birmingham,E01009200
B15 1PQ,E01008994,E05011134,Birmingham,E01008994
B21 9SP,E01009352,E05011168,Birmingham,E01009352
B33 8RB,E01009508,E05011185,Birmingham,E01009508
B34 7AA,E01009306,E05011165,Birmingham,E01009306
B1 1SY,E01033557,E05011151,Birmingham,E01033557
B4 6GR,E01033617,E05011156,Birmingham,E01033617
B5 6FF,E01033615,E05011126,Birmingham,E01033615
B19 3AL,,,,
B16 8AT,E01033618,E05011151,Birmingham,E01033618
B24 9BL,E01009012,E05011135,Birmingham,E01009012
B32 1RE,E01009250,E05011163,Birmingham,E01009250
B1 1JX,E01033557,E05011151,Birmingham,E01033557
B9 4JP,E01009199,E05011126,Birmingham,E01009199
B6 4TA,E01008910,E05011156,Birmingham,E01008910
B19 3UR,E01008911,E05011156,Birmingham,E01008911
B23 5YN,E01009135,E05011161,Birmingham,E01009135
B10 0JA,E01009337,E05011167,Birmingham,E01009337
B32 4JA,E01008928,E05011123,Birmingham,E01008928
B20 2BP,E01009355,E05011142,Birmingham,E01009355
B45 8XY,E01009165,E05011164,Birmingham,E01009165
B33 0LN,E01009303,E05011138,Birmingham,E01009303
B11 4LJ,E01009396,E05011171,Birmingham,E01009396
B14 5XX,E01008979,E05011133,Birmingham,E01008979
B15 1PT,E01008994,E05011134,Birmingham,E01008994
B30 1SU,E01008954,E05011129,Birmingham,E01008954
B28 9NQ,E01009033,E05011140,Birmingham,E01009033
B74 4YA,E01009433,E05011175,Birmingham,E01009433
B33 9TA,E01009300,E05011138,Birmingham,E01009300
B23 6GS,E01033630,E05011173,Birmingham,E01033630
B10 0JB,E01009337,E05011167,Birmingham,E01009337
B13 0RF,E01008935,E05011124,Birmingham,E01008935
B29 6ST,E01009078,E05011184,Birmingham,E01009078
B17 8LN,E01009147,E05011157,Birmingham,E01009147
B45 9YW,E01009161,E05011136,Birmingham,E01009161
B13 9BN,E01009390,E05011154,Birmingham,E01009390
B23 5YB,E01009136,E05011161,Birmingham,E01009136
B75 6HT,E01009446,E05011177,Birmingham,E01009446
B32 2RJ,E01009257,E05011163,Birmingham,E01009257
B32 2BX,E01009073,E05011144,Birmingham,E01009073
B35 6JN,E01009096,E05011132,Birmingham,E01009096
B45 0EE,E01009157,E05011136,Birmingham,E01009157
B31 4EZ,E01009213,E05011152,Birmingham,E01009213
B28 0RJ,E01009039,E05011141,Birmingham,E01009039
B44 9RR,E01009221,E05011150,Birmingham,E01009221
B6 7DS,E01008915,E05011121,Birmingham,E01008915
B4 7FH,E01033561,E05011155,Birmingham,E01033561
B28 0DN,E01009037,E05011141,Birmingham,E01009037
B26 2EE,E01009517,E05011137,Birmingham,E01009517
B38 8DB,E01009116,E05011148,Birmingham,E01009116
B27 7EA,E01009021,E05011118,Birmingham,E01009021
B15 1NX,E01009146,E05011151,Birmingham,E01009146
B42 1RP,E01009241,E05011160,Birmingham,E01009241
B16 0DL,E01009153,E05011157,Birmingham,E01009153
B5 7TG,E01008984,E05011134,Birmingham,E01008984
B12 0HG,E01034946,E05011126,Birmingham,E01034946
B21 8AT,E01009274,E05011147,Birmingham,E01009274
B1 3DS,E01033565,E05011151,Birmingham,E01033565
B17 8DL,E01009147,E05011157,Birmingham,E01009147
B31 1TA,E01009498,E05011119,Birmingham,E01009498
B14 6LU,E01008970,E05011130,Birmingham,E01008970
B38 8YU,E01009118,E05011148,Birmingham,E01009118
B33 8BJ,E01009507,E05011186,Birmingham,E01009507
B11 1AA,E01009371,E05011170,Birmingham,E01009371
B32 1ER,E01009251,E05011163,Birmingham,E01009251
B11 4RP,E01033643,E05011171,Birmingham,E01033643
B28 9PH,E01009033,E05011140,Birmingham,E01009033
B26 2RZ,E01009322,E05011137,Birmingham,E01009322
B30 2LA,E01008952,E05011172,Birmingham,E01008952
B9 5LY,E01009476,E05011145,Birmingham,E01009476
B44 9UE,E01009226,E05011159,Birmingham,E01009226
B34 6NX,E01009305,E05011131,Birmingham,E01009305
B11 1HL,E01009363,E05011170,Birmingham,E01009363
B21 0EU,E01009351,E05011147,Birmingham,E01009351
B28 0EB,E01009037,E05011141,Birmingham,E01009037
B8 1NT,E01009489,E05011120,Birmingham,E01009489
B30 2HT,E01008957,E05011172,Birmingham,E01008957
B31 3XQ,E01009211,E05011152,Birmingham,E01009211
B23 6NH,E01009006,E05011135,Birmingham,E01009006
B29 6AN,E01034940,E05011128,Birmingham,E01034940
B8 2BH,E01009478,E05011183,Birmingham,E01009478
B21 0SY,E01009359,E05011168,Birmingham,E01009359
B1 1LP,E01033616,E05011151,Birmingham,E01033616
B28 0BJ,E01009031,E05011140,Birmingham,E01009031
B30 2EY,E01008960,E05011129,Birmingham,E01008960
B12 8AN,E01009383,E05011171,Birmingham,E01009383
B6 7BE,E01008915,E05011121,Birmingham,E01008915
B12 9TZ,E01009374,E05011122,Birmingham,E01009374
B72 1HH,E01009457,E05011181,Birmingham,E01009457
B14 4QU,E01008945,E05011146,Birmingham,E01008945
B34 7JD,E01009310,E05011165,Birmingham,E01009310
B75 6BT,E01009428,E05011178,Birmingham,E01009428
B14 7ET,E01009175,E05011130,Birmingham,E01009175
B24 9JD,E01034916,E05011135,Birmingham,E01034916
B75 5HZ,E01009415,E05011175,Birmingham,E01009415
B31 3DN,E01009117,E05011148,Birmingham,E01009117
B9 5DB,E01009332,E05011127,Birmingham,E01009332
B13 8RY,E01009186,E05011154,Birmingham,E01009186
B5 7LL,E01008995,E05011122,Birmingham,E01008995
B19 1RJ,E01009048,E05011153,Birmingham,E01009048
B31 2FD,E01008962,E05011129,Birmingham,E01008962
B15 2EQ,E01033640,E05011151,Birmingham,E01033640
B42 2GB,E01009239,E05011160,Birmingham,E01009239
B16 8SN,E01034949,E05011151,Birmingham,E01034949
B21 0DH,E01009349,E05011147,Birmingham,E01009349
B42 2EL,E01009247,E05011160,Birmingham,E01009247
B5 7PY,E01008996,E05011122,Birmingham,E01008996
B24 0JE,E01009005,E05011135,Birmingham,E01009005
B36 8SB,E01009079,E05011131,Birmingham,E01009079
B11 3HP,E01009028,E05011182,Birmingham,E01009028
B23 6NT,E01009006,E05011135,Birmingham,E01009006
B14 6QZ,E01008972,E05011130,Birmingham,E01008972
B23 6GB,E01033630,E05011173,Birmingham,E01033630
B42 1JH,E01009235,E05011160,Birmingham,E01009235
B76 1TW,E01009438,E05011180,Birmingham,E01009438
B26 1ET,E01008891,E05011169,Birmingham,E01008891
B21 0RW,E01034922,E05011168,Birmingham,E01034922
B9 5DT,E01009328,E05011127,Birmingham,E01009328
B33 0BL,E01009301,E05011138,Birmingham,E01009301
B23 7SR,E01009125,E05011173,Birmingham,E01009125
B18 7AX,E01009141,E05011151,Birmingham,E01009141
B18 5LD,E01009358,E05011168,Birmingham,E01009358
B11 1SB,E01009367,E05011170,Birmingham,E01009367
B29 7AX,E01009286,E05011128,Birmingham,E01009286
B14 5PN,E01008979,E05011133,Birmingham,E01008979
B10 9TD,E01033642,E05011167,Birmingham,E01033642
B8 3ND,E01009488,E05011120,Birmingham,E01009488
B8 2DE,E01009478,E05011183,Birmingham,E01009478
B25 8JP,E01008887,E05011169,Birmingham,E01008887
B11 3AP,E01009391,E05011171,Birmingham,E01009391
B16 0JH,E01009152,E05011157,Birmingham,E01009152
B44 8AW,E01009232,E05011150,Birmingham,E01009232
B21 0QL,E01009354,E05011168,Birmingham,E01009354
B38 9SW,E01009114,E05011149,Birmingham,E01009114
B31 4PN,E01009168,E05011152,Birmingham,E01009168
B31 5RA,E01009172,E05011119,Birmingham,E01009172
B14 5QJ,E01008979,E05011133,Birmingham,E01008979
B20 2SU,E01009056,E05011125,Birmingham,E01009056
B25 8JT,E01008887,E05011169,Birmingham,E01008887
B1 1DH,E01033616,E05011151,Birmingham,E01033616
B34 7AD,E01009309,E05011165,Birmingham,E01009309
B44 8QS,E01034913,E05011150,Birmingham,E01034913
B6 5ND,E01034924,E05011121,Birmingham,E01034924
B13 9AB,E01009385,E05011154,Birmingham,E01009385
B33 9RG,E01009298,E05011138,Birmingham,E01009298
B32 1JA,E01009251,E05011163,Birmingham,E01009251
B15 3UJ,E01008990,E05011134,Birmingham,E01008990
B73 5AP,E01009473,E05011179,Birmingham,E01009473
B74 4PW,E01009421,E05011174,Birmingham,E01009421
B23 7NJ,E01033646,E05011139,Birmingham,E01033646
B16 9SU,E01009145,E05011157,Birmingham,E01009145
B20 1EX,E01009276,E05011143,Birmingham,E01009276
B28 8AP,E01009045,E05011140,Birmingham,E01009045
B23 7XS,E01009124,E05011173,Birmingham,E01009124
B12 9BL,E01009376,E05011122,Birmingham,E01009376
B42 1UH,E01009242,E05011160,Birmingham,E01009242
B14 7JE,E01009179,E05011130,Birmingham,E01009179
B36 8LG,E01009086,E05011131,Birmingham,E01009086
B20 1HG,E01009276,E05011143,Birmingham,E01009276
B23 7HX,E01009126,E05011173,Birmingham,E01009126
B1 1FU,E01033625,E05011151,Birmingham,E01033625
B14 6QF,E01008972,E05011130,Birmingham,E01008972
B21 8EU,E01009269,E05011143,Birmingham,E01009269
B21 0PP,E01034922,E05011168,Birmingham,E01034922
B25 8AH,E01008883,E05011169,Birmingham,E01008883
B30 1LS,E01008951,E05011129,Birmingham,E01008951
B26 2DB,E01009516,E05011185,Birmingham,E01009516
B14 4ED,E01008941,E05011124,Birmingham,E01008941
B75 5TU,E01009416,E05011177,Birmingham,E01009416
B23 5QE,E01009001,E05011135,Birmingham,E01009001
B8 1LU,E01034934,E05011120,Birmingham,E01034934
B23 5EZ,E01009403,E05011161,Birmingham,E01009403
B45 9UD,E01009159,E05011164,Birmingham,E01009159
B31 2DJ,E01009205,E05011158,Birmingham,E01009205
B12 9LW,E01009366,E05011122,Birmingham,E01009366
B10 9BD,E01033642,E05011167,Birmingham,E01033642
B33 0QJ,E01009321,E05011166,Birmingham,E01009321
B31 4PB,E01009166,E05011152,Birmingham,E01009166
B3 1FG,E01033622,E05011168,Birmingham,E01033622
B25 8NS,E01008884,E05011182,Birmingham,E01008884
B18 4JX,E01009346,E05011157,Birmingham,E01009346
B10 9ER,E01009329,E05011167,Birmingham,E01009329
B11 4AG,E01009396,E05011171,Birmingham,E01009396
B16 9DF,E01008988,E05011157,Birmingham,E01008988
B38 9UT,E01009115,E05011149,Birmingham,E01009115
B75 5NA,E01009426,E05011177,Birmingham,E01009426
B34 7HG,E01009310,E05011165,Birmingham,E01009310
B6 5ER,E01034926,E05011121,Birmingham,E01034926
B8 2JP,E01009481,E05011183,Birmingham,E01009481
B18 4PW,E01009361,E05011168,Birmingham,E01009361
B21 0AW,E01009349,E05011147,Birmingham,E01009349
B42 1EX,E01009238,E05011160,Birmingham,E01009238
B30 3AF,E01008953,E05011172,Birmingham,E01008953
B5 7NA,E01008995,E05011122,Birmingham,E01008995
B8 1SU,E01009484,E05011120,Birmingham,E01009484
B21 8AU,E01009273,E05011147,Birmingham,E01009273
B23 5XN,E01009136,E05011161,Birmingham,E01009136
B32 1LN,E01009249,E05011163,Birmingham,E01009249
B31 1LY,E01009497,E05011119,Birmingham,E01009497
B44 9NS,E01009220,E05011159,Birmingham,E01009220
B35 7PH,E01009097,E05011132,Birmingham,E01009097
B31 4HB,E01009209,E05011152,Birmingham,E01009209
B26 3BF,E01009316,E05011166,Birmingham,E01009316
B29 7QU,E01009293,E05011128,Birmingham,E01009293
B45 9LX,E01009164,E05011164,Birmingham,E01009164
B23 7UP,E01009124,E05011173,Birmingham,E01009124
B24 0SG,E01009100,E05011162,Birmingham,E01009100
B14 6DJ,E01008968,E05011130,Birmingham,E01008968
B12 9PR,E01034939,E05011122,Birmingham,E01034939
B28 0NY,E01009039,E05011141,Birmingham,E01009039
B17 0BU,E01009071,E05011144,Birmingham,E01009071
B42 1PW,E01009240,E05011160,Birmingham,E01009240
B6 6EE,E01034920,E05011121,Birmingham,E01034920
B21 0SH,E01034921,E05011168,Birmingham,E01034921
B36 8PX,E01009080,E05011131,Birmingham,E01009080
B42 2HZ,E01009238,E05011160,Birmingham,E01009238
B18 5RU,E01009360,E05011168,Birmingham,E01009360
B45 9PG,E01009159,E05011164,Birmingham,E01009159
B74 2UA,E01009431,E05011175,Birmingham,E01009431
B13 9EN,E01009187,E05011154,Birmingham,E01009187
B3 1FQ,E01033623,E05011168,Birmingham,E01033623
B33 8QS,E01009509,E05011186,Birmingham,E01009509
B26 1RE,E01009312,E05011166,Birmingham,E01009312
B45 0BL,E01034943,E05011136,Birmingham,E01034943
B8 1DS,E01034934,E05011120,Birmingham,E01034934
B14 5PH,E01008980,E05011133,Birmingham,E01008980
B29 4PY,E01009493,E05011184,Birmingham,E01009493
B20 2AY,E01009050,E05011143,Birmingham,E01009050
B16 8JB,E01033618,E05011151,Birmingham,E01033618
B23 5SE,E01009006,E05011135,Birmingham,E01009006
B31 4JY,E01009166,E05011152,Birmingham,E01009166
B29 7BP,E01034941,E05011128,Birmingham,E01034941
B19 2XJ,E01033638,E05011156,Birmingham,E01033638
B4 6GE,E01033623,E05011168,Birmingham,E01033623
B72 1SU,E01009451,E05011178,Birmingham,E01009451
B44 8QW,E01034913,E05011150,Birmingham,E01034913
B27 6EH,E01008893,E05011118,Birmingham,E01008893
B33 9SY,E01009300,E05011138,Birmingham,E01009300
B8 3EQ,E01009195,E05011120,Birmingham,E01009195
B7 5LA,E01009202,E05011155,Birmingham,E01009202
B11 3SW,E01033643,E05011171,Birmingham,E01033643
B15 2SJ,E01033562,E05011134,Birmingham,E01033562
B19 1EL,E01008907,E05011153,Birmingham,E01008907
B28 8PN,E01009024,E05011118,Birmingham,E01009024
B38 9UA,E01009114,E05011149,Birmingham,E01009114
B10 9PB,E01009327,E05011167,Birmingham,E01009327
B21 9DJ,E01009353,E05011142,Birmingham,E01009353
B7 5DQ,E01009201,E05011155,Birmingham,E01009201
B11 3JU,E01034953,E05011171,Birmingham,E01034953
B33 9LJ,E01009093,E05011138,Birmingham,E01009093
B34 6HT,E01009091,E05011131,Birmingham,E01009091
B29 7JR,E01009283,E05011128,Birmingham,E01009283
B16 0BJ,E01009153,E05011157,Birmingham,E01009153
B38 9NJ,E01009109,E05011149,Birmingham,E01009109
B24 0BB,E01009003,E05011135,Birmingham,E01009003
B75 7RB,E01009447,E05011176,Birmingham,E01009447
B28 0TZ,E01009042,E05011141,Birmingham,E01009042
B73 6SY,E01009467,E05011179,Birmingham,E01009467
B16 8WN,E01034948,E05011151,Birmingham,E01034948
B21 0QU,E01034921,E05011168,Birmingham,E01034921
B28 0PY,E01009041,E05011141,Birmingham,E01009041
B31 4HY,E01009213,E05011152,Birmingham,E01009213
B16 8BS,E01033564,E05011151,Birmingham,E01033564
B9 5ET,E01009333,E05011127,Birmingham,E01009333
B6 6SP,E01008916,E05011121,Birmingham,E01008916
B44 9AG,E01009225,E05011159,Birmingham,E01009225
B17 9SJ,E01009065,E05011144,Birmingham,E01009065
B31 4JZ,E01009166,E05011152,Birmingham,E01009166
B17 8BF,E01009066,E05011144,Birmingham,E01009066
B12 0AE,E01034947,E05011126,Birmingham,E01034947
B29 7QE,E01009296,E05011128,Birmingham,E01009296
B27 6AR,E01008889,E05011182,Birmingham,E01008889
B33 0PZ,E01009321,E05011166,Birmingham,E01009321
B31 2DF,E01008958,E05011129,Birmingham,E01008958
B11 1AD,E01009368,E05011170,Birmingham,E01009368
B33 0JF,E01009303,E05011138,Birmingham,E01009303
B24 8LE,E01009401,E05011139,Birmingham,E01009401
B20 1BG,E01009264,E05011143,Birmingham,E01009264
B28 0TB,E01008940,E05011124,Birmingham,E01008940
B15 1UQ,E01009146,E05011151,Birmingham,E01009146
B38 8QB,E01009113,E05011149,Birmingham,E01009113
B9 5LG,E01033649,E05011126,Birmingham,E01033649
B5 7LH,E01008995,E05011122,Birmingham,E01008995
B17 9JL,E01009065,E05011144,Birmingham,E01009065
B15 2DJ,E01033624,E05011151,Birmingham,E01033624
B32 3LR,E01033629,E05011123,Birmingham,E01033629
B44 0UT,E01009221,E05011150,Birmingham,E01009221
B36 8AS,E01009081,E05011131,Birmingham,E01009081
B31 3AU,E01009117,E05011148,Birmingham,E01009117
B25 8SJ,E01008881,E05011186,Birmingham,E01008881
B32 2SY,E01009256,E05011163,Birmingham,E01009256
B21 8NJ,E01009274,E05011147,Birmingham,E01009274
B23 6JE,E01009408,E05011173,Birmingham,E01009408
B20 3PL,E01009059,E05011125,Birmingham,E01009059
B33 8HP,E01009514,E05011137,Birmingham,E01009514
B18 4HL,E01009152,E05011157,Birmingham,E01009152
B24 0AA,E01034916,E05011135,Birmingham,E01034916
B25 8PH,E01008882,E05011182,Birmingham,E01008882
B9 5QA,E01009341,E05011145,Birmingham,E01009341
B20 1ER,E01009279,E05011143,Birmingham,E01009279
B26 3YE,E01009314,E05011166,Birmingham,E01009314
B32 4DJ,E01008928,E05011123,Birmingham,E01008928
B19 1TR,E01008906,E05011153,Birmingham,E01008906
B16 8RG,E01034948,E05011151,Birmingham,E01034948
B15 1LH,E01009146,E05011151,Birmingham,E01009146
B34 6BP,E01009087,E05011131,Birmingham,E01009087
B28 8QZ,E01009024,E05011118,Birmingham,E01009024
B45 8QE,E01009169,E05011164,Birmingham,E01009169
B25 8DU,E01008884,E05011182,Birmingham,E01008884
B29 5UG,E01009500,E05011184,Birmingham,E01009500
B45 9YQ,E01009159,E05011164,Birmingham,E01009159
B29 6NY,E01009284,E05011184,Birmingham,E01009284
B21 8DL,E01009273,E05011147,Birmingham,E01009273
B29 7DX,E01034941,E05011128,Birmingham,E01034941
B15 3QG,E01008991,E05011134,Birmingham,E01008991
B38 9QD,E01009110,E05011149,Birmingham,E01009110
B74 2AG,E01009464,E05011179,Birmingham,E01009464
B31 3BY,E01009210,E05011152,Birmingham,E01009210
B31 3RU,E01009212,E05011152,Birmingham,E01009212
B14 5QN,E01009120,E05011149,Birmingham,E01009120
B23 6DG,E01009409,E05011173,Birmingham,E01009409
B28 0HG,E01009034,E05011140,Birmingham,E01009034
B26 2BY,E01009514,E05011185,Birmingham,E01009514
B34 6NB,E01009087,E05011131,Birmingham,E01009087
B12 9BF,E01009374,E05011122,Birmingham,E01009374
B38 9PE,E01009109,E05011149,Birmingham,E01009109
B31 4JR,E01009215,E05011152,Birmingham,E01009215
B38 9FS,E01009119,E05011149,Birmingham,E01009119
B75 7EH,E01009446,E05011177,Birmingham,E01009446
B15 2GH,E01008995,E05011134,Birmingham,E01008995
B21 9JX,E01009270,E05011142,Birmingham,E01009270
B26 3BE,E01009316,E05011166,Birmingham,E01009316
B10 9LP,E01009325,E05011167,Birmingham,E01009325
B16 0LJ,E01009140,E05011157,Birmingham,E01009140
B29 6PB,E01009284,E05011184,Birmingham,E01009284
B7 4QH,E01034927,E05011155,Birmingham,E01034927
B14 4SW,E01008943,E05011146,Birmingham,E01008943
B1 3LG,E01033623,E05011168,Birmingham,E01033623
B33 9PB,E01009311,E05011138,Birmingham,E01009311
B5 7FF,E01033640,E05011126,Birmingham,E01033640
B34 6JH,E01009088,E05011131,Birmingham,E01009088
B72 1JW,E01009457,E05011181,Birmingham,E01009457
B5 7JH,E01034947,E05011126,Birmingham,E01034947
B26 3DL,E01009315,E05011166,Birmingham,E01009315
B7 4QE,E01034927,E05011155,Birmingham,E01034927
B24 0RL,E01009102,E05011162,Birmingham,E01009102
B44 9SB,E01009226,E05011159,Birmingham,E01009226
B74 2TW,E01009425,E05011174,Birmingham,E01009425
B32 3NR,E01033629,E05011123,Birmingham,E01033629
B32 1SH,E01009259,E05011163,Birmingham,E01009259
B45 9AZ,E01009158,E05011158,Birmingham,E01009158
B12 9HE,E01009366,E05011122,Birmingham,E01009366
B32 2BT,E01009073,E05011144,Birmingham,E01009073
B17 0NT,E01009078,E05011144,Birmingham,E01009078
B29 5PG,E01008929,E05011123,Birmingham,E01008929
B18 7QX,E01009153,E05011157,Birmingham,E01009153
B5 7XE,E01008984,E05011134,Birmingham,E01008984
B10 9JP,E01009326,E05011167,Birmingham,E01009326
B28 8RL,E01009030,E05011140,Birmingham,E01009030
B20 3LH,E01009059,E05011125,Birmingham,E01009059
B19 2QG,E01008913,E05011156,Birmingham,E01008913
B45 9SB,E01009160,E05011164,Birmingham,E01009160
B36 8JB,E01009090,E05011131,Birmingham,E01009090
B36 8QG,E01009081,E05011131,Birmingham,E01009081
B17 9HH,E01009065,E05011144,Birmingham,E01009065
B5 7UN,E01008982,E05011134,Birmingham,E01008982
B15 3PR,E01008991,E05011134,Birmingham,E01008991
B33 8HH,E01009514,E05011137,Birmingham,E01009514
B31 2AT,E01008958,E05011158,Birmingham,E01008958
B75 6PJ,E01009430,E05011174,Birmingham,E01009430
B10 9PG,E01009327,E05011167,Birmingham,E01009327
B8 1DU,E01034934,E05011120,Birmingham,E01034934
B13 8BA,E01009384,E05011154,Birmingham,E01009384
B38 9JB,E01009110,E05011149,Birmingham,E01009110
B15 2JX,E01034936,E05011134,Birmingham,E01034936
B21 9EP,E01009353,E05011142,Birmingham,E01009353
B32 2PX,E01009258,E05011163,Birmingham,E01009258
B8 3HU,E01009491,E05011120,Birmingham,E01009491
B74 4LU,E01009433,E05011175,Birmingham,E01009433
B17 8PX,E01009066,E05011144,Birmingham,E01009066
B23 5XP,E01009132,E05011161,Birmingham,E01009132
B44 8QT,E01009137,E05011150,Birmingham,E01009137
B18 6BA,E01033559,E05011168,Birmingham,E01033559
B12 8XA,E01009367,E05011170,Birmingham,E01009367
B45 8SS,E01009171,E05011164,Birmingham,E01009171
B30 1BJ,E01008959,E05011129,Birmingham,E01008959
B18 7LF,E01009347,E05011168,Birmingham,E01009347
B26 2QA,E01009323,E05011166,Birmingham,E01009323
B73 5LQ,E01009456,E05011179,Birmingham,E01009456
B31 5JL,E01034942,E05011136,Birmingham,E01034942
B9 5XX,E01009342,E05011145,Birmingham,E01009342
B33 8AR,E01009507,E05011186,Birmingham,E01009507
B23 5TB,E01009460,E05011179,Birmingham,E01009460
B11 3AE,E01009393,E05011171,Birmingham,E01009393
B13 9XU,E01009394,E05011154,Birmingham,E01009394
B28 0SH,E01008944,E05011124,Birmingham,E01008944
B31 3RT,E01009212,E05011152,Birmingham,E01009212
B31 5JR,E01034942,E05011136,Birmingham,E01034942
B45 0HW,E01009161,E05011136,Birmingham,E01009161
B23 7UN,E01009124,E05011173,Birmingham,E01009124
B14 5RT,E01008980,E05011133,Birmingham,E01008980
B45 8EA,E01009171,E05011164,Birmingham,E01009171
B17 0JJ,E01033562,E05011144,Birmingham,E01033562
B21 9AP,E01009355,E05011142,Birmingham,E01009355
B1 2LF,E01033557,E05011151,Birmingham,E01033557
B24 8RH,E01008999,E05011139,Birmingham,E01008999
B33 8UL,E01009513,E05011186,Birmingham,E01009513
B10 0DB,E01009363,E05011127,Birmingham,E01009363
B75 7PQ,E01009445,E05011176,Birmingham,E01009445
B20 3HL,E01009058,E05011121,Birmingham,E01009058
B27 7QA,E01009016,E05011182,Birmingham,E01009016
B19 3XJ,E01034929,E05011156,Birmingham,E01034929
B44 0RN,E01009128,E05011150,Birmingham,E01009128
B34 6HG,E01009091,E05011138,Birmingham,E01009091
B5 4AE,E01033625,E05011151,Birmingham,E01033625
B11 1LY,E01009368,E05011170,Birmingham,E01009368
B31 3HJ,E01009214,E05011152,Birmingham,E01009214
B18 6PR,E01009347,E05011168,Birmingham,E01009347
B15 3TY,E01008992,E05011134,Birmingham,E01008992
B23 7BA,E01009408,E05011173,Birmingham,E01009408
B45 9SE,E01009160,E05011164,Birmingham,E01009160
B23 5FU,E01034915,E05011135,Birmingham,E01034915
B37 5ET,E01009302,E05011138,Birmingham,E01009302
B27 6LW,E01008893,E05011118,Birmingham,E01008893
B34 7JE,E01009304,E05011165,Birmingham,E01009304
B34 6DY,E01009089,E05011131,Birmingham,E01009089
B15 2BQ,E01033626,E05011151,Birmingham,E01033626
B74 4LG,E01009419,E05011174,Birmingham,E01009419
B32 3UA,E01008921,E05011123,Birmingham,E01008921
B21 0HU,E01009351,E05011147,Birmingham,E01009351
B10 0BS,E01009363,E05011127,Birmingham,E01009363
B31 3JS,E01009212,E05011152,Birmingham,E01009212
B76 1AN,E01009437,E05011180,Birmingham,E01009437
B14 5LG,E01008978,E05011133,Birmingham,E01008978
B7 5BB,E01034927,E05011155,Birmingham,E01034927
B32 2AB,E01009254,E05011163,Birmingham,E01009254
B27 7NH,E01009016,E05011118,Birmingham,E01009016
B26 1NS,E01009313,E05011166,Birmingham,E01009313
B28 8BW,E01009030,E05011140,Birmingham,E01009030
B29 5DH,E01009503,E05011184,Birmingham,E01009503
B73 6DN,E01009449,E05011178,Birmingham,E01009449
B6 5ET,E01034926,E05011121,Birmingham,E01034926
B13 0SL,E01009179,E05011130,Birmingham,E01009179
B23 5SB,E01009001,E05011135,Birmingham,E01009001
B8 3PB,E01009491,E05011120,Birmingham,E01009491
B32 1QN,E01009250,E05011163,Birmingham,E01009250
B26 3RR,E01009320,E05011166,Birmingham,E01009320
B23 7EH,E01009126,E05011173,Birmingham,E01009126
B30 2HZ,E01008955,E05011172,Birmingham,E01008955
B11 1PH,E01033650,E05011170,Birmingham,E01033650
B42 2HL,E01009236,E05011160,Birmingham,E01009236
B7 5NW,E01009201,E05011155,Birmingham,E01009201
B73 5RU,E01009456,E05011179,Birmingham,E01009456
B29 6HY,E01009295,E05011129,Birmingham,E01009295
B27 7XS,E01009015,E05011118,Birmingham,E01009015
B30 3RF,E01008975,E05011133,Birmingham,E01008975
B23 5UT,E01034915,E05011135,Birmingham,E01034915
B17 9TT,,,,
B44 0QP,E01009134,E05011150,Birmingham,E01009134
B27 7XP,E01009018,E05011118,Birmingham,E01009018
B20 3LJ,E01034917,E05011125,Birmingham,E01034917
B27 6QL,E01009029,E05011118,Birmingham,E01009029
B32 2JT,E01009074,E05011144,Birmingham,E01009074
B19 1QB,E01008905,E05011153,Birmingham,E01008905
B24 9HX,E01034916,E05011135,Birmingham,E01034916
B23 7UJ,E01009124,E05011173,Birmingham,E01009124
B31 4JL,E01009215,E05011152,Birmingham,E01009215
B4 7DP,E01033617,E05011156,Birmingham,E01033617
B29 4PR,E01009493,E05011184,Birmingham,E01009493
B31 2PJ,E01009219,E05011158,Birmingham,E01009219
B29 5LU,E01009502,E05011184,Birmingham,E01009502
B18 5BT,E01009360,E05011168,Birmingham,E01009360
B7 4EN,E01033561,E05011155,Birmingham,E01033561
B23 6FF,E01033630,E05011173,Birmingham,E01033630
B73 5AU,E01009473,E05011179,Birmingham,E01009473
B18 5QU,E01009348,E05011168,Birmingham,E01009348
B45 9RP,E01009160,E05011164,Birmingham,E01009160
B8 1DR,E01034934,E05011120,Birmingham,E01034934
B9 5BU,E01009332,E05011127,Birmingham,E01009332
B17 0RT,E01009077,E05011144,Birmingham,E01009077
B45 0LP,E01009155,E05011136,Birmingham,E01009155
B14 5RJ,E01008980,E05011133,Birmingham,E01008980
B14 5UZ,E01008980,E05011133,Birmingham,E01008980
B76 1ED,E01009454,E05011176,Birmingham,E01009454
B8 2AD,E01009487,E05011138,Birmingham,E01009487
B12 0NP,E01034946,E05011126,Birmingham,E01034946
B38 9QU,E01009107,E05011149,Birmingham,E01009107
B34 6DE,E01009087,E05011131,Birmingham,E01009087
B5 6FH,E01033615,E05011126,Birmingham,E01033615
B5 7TS,E01008997,E05011134,Birmingham,E01008997
B31 3RR,E01009212,E05011152,Birmingham,E01009212
B12 8BP,E01033648,E05011170,Birmingham,E01033648
B23 6AP,E01033630,E05011173,Birmingham,E01033630
B12 9PX,E01034939,E05011122,Birmingham,E01034939
B11 4DB,E01009395,E05011171,Birmingham,E01009395
B7 4PY,E01009204,E05011155,Birmingham,E01009204
B6 6AS,E01009061,E05011121,Birmingham,E01009061
B42 2PQ,E01009243,E05011160,Birmingham,E01009243
B33 0QA,E01009321,E05011166,Birmingham,E01009321
B23 7HL,E01009123,E05011173,Birmingham,E01009123
B35 7PX,E01009099,E05011132,Birmingham,E01009099
B30 3QJ,E01008975,E05011133,Birmingham,E01008975
B29 7NT,E01009283,E05011128,Birmingham,E01009283
B21 9PN,E01009266,E05011142,Birmingham,E01009266
B20 3QS,E01009057,E05011125,Birmingham,E01009057
B31 3SX,E01009212,E05011152,Birmingham,E01009212
B45 9BX,E01009164,E05011164,Birmingham,E01009164
B32 4JL,E01008928,E05011123,Birmingham,E01008928
B34 6RZ,E01009309,E05011165,Birmingham,E01009309
B26 2JA,E01009519,E05011185,Birmingham,E01009519
B42 1PT,E01009238,E05011160,Birmingham,E01009238
B9 5JF,E01009341,E05011145,Birmingham,E01009341
B29 5DL,E01009505,E05011184,Birmingham,E01009505
B29 4PH,E01009493,E05011184,Birmingham,E01009493
B27 7XU,E01009015,E05011118,Birmingham,E01009015
B21 0AU,E01009349,E05011147,Birmingham,E01009349
B29 6EF,E01009289,E05011128,Birmingham,E01009289
B13 0PT,E01008935,E05011124,Birmingham,E01008935
B44 0DG,E01009134,E05011150,Birmingham,E01009134
B23 6HL,E01009408,E05011173,Birmingham,E01009408
B11 3EP,E01009017,E05011140,Birmingham,E01009017
B24 9AE,E01009013,E05011135,Birmingham,E01009013
B30 1EZ,E01008959,E05011129,Birmingham,E01008959
B9 5NN,E01033649,E05011145,Birmingham,E01033649
B34 7HL,E01009310,E05011165,Birmingham,E01009310
B9 5LP,E01033649,E05011145,Birmingham,E01033649
B11 1JX,E01009365,E05011170,Birmingham,E01009365
B42 2RX,E01009248,E05011159,Birmingham,E01009248
B38 8HZ,E01009214,E05011152,Birmingham,E01009214
B45 0JB,E01034943,E05011136,Birmingham,E01034943
B28 0JF,E01009036,E05011141,Birmingham,E01009036
B15 2DY,E01033624,E05011151,Birmingham,E01033624
B18 5JT,E01009358,E05011168,Birmingham,E01009358
B31 4TD,E01009170,E05011152,Birmingham,E01009170
B23 5RS,E01009002,E05011135,Birmingham,E01009002
B42 2BH,E01009246,E05011160,Birmingham,E01009246
B33 9FE,E01009095,E05011138,Birmingham,E01009095
B32 2LN,E01009073,E05011144,Birmingham,E01009073
B38 9RJ,E01009113,E05011149,Birmingham,E01009113
B32 2HN,E01009070,E05011144,Birmingham,E01009070
B18 4PL,E01009361,E05011168,Birmingham,E01009361
B23 5GH,E01009458,E05011135,Birmingham,E01009458
B5 7LP,E01008996,E05011122,Birmingham,E01008996
B34 7QD,E01009306,E05011165,Birmingham,E01009306
B31 3RF,E01009215,E05011152,Birmingham,E01009215
B44 0RD,E01009127,E05011150,Birmingham,E01009127
B29 6BP,E01009289,E05011128,Birmingham,E01009289
B16 9DA,E01008987,E05011151,Birmingham,E01008987
B72 1NE,E01009453,E05011178,Birmingham,E01009453
B18 5NE,E01009358,E05011168,Birmingham,E01009358
B35 6QG,E01009101,E05011132,Birmingham,E01009101
B13 9NW,E01009395,E05011171,Birmingham,E01009395
B31 2DR,E01008962,E05011129,Birmingham,E01008962
B1 3PE,E01033623,E05011168,Birmingham,E01033623
B8 3LN,E01009488,E05011120,Birmingham,E01009488
B72 1QA,E01009449,E05011178,Birmingham,E01009449
B21 9AY,E01009352,E05011142,Birmingham,E01009352
B31 5NT,E01009173,E05011136,Birmingham,E01009173
B25 8XU,E01009518,E05011185,Birmingham,E01009518
B31 4LS,E01009166,E05011152,Birmingham,E01009166
B24 8QL,E01009000,E05011139,Birmingham,E01009000
B24 8JU,E01008998,E05011139,Birmingham,E01008998
B33 8HG,E01009508,E05011137,Birmingham,E01009508
B76 1PJ,E01009438,E05011180,Birmingham,E01009438
B76 2SR,E01009450,E05011180,Birmingham,E01009450
B74 4PT,E01009421,E05011174,Birmingham,E01009421
B24 0HA,E01009100,E05011162,Birmingham,E01009100
B19 2AD,E01008913,E05011156,Birmingham,E01008913
B23 5RE,E01009407,E05011135,Birmingham,E01009407
B27 6PJ,E01008895,E05011118,Birmingham,E01008895
B18 5SP,E01009360,E05011168,Birmingham,E01009360
B24 8QG,E01009400,E05011139,Birmingham,E01009400
B9 5SH,E01009477,E05011145,Birmingham,E01009477
B10 0UU,E01009334,E05011167,Birmingham,E01009334
B8 3RB,E01009492,E05011138,Birmingham,E01009492
B29 6HX,E01009295,E05011129,Birmingham,E01009295
B32 2PN,E01009074,E05011144,Birmingham,E01009074
B23 5PY,E01009002,E05011135,Birmingham,E01009002
B74 4EH,E01009418,E05011175,Birmingham,E01009418
B44 0DU,E01009122,E05011150,Birmingham,E01009122
B73 5HJ,E01009460,E05011179,Birmingham,E01009460
B14 5HE,E01008976,E05011133,Birmingham,E01008976
B42 1LY,E01009236,E05011160,Birmingham,E01009236
B17 0TN,E01009064,E05011144,Birmingham,E01009064
B14 7EX,E01009175,E05011130,Birmingham,E01009175
B44 0AN,E01009132,E05011150,Birmingham,E01009132
B27 6NH,E01008890,E05011118,Birmingham,E01008890
B29 4QR,E01009494,E05011184,Birmingham,E01009494
B29 6WN,E01009280,E05011129,Birmingham,E01009280
B34 7SH,E01009297,E05011165,Birmingham,E01009297
B11 2JG,E01034952,E05011170,Birmingham,E01034952
B21 8EB,E01009269,E05011147,Birmingham,E01009269
B3 1QS,E01033623,E05011168,Birmingham,E01033623
B12 8RT,E01009399,E05011170,Birmingham,E01009399
B31 2XN,E01008958,E05011129,Birmingham,E01008958
B20 3PG,E01009057,E05011125,Birmingham,E01009057
B4 6FF,E01033617,E05011151,Birmingham,E01033617
B1 1FN,E01033625,E05011151,Birmingham,E01033625
B25 8PU,E01008898,E05011186,Birmingham,E01008898
B8 2XD,E01009479,E05011183,Birmingham,E01009479
B30 2EL,E01008956,E05011129,Birmingham,E01008956
B21 0SA,E01009359,E05011168,Birmingham,E01009359
B15 2QU,E01008992,E05011134,Birmingham,E01008992
B33 0RR,E01009321,E05011137,Birmingham,E01009321
B14 6HX,E01008970,E05011130,Birmingham,E01008970
B42 2LQ,E01009239,E05011160,Birmingham,E01009239
B23 7QQ,E01009414,E05011173,Birmingham,E01009414
B23 6QD,E01009006,E05011135,Birmingham,E01009006
B21 9AS,E01009355,E05011142,Birmingham,E01009355
B72 1AT,E01009463,E05011181,Birmingham,E01009463
B12 8UQ,E01009367,E05011170,Birmingham,E01009367
B30 2QN,E01008953,E05011172,Birmingham,E01008953
B12 9RA,E01009376,E05011122,Birmingham,E01009376
B10 9JS,E01009326,E05011167,Birmingham,E01009326
B29 5QT,E01009502,E05011184,Birmingham,E01009502
B31 5GX,E01009172,E05011136,Birmingham,E01009172
B44 0AB,E01009122,E05011150,Birmingham,E01009122
B42 1PJ,E01009238,E05011160,Birmingham,E01009238
B23 5DB,E01009136,E05011161,Birmingham,E01009136
B11 3NL,E01034953,E05011171,Birmingham,E01034953
B16 9EL,E01009140,E05011151,Birmingham,E01009140
B29 7SR,E01009293,E05011128,Birmingham,E01009293
B31 1TR,E01008930,E05011123,Birmingham,E01008930
B11 3BT,E01009017,E05011140,Birmingham,E01009017
B44 9UZ,E01009225,E05011159,Birmingham,E01009225
B1 1TS,E01033625,E05011151,Birmingham,E01033625
B38 9AG,E01009119,E05011149,Birmingham,E01009119
B31 3ST,E01009215,E05011152,Birmingham,E01009215
B29 6TU,E01009281,E05011129,Birmingham,E01009281
B44 0HH,E01009231,E05011150,Birmingham,E01009231
B26 2LR,E01009520,E05011185,Birmingham,E01009520
B44 8UL,E01009227,E05011159,Birmingham,E01009227
B19 2NE,E01034925,E05011153,Birmingham,E01034925
B18 5RL,E01009360,E05011168,Birmingham,E01009360
B10 0EB,E01009379,E05011127,Birmingham,E01009379
B26 1ES,E01008891,E05011169,Birmingham,E01008891
B12 0PR,E01034946,E05011126,Birmingham,E01034946
B8 2EF,E01009481,E05011183,Birmingham,E01009481
B14 4BW,E01008945,E05011146,Birmingham,E01008945
B12 9RP,E01009182,E05011122,Birmingham,E01009182
B33 9HW,E01009094,E05011138,Birmingham,E01009094
B7 4ET,E01009204,E05011155,Birmingham,E01009204
B30 2NY,E01008952,E05011172,Birmingham,E01008952
B16 0HJ,E01009152,E05011157,Birmingham,E01009152
B23 6NA,E01009006,E05011135,Birmingham,E01009006
B21 8AD,E01009274,E05011147,Birmingham,E01009274
B19 3SA,E01034930,E05011156,Birmingham,E01034930
B33 9TG,E01009300,E05011138,Birmingham,E01009300
B11 3QA,E01009026,E05011182,Birmingham,E01009026
B21 9PQ,E01009270,E05011142,Birmingham,E01009270
B13 8AP,E01009182,E05011154,Birmingham,E01009182
B27 7HD,E01009021,E05011118,Birmingham,E01009021
B29 4ED,E01009505,E05011184,Birmingham,E01009505
B20 3LX,E01034917,E05011125,Birmingham,E01034917
B25 8DZ,E01008884,E05011182,Birmingham,E01008884
B13 9HL,E01009394,E05011154,Birmingham,E01009394
B31 5AD,E01009206,E05011119,Birmingham,E01009206
B25 8TN,E01008881,E05011186,Birmingham,E01008881
B11 2NT,E01009339,E05011170,Birmingham,E01009339
B23 5NE,E01009405,E05011161,Birmingham,E01009405
B31 1DT,E01009495,E05011123,Birmingham,E01009495
B15 2JG,E01008994,E05011134,Birmingham,E01008994
B33 9RT,E01009298,E05011138,Birmingham,E01009298
B30 2SU,E01008965,E05011172,Birmingham,E01008965
B11 3HJ,E01009028,E05011182,Birmingham,E01009028
B21 0QE,E01034921,E05011168,Birmingham,E01034921
B34 6AH,E01009090,E05011131,Birmingham,E01009090
B13 9DL,E01009385,E05011154,Birmingham,E01009385
B14 7RJ,E01009178,E05011130,Birmingham,E01009178
B36 8HH,E01009086,E05011131,Birmingham,E01009086
B32 4AG,E01008923,E05011123,Birmingham,E01008923
B10 0TG,E01009380,E05011127,Birmingham,E01009380
B23 6PA,E01009407,E05011173,Birmingham,E01009407
B8 2EH,E01009481,E05011183,Birmingham,E01009481
B32 2LR,E01009073,E05011144,Birmingham,E01009073
B30 3BU,E01008953,E05011172,Birmingham,E01008953
B29 5XP,E01009500,E05011184,Birmingham,E01009500
B11 4NS,E01009382,E05011171,Birmingham,E01009382
B34 6JN,E01009088,E05011131,Birmingham,E01009088
B21 8EG,E01009266,E05011147,Birmingham,E01009266
B21 8BU,E01009269,E05011147,Birmingham,E01009269
B19 1DG,E01008907,E05011153,Birmingham,E01008907
B24 0BF,E01009105,E05011162,Birmingham,E01009105
B33 8RQ,E01009508,E05011185,Birmingham,E01009508
B75 5NE,E01009420,E05011177,Birmingham,E01009420
B76 2TL,E01009436,E05011180,Birmingham,E01009436
B27 6HG,E01008892,E05011118,Birmingham,E01008892
B16 0NT,E01009151,E05011157,Birmingham,E01009151
B72 1HR,E01009463,E05011181,Birmingham,E01009463
B15 1FN,E01009146,E05011151,Birmingham,E01009146
B32 4LU,E01008925,E05011123,Birmingham,E01008925
B13 0PG,E01008971,E05011124,Birmingham,E01008971
B12 8SF,E01009377,E05011170,Birmingham,E01009377
B26 1HS,E01008891,E05011169,Birmingham,E01008891
B17 8ES,E01009147,E05011157,Birmingham,E01009147
B45 0LS,E01009155,E05011136,Birmingham,E01009155
B44 9LG,E01009222,E05011159,Birmingham,E01009222
B14 5DB,E01008947,E05011146,Birmingham,E01008947
B32 3AX,E01008919,E05011123,Birmingham,E01008919
B33 9SJ,E01009300,E05011138,Birmingham,E01009300
B21 0EG,E01009351,E05011147,Birmingham,E01009351
B16 0JN,E01009151,E05011157,Birmingham,E01009151
B29 6JX,E01009284,E05011129,Birmingham,E01009284
B29 7SF,E01009282,E05011128,Birmingham,E01009282
B76 1TU,E01009437,E05011180,Birmingham,E01009437
B14 7HS,E01009179,E05011130,Birmingham,E01009179
B15 3EE,E01008988,E05011134,Birmingham,E01008988
B23 7LL,E01009412,E05011173,Birmingham,E01009412
B15 3PJ,E01008991,E05011134,Birmingham,E01008991
B9 5DU,E01009332,E05011127,Birmingham,E01009332
B2 4PG,E01033620,E05011151,Birmingham,E01033620
B17 0LD,E01009075,E05011144,Birmingham,E01009075
B5 7RD,E01008984,E05011122,Birmingham,E01008984
B25 8NH,E01008882,E05011182,Birmingham,E01008882
B33 9SS,E01009299,E05011138,Birmingham,E01009299
B32 1SB,E01009259,E05011163,Birmingham,E01009259
B30 1JU,E01009281,E05011129,Birmingham,E01009281
B16 0HS,E01009152,E05011157,Birmingham,E01009152
B14 6QA,E01008972,E05011130,Birmingham,E01008972
B23 5PW,E01009001,E05011135,Birmingham,E01009001
B34 6QS,E01009305,E05011165,Birmingham,E01009305
B19 1EG,E01008907,E05011153,Birmingham,E01008907
B14 5AG,E01008974,E05011133,Birmingham,E01008974
B45 9SD,E01034943,E05011136,Birmingham,E01034943
B20 1AD,E01009267,E05011143,Birmingham,E01009267
B45 0EU,E01034943,E05011136,Birmingham,E01034943
B12 0EE,E01034946,E05011126,Birmingham,E01034946
B3 3DG,E01033625,E05011151,Birmingham,E01033625
B23 7SH,E01009414,E05011173,Birmingham,E01009414
B45 0HT,E01009161,E05011136,Birmingham,E01009161
B32 3AH,E01008919,E05011123,Birmingham,E01008919
B8 2PR,E01009490,E05011138,Birmingham,E01009490
B27 7JQ,E01009019,E05011118,Birmingham,E01009019
B29 7AY,E01009286,E05011128,Birmingham,E01009286
B72 1LY,E01009471,E05011181,Birmingham,E01009471
B24 0PS,E01009098,E05011162,Birmingham,E01009098
B17 8RN,E01009261,E05011163,Birmingham,E01009261
B30 2LH,E01008955,E05011172,Birmingham,E01008955
B30 1TP,E01009281,E05011129,Birmingham,E01009281
B44 8QP,E01009231,E05011150,Birmingham,E01009231
B73 6QD,E01009469,E05011179,Birmingham,E01009469
B20 3PR,E01009059,E05011125,Birmingham,E01009059
B33 8LA,E01009511,E05011137,Birmingham,E01009511
B21 9NQ,E01009275,E05011142,Birmingham,E01009275
B33 0UP,E01009512,E05011137,Birmingham,E01009512
B32 1SS,E01009259,E05011163,Birmingham,E01009259
B1 2SU,E01034951,E05011151,Birmingham,E01034951
B42 2GT,E01009239,E05011160,Birmingham,E01009239
B42 2AR,E01009234,E05011160,Birmingham,E01009234
B6 4TS,E01008910,E05011156,Birmingham,E01008910
B31 5QB,E01009172,E05011119,Birmingham,E01009172
B21 8EE,E01009269,E05011147,Birmingham,E01009269
B10 9HR,E01009326,E05011167,Birmingham,E01009326
B13 8DT,E01009182,E05011154,Birmingham,E01009182
B9 5TZ,E01009475,E05011145,Birmingham,E01009475
B27 6RQ,E01008895,E05011169,Birmingham,E01008895
B28 0TS,E01009042,E05011141,Birmingham,E01009042
B13 9UD,E01009189,E05011154,Birmingham,E01009189
B17 0QT,E01009077,E05011144,Birmingham,E01009077
B75 7RU,E01009447,E05011178,Birmingham,E01009447
B32 4JS,E01008927,E05011123,Birmingham,E01008927
B11 3BS,E01009017,E05011140,Birmingham,E01009017
B13 0JX,E01008937,E05011124,Birmingham,E01008937
B32 2QU,E01009256,E05011163,Birmingham,E01009256
B35 6DH,E01009096,E05011132,Birmingham,E01009096
B31 3RL,E01009216,E05011152,Birmingham,E01009216
B32 1LP,E01009257,E05011163,Birmingham,E01009257
B16 8WU,E01009143,E05011151,Birmingham,E01009143
B5 6EE,E01034947,E05011126,Birmingham,E01034947
B5 6EY,E01033640,E05011126,Birmingham,E01033640
B1 1WL,E01033616,E05011151,Birmingham,E01033616
B45 9GP,E01009158,E05011158,Birmingham,E01009158
B20 2PQ,E01009263,E05011143,Birmingham,E01009263
B11 1HH,E01009363,E05011170,Birmingham,E01009363
B10 0JT,E01009380,E05011127,Birmingham,E01009380
B31 1TD,E01009498,E05011119,Birmingham,E01009498
B10 9PH,E01009327,E05011167,Birmingham,E01009327
B42 2SD,E01009244,E05011159,Birmingham,E01009244
B14 7NB,E01008967,E05011130,Birmingham,E01008967
B24 0AS,E01009003,E05011135,Birmingham,E01009003
B33 9NJ,E01009093,E05011138,Birmingham,E01009093
B19 2SH,E01008913,E05011156,Birmingham,E01008913
B29 7QA,E01009296,E05011128,Birmingham,E01009296
B31 1AJ,E01008924,E05011123,Birmingham,E01008924
B74 2AB,E01009464,E05011179,Birmingham,E01009464
B32 4JN,E01008928,E05011123,Birmingham,E01008928
B29 5AY,E01009294,E05011184,Birmingham,E01009294
B31 5NH,E01009173,E05011119,Birmingham,E01009173
B34 7LD,E01009308,E05011165,Birmingham,E01009308
B30 1EY,E01009218,E05011129,Birmingham,E01009218
B31 1PZ,E01009499,E05011119,Birmingham,E01009499
B18 4DD,E01009346,E05011157,Birmingham,E01009346
B14 4PG,E01008946,E05011146,Birmingham,E01008946
B21 9JA,E01009350,E05011142,Birmingham,E01009350
B36 8JN,E01009084,E05011131,Birmingham,E01009084
B8 2AG,E01009487,E05011138,Birmingham,E01009487
B33 9HN,E01009094,E05011138,Birmingham,E01009094
B31 5FD,E01009172,E05011136,Birmingham,E01009172
B17 8EE,E01009147,E05011157,Birmingham,E01009147
B30 2YP,E01009282,E05011128,Birmingham,E01009282
B34 6PR,E01009307,E05011165,Birmingham,E01009307
B25 8QU,E01008898,E05011186,Birmingham,E01008898
B73 5DN,E01009472,E05011179,Birmingham,E01009472
B5 7RA,E01008984,E05011122,Birmingham,E01008984
B36 8SA,E01009079,E05011131,Birmingham,E01009079
B73 6QH,E01009469,E05011179,Birmingham,E01009469
B18 4RB,E01009361,E05011168,Birmingham,E01009361
B20 1LL,E01032591,E05011143,Birmingham,E01032591
B11 4DL,E01009393,E05011171,Birmingham,E01009393
B33 0LZ,E01009301,E05011138,Birmingham,E01009301
B35 6NR,E01009106,E05011132,Birmingham,E01009106
B31 2FQ,E01009493,E05011184,Birmingham,E01009493
B10 0AR,E01009363,E05011127,Birmingham,E01009363
B30 2EB,E01008951,E05011129,Birmingham,E01008951
B32 1AD,E01009250,E05011163,Birmingham,E01009250
B21 9BU,E01009352,E05011142,Birmingham,E01009352
B13 0LJ,E01008938,E05011124,Birmingham,E01008938
B28 8FE,E01009014,E05011182,Birmingham,E01009014
B4 6LL,E01034930,E05011156,Birmingham,E01034930
B12 0BD,E01034946,E05011126,Birmingham,E01034946
B23 5BD,E01034913,E05011161,Birmingham,E01034913
B38 8QY,E01009107,E05011149,Birmingham,E01009107
B75 5HD,E01009423,E05011175,Birmingham,E01009423
B13 9PZ,E01009176,E05011154,Birmingham,E01009176
B76 1XG,E01009443,E05011180,Birmingham,E01009443
B16 9LJ,E01008989,E05011157,Birmingham,E01008989
B23 6NS,E01009002,E05011135,Birmingham,E01009002
B44 9AN,E01009225,E05011159,Birmingham,E01009225
B17 0HU,E01009075,E05011144,Birmingham,E01009075
B33 0RN,E01009321,E05011137,Birmingham,E01009321
B10 9QL,E01009332,E05011127,Birmingham,E01009332
B32 3TT,E01008918,E05011123,Birmingham,E01008918
B1 1WG,E01033616,E05011151,Birmingham,E01033616
B34 6LD,E01009088,E05011131,Birmingham,E01009088
B8 3LW,E01009488,E05011120,Birmingham,E01009488
B33 0DD,E01009301,E05011138,Birmingham,E01009301
B16 8AJ,E01033627,E05011151,Birmingham,E01033627
B6 7DG,E01008916,E05011121,Birmingham,E01008916
B30 3QQ,E01008973,E05011133,Birmingham,E01008973
B14 4AP,E01008969,E05011124,Birmingham,E01008969
B21 0DG,E01009349,E05011147,Birmingham,E01009349
B30 1DG,E01008961,E05011129,Birmingham,E01008961
B30 1TA,E01008950,E05011129,Birmingham,E01008950
B29 7RL,E01009293,E05011128,Birmingham,E01009293
B35 7DA,E01009103,E05011132,Birmingham,E01009103
B33 0DS,E01009303,E05011138,Birmingham,E01009303
B9 5LX,E01009476,E05011145,Birmingham,E01009476
B12 0YD,E01009362,E05011126,Birmingham,E01009362
B15 2DG,E01033626,E05011151,Birmingham,E01033626
B7 4JS,E01009204,E05011155,Birmingham,E01009204
B18 6DZ,E01034950,E05011168,Birmingham,E01034950
B30 2XY,E01008952,E05011172,Birmingham,E01008952
B6 5LX,E01008901,E05011121,Birmingham,E01008901
B26 3RX,E01009320,E05011166,Birmingham,E01009320
B35 7EX,E01009103,E05011132,Birmingham,E01009103
B76 9RG,E01009441,E05011180,Birmingham,E01009441
B12 0QA,E01034947,E05011126,Birmingham,E01034947
B24 0BH,E01009096,E05011162,Birmingham,E01009096
B76 2PN,E01009435,E05011180,Birmingham,E01009435
B23 5GW,E01034913,E05011161,Birmingham,E01034913
B29 7NS,E01009283,E05011128,Birmingham,E01009283
B30 3SA,E01008975,E05011133,Birmingham,E01008975
B73 5NR,E01009471,E05011181,Birmingham,E01009471
B33 9PJ,E01009298,E05011138,Birmingham,E01009298
B33 8PN,E01009513,E05011186,Birmingham,E01009513
B74 4XG,E01009433,E05011175,Birmingham,E01009433
B26 3XE,E01009317,E05011166,Birmingham,E01009317
B21 9HH,E01009350,E05011142,Birmingham,E01009350
B42 1RJ,E01009242,E05011160,Birmingham,E01009242
B27 7TB,E01009016,E05011182,Birmingham,E01009016
B19 1LT,E01009060,E05011153,Birmingham,E01009060
B73 5PF,E01009466,E05011181,Birmingham,E01009466
B20 1JS,E01032591,E05011143,Birmingham,E01032591
B18 6PG,E01034950,E05011168,Birmingham,E01034950
B30 1UD,E01009281,E05011129,Birmingham,E01009281
B5 4AF,E01033625,E05011151,Birmingham,E01033625
B26 3TX,E01009315,E05011166,Birmingham,E01009315
B11 4DT,E01009393,E05011171,Birmingham,E01009393
B13 9XG,E01009046,E05011154,Birmingham,E01009046
B31 5PG,E01009173,E05011119,Birmingham,E01009173
B28 0EX,E01009034,E05011140,Birmingham,E01009034
B72 1SD,E01009424,E05011178,Birmingham,E01009424
B73 6LN,E01009468,E05011179,Birmingham,E01009468
B31 2RD,E01009206,E05011158,Birmingham,E01009206
B32 2NU,E01009070,E05011144,Birmingham,E01009070
B25 8YX,E01008897,E05011186,Birmingham,E01008897
B9 5SY,E01009342,E05011145,Birmingham,E01009342
B11 3JY,E01034953,E05011171,Birmingham,E01034953
B31 3QY,E01009212,E05011152,Birmingham,E01009212
B38 9SA,E01009115,E05011149,Birmingham,E01009115
B42 2QU,E01009244,E05011159,Birmingham,E01009244
B30 2JA,E01008957,E05011172,Birmingham,E01008957
B44 9RJ,E01009221,E05011150,Birmingham,E01009221
B28 9DS,E01009032,E05011140,Birmingham,E01009032
B5 7UY,E01008997,E05011134,Birmingham,E01008997
B26 1PN,E01009520,E05011166,Birmingham,E01009520
B29 5LR,E01009502,E05011184,Birmingham,E01009502
B14 6PL,E01008967,E05011130,Birmingham,E01008967
B10 0TB,E01009380,E05011127,Birmingham,E01009380
B8 2LA,E01009487,E05011183,Birmingham,E01009487
B12 9BB,E01009374,E05011122,Birmingham,E01009374
B12 0BB,E01034946,E05011126,Birmingham,E01034946
B45 9LG,E01009171,E05011164,Birmingham,E01009171
B23 5DJ,E01009136,E05011161,Birmingham,E01009136
B11 3RH,E01034954,E05011170,Birmingham,E01034954
B33 9HE,E01009095,E05011138,Birmingham,E01009095
B11 2QL,E01009373,E05011170,Birmingham,E01009373
B32 3DZ,E01009500,E05011184,Birmingham,E01009500
B23 5QB,E01009002,E05011135,Birmingham,E01009002
B28 0TY,E01009042,E05011141,Birmingham,E01009042
B17 0TP,E01009064,E05011144,Birmingham,E01009064
B8 3EN,E01009476,E05011120,Birmingham,E01009476
B13 0JH,E01008935,E05011124,Birmingham,E01008935
B31 4PL,E01009168,E05011152,Birmingham,E01009168
B26 2SN,E01009323,E05011137,Birmingham,E01009323
B24 8EG,E01008998,E05011139,Birmingham,E01008998
B75 7BQ,E01009454,E05011176,Birmingham,E01009454
B4 6GF,E01033617,E05011151,Birmingham,E01033617
B19 3LD,E01034930,E05011156,Birmingham,E01034930
B38 8XT,E01009117,E05011148,Birmingham,E01009117
B28 0GE,E01009031,E05011140,Birmingham,E01009031
B45 8DT,E01009171,E05011164,Birmingham,E01009171
B44 0EB,E01009137,E05011150,Birmingham,E01009137
B13 0BA,E01008933,E05011124,Birmingham,E01008933
B14 4SL,E01008942,E05011146,Birmingham,E01008942
B26 1SD,E01009520,E05011185,Birmingham,E01009520
B21 8EQ,E01009269,E05011147,Birmingham,E01009269
B10 9NA,E01009327,E05011167,Birmingham,E01009327
B8 3RY,E01009477,E05011138,Birmingham,E01009477
B26 2NR,E01009324,E05011166,Birmingham,E01009324
B76 1RE,E01009437,E05011180,Birmingham,E01009437
B76 1JF,E01009440,E05011180,Birmingham,E01009440
B7 5AD,E01009204,E05011155,Birmingham,E01009204
B32 1QT,E01009250,E05011163,Birmingham,E01009250
B28 9LJ,E01009035,E05011140,Birmingham,E01009035
B29 7RH,E01009293,E05011128,Birmingham,E01009293
B75 7QP,E01009447,E05011176,Birmingham,E01009447
B27 7TD,E01009016,E05011182,Birmingham,E01009016
B31 3AG,E01009205,E05011148,Birmingham,E01009205
B31 5AB,E01009206,E05011119,Birmingham,E01009206
B8 2DF,E01009478,E05011183,Birmingham,E01009478
B28 8PH,E01009023,E05011118,Birmingham,E01009023
B45 0JT,E01009174,E05011136,Birmingham,E01009174
B14 7TH,E01009177,E05011130,Birmingham,E01009177
B30 1AR,E01008962,E05011129,Birmingham,E01008962
B26 1HW,E01008888,E05011169,Birmingham,E01008888
B13 8JT,E01009184,E05011154,Birmingham,E01009184
B13 9LP,E01009395,E05011171,Birmingham,E01009395
B8 1HB,E01009192,E05011120,Birmingham,E01009192
B24 9BH,E01009013,E05011135,Birmingham,E01009013
B17 0AY,E01009071,E05011144,Birmingham,E01009071
B5 7TE,E01008984,E05011134,Birmingham,E01008984
B23 7LT,E01009412,E05011173,Birmingham,E01009412
B7 4EU,E01033561,E05011155,Birmingham,E01033561
B23 5RY,E01009002,E05011135,Birmingham,E01009002
B17 0RG,E01009077,E05011144,Birmingham,E01009077
B33 0EQ,E01009299,E05011138,Birmingham,E01009299
B26 2BH,E01009516,E05011185,Birmingham,E01009516
B16 9BG,E01008988,E05011157,Birmingham,E01008988
B19 1HA,E01009048,E05011125,Birmingham,E01009048
B31 5QP,E01009173,E05011119,Birmingham,E01009173
B17 0SJ,E01009071,E05011144,Birmingham,E01009071
B8 1EY,E01009192,E05011120,Birmingham,E01009192
B42 1PE,E01009241,E05011160,Birmingham,E01009241
B21 8DY,E01009266,E05011147,Birmingham,E01009266
B10 0HA,E01009338,E05011167,Birmingham,E01009338
B28 0NZ,E01009039,E05011141,Birmingham,E01009039
B33 0QY,E01009321,E05011166,Birmingham,E01009321
B23 6HN,E01009408,E05011173,Birmingham,E01009408
B11 1ED,E01033650,E05011170,Birmingham,E01033650
B11 3BB,E01034955,E05011140,Birmingham,E01034955
B8 3TB,E01034932,E05011120,Birmingham,E01034932
B29 5BD,E01009504,E05011184,Birmingham,E01009504
B10 9BE,E01033642,E05011167,Birmingham,E01033642
B8 1PN,E01009482,E05011120,Birmingham,E01009482
B13 0NB,E01008938,E05011124,Birmingham,E01008938
B76 2QN,E01009437,E05011180,Birmingham,E01009437
B6 6HQ,E01034919,E05011121,Birmingham,E01034919
B11 1PT,E01009372,E05011170,Birmingham,E01009372
B13 9AP,E01033648,E05011154,Birmingham,E01033648
B76 1XR,E01009443,E05011180,Birmingham,E01009443
B13 9LG,E01009176,E05011154,Birmingham,E01009176
B10 9TJ,E01033642,E05011167,Birmingham,E01033642
B16 8FP,E01033564,E05011151,Birmingham,E01033564
B29 6ET,E01009290,E05011128,Birmingham,E01009290
B29 6PW,E01009292,E05011184,Birmingham,E01009292
B28 9JJ,E01032589,E05011140,Birmingham,E01032589
B32 3ST,E01008931,E05011123,Birmingham,E01008931
B14 5AB,E01008974,E05011133,Birmingham,E01008974
B24 0SB,E01009105,E05011162,Birmingham,E01009105
B73 5EA,E01009474,E05011179,Birmingham,E01009474
B30 1JD,E01008960,E05011129,Birmingham,E01008960
B74 4JR,E01009419,E05011174,Birmingham,E01009419
B26 1AX,E01009521,E05011185,Birmingham,E01009521
B75 5UP,E01009416,E05011177,Birmingham,E01009416
B44 8JP,E01009230,E05011150,Birmingham,E01009230
B5 7LX,E01008995,E05011122,Birmingham,E01008995
B21 0UP,E01009359,E05011168,Birmingham,E01009359
B44 0SY,E01009129,E05011150,Birmingham,E01009129
B14 6SX,E01008967,E05011130,Birmingham,E01008967
B18 6BT,E01033559,E05011168,Birmingham,E01033559
B20 3RP,E01009057,E05011125,Birmingham,E01009057
B20 2DY,E01009049,E05011143,Birmingham,E01009049
B26 3YU,E01009315,E05011166,Birmingham,E01009315
B72 1DD,E01009459,E05011181,Birmingham,E01009459
B73 6BP,E01009424,E05011178,Birmingham,E01009424
B76 9RH,E01009441,E05011180,Birmingham,E01009441
B32 1HP,E01009251,E05011163,Birmingham,E01009251
B24 9AS,E01009012,E05011135,Birmingham,E01009012
B21 8BT,E01009269,E05011147,Birmingham,E01009269
B29 4HQ,E01009505,E05011184,Birmingham,E01009505
B38 9FP,E01009120,E05011149,Birmingham,E01009120
B16 9SD,E01008988,E05011157,Birmingham,E01008988
B28 0AQ,E01009046,E05011140,Birmingham,E01009046
B32 2DL,E01009254,E05011163,Birmingham,E01009254
B29 6BD,E01034940,E05011128,Birmingham,E01034940
B25 8LB,E01008883,E05011169,Birmingham,E01008883
B44 8LN,E01009226,E05011159,Birmingham,E01009226
B19 2UE,E01008911,E05011156,Birmingham,E01008911
B24 8LU,E01009400,E05011139,Birmingham,E01009400
B42 2RG,E01009243,E05011159,Birmingham,E01009243
B33 9BD,E01009095,E05011138,Birmingham,E01009095
B24 9BW,E01009012,E05011135,Birmingham,E01009012
B23 7ND,E01009413,E05011173,Birmingham,E01009413
B32 4EE,E01008928,E05011123,Birmingham,E01008928
B29 7RJ,E01009293,E05011128,Birmingham,E01009293
B38 9JX,E01009113,E05011149,Birmingham,E01009113
B32 1BJ,E01009250,E05011163,Birmingham,E01009250
B76 2XF,E01009455,E05011180,Birmingham,E01009455
B8 3JH,E01009491,E05011120,Birmingham,E01009491
B34 6RA,E01009307,E05011165,Birmingham,E01009307
B76 1XN,E01009443,E05011180,Birmingham,E01009443
B17 0LH,E01009075,E05011144,Birmingham,E01009075
B12 9NT,E01034938,E05011122,Birmingham,E01034938
B17 0LA,E01009075,E05011144,Birmingham,E01009075
B17 9HA,E01009069,E05011144,Birmingham,E01009069
B31 4JH,E01009213,E05011152,Birmingham,E01009213
B73 5LX,E01009459,E05011181,Birmingham,E01009459
B25 8XY,E01009515,E05011185,Birmingham,E01009515
B44 9LS,E01009222,E05011159,Birmingham,E01009222
B27 6PX,E01009015,E05011118,Birmingham,E01009015
B1 3AJ,E01034951,E05011168,Birmingham,E01034951
B23 5UH,E01034915,E05011135,Birmingham,E01034915
B36 8BP,E01009083,E05011131,Birmingham,E01009083
B21 0ET,E01009351,E05011147,Birmingham,E01009351
B73 5QB,E01009466,E05011181,Birmingham,E01009466
B23 6EL,E01009409,E05011173,Birmingham,E01009409
B9 5UL,E01009475,E05011145,Birmingham,E01009475
B25 8LT,E01008887,E05011169,Birmingham,E01008887
B21 9BN,E01009352,E05011142,Birmingham,E01009352
B74 2QX,E01009430,E05011174,Birmingham,E01009430
B73 5DE,E01009473,E05011179,Birmingham,E01009473
B28 8BY,E01009030,E05011140,Birmingham,E01009030
B14 6QX,E01008972,E05011130,Birmingham,E01008972
B11 3PJ,E01009029,E05011182,Birmingham,E01009029
B10 9LB,E01009326,E05011167,Birmingham,E01009326
B20 3HP,E01009058,E05011121,Birmingham,E01009058
B31 4AS,E01009209,E05011152,Birmingham,E01009209
B23 6FJ,E01033646,E05011139,Birmingham,E01033646
B31 3PN,E01009216,E05011152,Birmingham,E01009216
B31 3SF,E01009215,E05011152,Birmingham,E01009215
B29 6SU,E01009078,E05011184,Birmingham,E01009078
B38 8XY,E01009118,E05011148,Birmingham,E01009118
B13 9DN,E01009385,E05011154,Birmingham,E01009385
B23 6JD,E01009408,E05011173,Birmingham,E01009408
B34 7NA,E01009310,E05011165,Birmingham,E01009310
B19 2QJ,E01008913,E05011156,Birmingham,E01008913
B31 1ER,E01009495,E05011123,Birmingham,E01009495
B11 1HA,E01009363,E05011170,Birmingham,E01009363
B25 8TD,E01008897,E05011186,Birmingham,E01008897
B18 7JA,E01009348,E05011168,Birmingham,E01009348
B74 4SU,E01009417,E05011174,Birmingham,E01009417
B6 4UB,E01034926,E05011156,Birmingham,E01034926
B19 3XQ,E01034929,E05011156,Birmingham,E01034929
B14 7JZ,E01009178,E05011130,Birmingham,E01009178
B17 8EG,E01009147,E05011157,Birmingham,E01009147
B30 2TE,E01008964,E05011172,Birmingham,E01008964
B20 2DR,E01009049,E05011143,Birmingham,E01009049
B25 8HN,E01008884,E05011182,Birmingham,E01008884
B31 1AB,E01008924,E05011123,Birmingham,E01008924
B45 0EN,E01034943,E05011136,Birmingham,E01034943
B18 4JP,E01009346,E05011157,Birmingham,E01009346
B44 9HG,E01009222,E05011159,Birmingham,E01009222
B9 5PQ,E01009476,E05011145,Birmingham,E01009476
B24 0QB,E01009105,E05011162,Birmingham,E01009105
B16 8JG,E01034949,E05011151,Birmingham,E01034949
B3 2LX,E01033620,E05011151,Birmingham,E01033620
B33 8ES,E01009508,E05011137,Birmingham,E01009508
B32 1RX,E01009259,E05011163,Birmingham,E01009259
B44 9TJ,E01009226,E05011159,Birmingham,E01009226
B14 5HA,E01008976,E05011133,Birmingham,E01008976
B16 9HU,E01008988,E05011157,Birmingham,E01008988
B18 4PZ,E01009360,E05011168,Birmingham,E01009360
B28 8JQ,E01009030,E05011140,Birmingham,E01009030
B44 0EQ,E01009137,E05011150,Birmingham,E01009137
B24 0DR,E01009009,E05011135,Birmingham,E01009009
B12 9AW,E01009362,E05011122,Birmingham,E01009362
B31 5GS,E01009162,E05011136,Birmingham,E01009162
B24 9PJ,E01009011,E05011162,Birmingham,E01009011
B29 7LR,E01009288,E05011128,Birmingham,E01009288
B14 5NH,,,,
B35 7JY,E01009097,E05011132,Birmingham,E01009097
B27 7LB,E01009025,E05011118,Birmingham,E01009025
B1 2AW,E01033622,E05011151,Birmingham,E01033622
B32 3PE,E01008917,E05011123,Birmingham,E01008917
B23 5UL,E01034915,E05011135,Birmingham,E01034915
B42 2RR,E01009248,E05011159,Birmingham,E01009248
B6 7DT,E01008915,E05011121,Birmingham,E01008915
B23 5RT,E01009002,E05011135,Birmingham,E01009002
B24 8PW,E01009400,E05011139,Birmingham,E01009400
B16 9JN,E01008986,E05011157,Birmingham,E01008986
B16 0HH,E01009152,E05011157,Birmingham,E01009152
B30 1PA,E01008956,E05011129,Birmingham,E01008956
B18 7HS,E01009348,E05011168,Birmingham,E01009348
B15 3JY,E01008992,E05011134,Birmingham,E01008992
B30 1ES,E01008954,E05011129,Birmingham,E01008954
B30 2DJ,E01008951,E05011129,Birmingham,E01008951
B8 1NA,E01034933,E05011120,Birmingham,E01034933
B25 8QR,E01008896,E05011186,Birmingham,E01008896
B28 0QA,E01009041,E05011141,Birmingham,E01009041
B76 1LR,E01009439,E05011180,Birmingham,E01009439
B31 1BT,E01008929,E05011123,Birmingham,E01008929
B11 4PP,E01009397,E05011171,Birmingham,E01009397
B75 5TT,E01009416,E05011177,Birmingham,E01009416
B33 0SE,E01009512,E05011137,Birmingham,E01009512
B11 2JP,E01034954,E05011170,Birmingham,E01034954
B9 5EL,E01009344,E05011127,Birmingham,E01009344
B76 1HW,E01009442,E05011180,Birmingham,E01009442
B33 8UT,E01009515,E05011186,Birmingham,E01009515
B45 0EW,E01034943,E05011136,Birmingham,E01034943
B45 9LS,E01009164,E05011164,Birmingham,E01009164
B23 6QQ,E01009007,E05011135,Birmingham,E01009007
B26 3HA,E01009315,E05011166,Birmingham,E01009315
B10 9NE,E01033642,E05011167,Birmingham,E01033642
B4 6HJ,E01034930,E05011156,Birmingham,E01034930
B24 9EB,E01009008,E05011135,Birmingham,E01009008
B44 0SU,E01009129,E05011150,Birmingham,E01009129
B29 6UH,E01009284,E05011129,Birmingham,E01009284
B75 6AT,E01009444,E05011177,Birmingham,E01009444
B17 9LL,E01009069,E05011144,Birmingham,E01009069
B8 2HQ,E01009486,E05011183,Birmingham,E01009486
B31 4AD,E01009210,E05011152,Birmingham,E01009210
B26 2DP,E01009517,E05011137,Birmingham,E01009517
B8 3QW,E01009485,E05011120,Birmingham,E01009485
B24 8QN,E01009000,E05011139,Birmingham,E01009000
B1 3DP,E01033565,E05011168,Birmingham,E01033565
B23 5XW,E01009136,E05011161,Birmingham,E01009136
B20 1FE,E01009264,E05011143,Birmingham,E01009264
B16 0RT,E01008986,E05011157,Birmingham,E01008986
B13 9AN,E01033648,E05011154,Birmingham,E01033648
B10 0DY,E01009379,E05011127,Birmingham,E01009379
B17 0NZ,E01009075,E05011144,Birmingham,E01009075
B29 5AG,E01009294,E05011184,Birmingham,E01009294
B19 1QW,E01008905,E05011153,Birmingham,E01008905
B74 4LL,E01009433,E05011175,Birmingham,E01009433
B19 1SA,E01009047,E05011153,Birmingham,E01009047
B42 1JW,E01009235,E05011160,Birmingham,E01009235
B16 9DL,E01008988,E05011157,Birmingham,E01008988
B23 7PB,E01009401,E05011139,Birmingham,E01009401
B12 8QP,E01009376,E05011170,Birmingham,E01009376
B1 1LJ,E01033616,E05011151,Birmingham,E01033616
B23 6GH,E01033630,E05011173,Birmingham,E01033630
B76 2PD,E01009435,E05011180,Birmingham,E01009435
B15 2BG,E01033626,E05011151,Birmingham,E01033626
B75 7QR,E01009447,E05011176,Birmingham,E01009447
B5 6SE,E01033615,E05011126,Birmingham,E01033615
B13 8DU,E01009184,E05011154,Birmingham,E01009184
B6 7EA,E01008899,E05011121,Birmingham,E01008899
B21 9PG,E01009270,E05011142,Birmingham,E01009270
B31 1LZ,E01009497,E05011119,Birmingham,E01009497
B6 5HY,E01034926,E05011121,Birmingham,E01034926
B28 9RB,E01009033,E05011140,Birmingham,E01009033
B1 3EL,E01034951,E05011168,Birmingham,E01034951
B75 5EH,E01009423,E05011175,Birmingham,E01009423
B32 2AT,E01009261,E05011163,Birmingham,E01009261
B42 2EB,E01009246,E05011160,Birmingham,E01009246
B20 2AN,E01009049,E05011143,Birmingham,E01009049
B5 6AE,E01033615,E05011126,Birmingham,E01033615
B25 8JN,E01008890,E05011169,Birmingham,E01008890
B11 3QX,E01009026,E05011182,Birmingham,E01009026
B27 7AB,E01009015,E05011118,Birmingham,E01009015
B38 9AA,E01009119,E05011149,Birmingham,E01009119
B12 8JJ,E01009371,E05011170,Birmingham,E01009371
B16 8EU,E01034949,E05011151,Birmingham,E01034949
B44 0DN,E01009137,E05011150,Birmingham,E01009137
B1 3BJ,E01034950,E05011168,Birmingham,E01034950
B33 0QB,E01009321,E05011166,Birmingham,E01009321
B38 9JN,,,,
B35 7EB,E01009101,E05011132,Birmingham,E01009101
B44 8RL,E01009230,E05011159,Birmingham,E01009230
B15 1HD,E01009146,E05011151,Birmingham,E01009146
B33 0AZ,E01009301,E05011138,Birmingham,E01009301
B42 1QZ,E01009240,E05011160,Birmingham,E01009240
B23 6NG,E01009006,E05011135,Birmingham,E01009006
B30 2DY,E01008951,E05011129,Birmingham,E01008951
B5 7RB,E01008984,E05011122,Birmingham,E01008984
B11 4PY,E01009396,E05011170,Birmingham,E01009396
B23 5LH,E01009403,E05011161,Birmingham,E01009403
B23 7US,E01009125,E05011173,Birmingham,E01009125
B8 3AY,E01034931,E05011120,Birmingham,E01034931
B5 6EG,E01034947,E05011126,Birmingham,E01034947
B20 1EG,E01009276,E05011143,Birmingham,E01009276
B4 6FS,E01033617,E05011151,Birmingham,E01033617
B11 4QG,E01009397,E05011170,Birmingham,E01009397
B29 7DJ,E01034941,E05011128,Birmingham,E01034941
B7 5LG,E01009202,E05011155,Birmingham,E01009202
B44 0AA,E01009122,E05011150,Birmingham,E01009122
B5 6DL,E01033567,E05011126,Birmingham,E01033567
B7 4HR,E01009204,E05011155,Birmingham,E01009204
B44 9RL,E01009221,E05011150,Birmingham,E01009221
B11 4QQ,E01009396,E05011170,Birmingham,E01009396
B31 2PF,E01009209,E05011158,Birmingham,E01009209
B26 2AP,E01009518,E05011185,Birmingham,E01009518
B5 6PA,E01033615,E05011126,Birmingham,E01033615
B27 7RZ,E01009016,E05011182,Birmingham,E01009016
B26 2HT,E01009519,E05011185,Birmingham,E01009519
B30 2TU,E01008963,E05011172,Birmingham,E01008963
B32 3BJ,E01008919,E05011123,Birmingham,E01008919
B16 9DZ,E01008987,E05011151,Birmingham,E01008987
B20 3RS,E01009057,E05011125,Birmingham,E01009057
B27 7NG,E01009016,E05011118,Birmingham,E01009016
B24 9RP,E01009104,E05011162,Birmingham,E01009104
B30 1SX,E01008954,E05011129,Birmingham,E01008954
B75 6ES,E01009444,E05011177,Birmingham,E01009444
B24 0SH,E01009100,E05011162,Birmingham,E01009100
B44 9DN,E01009221,E05011159,Birmingham,E01009221
B75 7BN,E01009432,E05011176,Birmingham,E01009432
B23 5UB,E01034915,E05011135,Birmingham,E01034915
B17 0NW,E01033562,E05011144,Birmingham,E01033562
B24 0DS,E01009009,E05011135,Birmingham,E01009009
B31 2SN,E01009207,E05011158,Birmingham,E01009207
B76 1FJ,E01009435,E05011176,Birmingham,E01009435
B74 4BW,E01009415,E05011175,Birmingham,E01009415
B75 6EB,E01009430,E05011178,Birmingham,E01009430
B29 7EN,E01009283,E05011128,Birmingham,E01009283
B19 2UY,E01033638,E05011156,Birmingham,E01033638
B28 9PX,E01032589,E05011140,Birmingham,E01032589
B20 3TN,E01009056,E05011125,Birmingham,E01009056
B13 8BE,E01009384,E05011154,Birmingham,E01009384
B11 3QN,E01009026,E05011182,Birmingham,E01009026
B8 2RT,E01009480,E05011183,Birmingham,E01009480
B18 6NR,E01033559,E05011168,Birmingham,E01033559
B38 9TU,E01009113,E05011149,Birmingham,E01009113
B31 5DY,E01009158,E05011136,Birmingham,E01009158
B30 2JL,E01008952,E05011172,Birmingham,E01008952
B21 8AX,E01009275,E05011147,Birmingham,E01009275
B34 7BY,E01009307,E05011165,Birmingham,E01009307
B24 9LH,E01009011,E05011162,Birmingham,E01009011
B45 8TN,E01009165,E05011164,Birmingham,E01009165
B14 5PS,E01008979,E05011133,Birmingham,E01008979
B23 7DL,E01009410,E05011173,Birmingham,E01009410
B32 3EH,E01008920,E05011123,Birmingham,E01008920
B23 5LY,E01009403,E05011161,Birmingham,E01009403
B32 3TD,E01008918,E05011123,Birmingham,E01008918
B32 2EY,E01009261,E05011163,Birmingham,E01009261
B73 5SZ,E01009458,E05011179,Birmingham,E01009458
B74 4NE,E01009421,E05011174,Birmingham,E01009421
B6 5NL,E01034924,E05011121,Birmingham,E01034924
B32 3RB,E01008917,E05011123,Birmingham,E01008917
B44 0QD,E01009133,E05011150,Birmingham,E01009133
B11 3HN,E01009029,E05011182,Birmingham,E01009029
B42 1QP,E01009237,E05011160,Birmingham,E01009237
B31 3RE,E01009212,E05011152,Birmingham,E01009212
B5 7TU,E01008997,E05011134,Birmingham,E01008997
B29 5JR,E01009291,E05011184,Birmingham,E01009291
B17 0TS,E01009064,E05011144,Birmingham,E01009064
B21 0TP,E01034922,E05011168,Birmingham,E01034922
B44 0TF,E01009128,E05011150,Birmingham,E01009128
B19 2NS,E01008913,E05011156,Birmingham,E01008913
B75 6AB,E01009444,E05011178,Birmingham,E01009444
B14 6DX,E01008968,E05011130,Birmingham,E01008968
B8 3AG,E01009195,E05011120,Birmingham,E01009195
B17 0EX,E01009071,E05011144,Birmingham,E01009071
B18 4JU,E01009346,E05011157,Birmingham,E01009346
B10 9LN,E01009325,E05011167,Birmingham,E01009325
B3 1PT,E01033622,E05011168,Birmingham,E01033622
B21 0QY,E01034921,E05011168,Birmingham,E01034921
B16 0QQ,E01009145,E05011157,Birmingham,E01009145
B29 7AZ,E01009286,E05011128,Birmingham,E01009286
B30 1UN,E01009281,E05011129,Birmingham,E01009281
B17 8TR,E01009260,E05011163,Birmingham,E01009260
B27 7TA,E01009016,E05011182,Birmingham,E01009016
B5 7SE,E01008982,E05011134,Birmingham,E01008982
B11 3ED,E01009014,E05011140,Birmingham,E01009014
B32 2AU,E01009254,E05011163,Birmingham,E01009254
B45 0BJ,E01034943,E05011136,Birmingham,E01034943
B33 8NP,E01009512,E05011137,Birmingham,E01009512
B35 7HF,E01009099,E05011132,Birmingham,E01009099
B25 8LZ,E01008887,E05011169,Birmingham,E01008887
B11 4LH,E01009383,E05011171,Birmingham,E01009383
B75 7LL,E01009450,E05011176,Birmingham,E01009450
B30 1QB,E01008950,E05011129,Birmingham,E01008950
B42 2JD,E01009247,E05011160,Birmingham,E01009247
B29 5SH,E01009064,E05011184,Birmingham,E01009064
B25 8RF,E01008881,E05011186,Birmingham,E01008881
B30 2TP,E01008963,E05011172,Birmingham,E01008963
B31 2HZ,E01009205,E05011158,Birmingham,E01009205
B24 9SS,E01009102,E05011162,Birmingham,E01009102
B28 8PX,E01009023,E05011118,Birmingham,E01009023
B27 6SS,E01008895,E05011118,Birmingham,E01008895
B33 0PE,E01009303,E05011138,Birmingham,E01009303
B20 3QP,E01009059,E05011125,Birmingham,E01009059
B26 3BP,E01009316,E05011166,Birmingham,E01009316
B35 6JT,E01009096,E05011132,Birmingham,E01009096
B18 5BN,E01009348,E05011168,Birmingham,E01009348
B26 1DG,E01008886,E05011169,Birmingham,E01008886
B31 2GB,E01009208,E05011158,Birmingham,E01009208
B15 3HB,E01008990,E05011134,Birmingham,E01008990
B29 5TN,E01009291,E05011184,Birmingham,E01009291
B34 6QY,E01009305,E05011165,Birmingham,E01009305
B16 9LP,E01008989,E05011157,Birmingham,E01008989
B44 9PX,E01009222,E05011159,Birmingham,E01009222
B15 3UL,E01008990,E05011134,Birmingham,E01008990
B45 9FD,E01009159,E05011136,Birmingham,E01009159
B34 6AG,E01009089,E05011131,Birmingham,E01009089
B73 5HY,E01009460,E05011179,Birmingham,E01009460
B13 0UT,E01008932,E05011124,Birmingham,E01008932
B44 9UL,E01009227,E05011159,Birmingham,E01009227
B19 3BB,E01034929,E05011156,Birmingham,E01034929
B76 1YG,E01009438,E05011180,Birmingham,E01009438
B28 0XB,E01009041,E05011141,Birmingham,E01009041
B24 9RN,E01009104,E05011162,Birmingham,E01009104
B23 7DB,E01009408,E05011173,Birmingham,E01009408
B13 9TG,E01009187,E05011154,Birmingham,E01009187
B31 4BY,E01009215,E05011152,Birmingham,E01009215
B8 2PJ,E01009490,E05011138,Birmingham,E01009490
B24 0SP,E01009100,E05011162,Birmingham,E01009100
B23 5LW,E01009403,E05011161,Birmingham,E01009403
B13 9XR,E01009394,E05011154,Birmingham,E01009394
B11 3RB,E01009026,E05011182,Birmingham,E01009026
B34 7RD,E01009306,E05011165,Birmingham,E01009306
B29 5RU,E01009500,E05011184,Birmingham,E01009500
B9 5SD,E01009475,E05011145,Birmingham,E01009475
B14 4HQ,E01008940,E05011124,Birmingham,E01008940
B14 5SN,E01008978,E05011133,Birmingham,E01008978
B15 3PH,E01008991,E05011134,Birmingham,E01008991
B9 5XG,E01009343,E05011127,Birmingham,E01009343
B45 9WF,E01009159,E05011136,Birmingham,E01009159
B33 0NU,E01009302,E05011138,Birmingham,E01009302
B5 4DY,E01033615,E05011151,Birmingham,E01033615
B6 6NS,E01008916,E05011121,Birmingham,E01008916
B21 8EA,E01009269,E05011147,Birmingham,E01009269
B26 3XN,E01009317,E05011166,Birmingham,E01009317
B29 4DZ,E01009494,E05011184,Birmingham,E01009494
B26 3AU,E01009316,E05011166,Birmingham,E01009316
B30 2PL,E01008952,E05011172,Birmingham,E01008952
B34 6QB,E01009307,E05011165,Birmingham,E01009307
B7 4LA,E01033561,E05011155,Birmingham,E01033561
B9 5UP,E01009476,E05011145,Birmingham,E01009476
B44 9PY,E01009233,E05011159,Birmingham,E01009233
B4 6GL,E01033617,E05011151,Birmingham,E01033617
B45 9AX,E01009158,E05011158,Birmingham,E01009158
B31 5FF,E01009172,E05011136,Birmingham,E01009172
B6 7NZ,E01008901,E05011155,Birmingham,E01008901
B3 1EB,E01033622,E05011168,Birmingham,E01033622
B10 0NJ,E01009379,E05011127,Birmingham,E01009379
B44 8QD,E01009231,E05011150,Birmingham,E01009231
B28 0HT,E01009034,E05011141,Birmingham,E01009034
B11 1QD,E01009372,E05011170,Birmingham,E01009372
B23 7JN,E01009410,E05011173,Birmingham,E01009410
B29 5XB,E01009500,E05011184,Birmingham,E01009500
B27 7JS,E01009024,E05011118,Birmingham,E01009024
B12 8UJ,E01009367,E05011170,Birmingham,E01009367
B26 3LR,E01009319,E05011166,Birmingham,E01009319
B30 2JT,E01008952,E05011172,Birmingham,E01008952
B31 3JD,E01009214,E05011152,Birmingham,E01009214
B17 8QH,E01009260,E05011163,Birmingham,E01009260
B72 1HL,E01009457,E05011181,Birmingham,E01009457
B8 1SR,E01009484,E05011120,Birmingham,E01009484
B31 2JG,E01009206,E05011158,Birmingham,E01009206
B31 3JT,E01009216,E05011152,Birmingham,E01009216
B31 1TF,E01009498,E05011119,Birmingham,E01009498
B24 0NH,E01009098,E05011162,Birmingham,E01009098
B72 1EE,E01009459,E05011181,Birmingham,E01009459
B1 3EP,E01034951,E05011168,Birmingham,E01034951
B16 8WT,E01033618,E05011151,Birmingham,E01033618
B5 6BU,E01033567,E05011126,Birmingham,E01033567
B32 4EX,E01008923,E05011123,Birmingham,E01008923
B19 2DL,E01008909,E05011156,Birmingham,E01008909
B32 2QZ,E01009258,E05011163,Birmingham,E01009258
B20 3BX,E01009051,E05011121,Birmingham,E01009051
B31 3BP,E01009117,E05011148,Birmingham,E01009117
B26 2BT,E01009516,E05011185,Birmingham,E01009516
B12 8RQ,E01009376,E05011170,Birmingham,E01009376
B24 8LS,E01009401,E05011139,Birmingham,E01009401
B33 9HY,E01009093,E05011138,Birmingham,E01009093
B72 1NS,E01009453,E05011178,Birmingham,E01009453
B75 5EL,E01009423,E05011175,Birmingham,E01009423
B11 1RB,E01009365,E05011170,Birmingham,E01009365
B24 8PR,E01009401,E05011139,Birmingham,E01009401
B30 3AY,E01008957,E05011172,Birmingham,E01008957
B28 0UG,E01009042,E05011141,Birmingham,E01009042
B21 0BB,E01009349,E05011147,Birmingham,E01009349
B18 4ND,E01009361,E05011168,Birmingham,E01009361
B34 6JP,E01009088,E05011131,Birmingham,E01009088
B17 0PA,E01033562,E05011144,Birmingham,E01033562
B33 0YS,E01009303,E05011138,Birmingham,E01009303
B13 0RQ,E01008968,E05011124,Birmingham,E01008968
B11 4QU,E01009372,E05011170,Birmingham,E01009372
B11 4ER,E01009395,E05011171,Birmingham,E01009395
B31 2GT,E01034944,E05011152,Birmingham,E01034944
B16 8WR,E01033618,E05011151,Birmingham,E01033618
B8 3FF,E01009485,E05011120,Birmingham,E01009485
B34 6AP,E01009090,E05011131,Birmingham,E01009090
B29 6US,E01009284,E05011129,Birmingham,E01009284
B23 5ET,E01009403,E05011161,Birmingham,E01009403
B8 3SF,E01034932,E05011120,Birmingham,E01034932
B25 8PZ,E01008898,E05011186,Birmingham,E01008898
B36 8EG,E01009084,E05011131,Birmingham,E01009084
B17 0DQ,E01009068,E05011144,Birmingham,E01009068
B11 1TU,E01009373,E05011170,Birmingham,E01009373
B23 6DS,E01033646,E05011139,Birmingham,E01033646
B23 6DY,E01009407,E05011173,Birmingham,E01009407
B18 7HD,E01009347,E05011168,Birmingham,E01009347
B23 6SN,E01009013,E05011135,Birmingham,E01009013
B76 9QN,E01009450,E05011180,Birmingham,E01009450
B8 2EQ,E01009481,E05011183,Birmingham,E01009481
B26 1QJ,E01009312,E05011166,Birmingham,E01009312
B31 2HN,E01008962,E05011129,Birmingham,E01008962
B33 9TN,E01009300,E05011138,Birmingham,E01009300
B31 4NR,E01009166,E05011152,Birmingham,E01009166
B20 3DL,E01009054,E05011121,Birmingham,E01009054
B73 5DP,E01009472,E05011179,Birmingham,E01009472
B32 2XE,E01009258,E05011144,Birmingham,E01009258
B7 5NX,E01009201,E05011155,Birmingham,E01009201
B23 6RS,E01009007,E05011135,Birmingham,E01009007
B18 7LD,E01009347,E05011168,Birmingham,E01009347
B76 1GA,E01009438,E05011180,Birmingham,E01009438
B8 1LN,E01034933,E05011120,Birmingham,E01034933
B13 9HW,E01009394,E05011154,Birmingham,E01009394
B74 4XX,E01009433,E05011175,Birmingham,E01009433
B5 7LA,E01008996,E05011122,Birmingham,E01008996
B5 7BQ,E01008995,E05011122,Birmingham,E01008995
B30 1HL,E01008956,E05011129,Birmingham,E01008956
B23 5GJ,E01009458,E05011135,Birmingham,E01009458
B38 8ET,E01009118,E05011148,Birmingham,E01009118
B1 3RJ,E01033565,E05011151,Birmingham,E01033565
B5 7FL,,,,
B28 0RX,E01009037,E05011141,Birmingham,E01009037
B20 3DG,E01034918,E05011121,Birmingham,E01034918
B24 8LP,E01009401,E05011139,Birmingham,E01009401
B17 0NX,E01033562,E05011144,Birmingham,E01033562
B31 5QG,E01009173,E05011119,Birmingham,E01009173
B18 4BH,E01009345,E05011168,Birmingham,E01009345
B42 1JY,E01009235,E05011160,Birmingham,E01009235
B23 7HA,E01009410,E05011173,Birmingham,E01009410
B18 4DH,E01009346,E05011157,Birmingham,E01009346
B15 3RU,E01008992,E05011134,Birmingham,E01008992
B1 1SR,E01033557,E05011151,Birmingham,E01033557
B28 9RN,E01009033,E05011140,Birmingham,E01009033
B18 7HR,E01009348,E05011168,Birmingham,E01009348
B19 2LY,E01008911,E05011156,Birmingham,E01008911
B20 3PT,E01034917,E05011125,Birmingham,E01034917
B16 9PS,E01008987,E05011151,Birmingham,E01008987
B29 7SL,E01009282,E05011128,Birmingham,E01009282
B16 8DD,E01033564,E05011151,Birmingham,E01033564
B28 9ET,E01032589,E05011140,Birmingham,E01032589
B32 2EB,E01009254,E05011163,Birmingham,E01009254
B20 3EL,E01009054,E05011121,Birmingham,E01009054
B12 8UY,E01009375,E05011170,Birmingham,E01009375
B75 6DY,E01009428,E05011178,Birmingham,E01009428
B30 3BH,E01008957,E05011172,Birmingham,E01008957
B23 7QT,E01009413,E05011173,Birmingham,E01009413
B23 7PG,E01009413,E05011139,Birmingham,E01009413
B35 7DD,E01009103,E05011132,Birmingham,E01009103
B33 0HJ,E01009302,E05011138,Birmingham,E01009302
B8 2TL,E01009486,E05011183,Birmingham,E01009486
B8 3JJ,E01009489,E05011120,Birmingham,E01009489
B30 2PG,E01008952,E05011172,Birmingham,E01008952
B1 1LW,E01033620,E05011151,Birmingham,E01033620
B30 3DS,E01009120,E05011149,Birmingham,E01009120
B15 2BD,E01033626,E05011151,Birmingham,E01033626
B26 2TN,E01009323,E05011137,Birmingham,E01009323
B19 3JL,E01034930,E05011156,Birmingham,E01034930
B75 7LR,E01009445,E05011176,Birmingham,E01009445
B26 3BX,E01009315,E05011166,Birmingham,E01009315
B34 7SD,E01009297,E05011165,Birmingham,E01009297
B32 2JN,E01009074,E05011144,Birmingham,E01009074
B6 5BU,E01008910,E05011121,Birmingham,E01008910
B1 1UG,E01033616,E05011151,Birmingham,E01033616
B26 2TE,E01009323,E05011137,Birmingham,E01009323
B8 3NZ,E01009488,E05011120,Birmingham,E01009488
B26 3XG,E01009317,E05011166,Birmingham,E01009317
B44 0RR,E01009127,E05011150,Birmingham,E01009127
B8 3RG,E01009492,E05011138,Birmingham,E01009492
B32 3SL,E01008918,E05011123,Birmingham,E01008918
B23 7RB,E01009414,E05011173,Birmingham,E01009414
B42 2ES,E01009244,E05011159,Birmingham,E01009244
B16 0PA,E01009151,E05011157,Birmingham,E01009151
B11 2QD,E01009339,E05011170,Birmingham,E01009339
B73 5LN,E01009460,E05011179,Birmingham,E01009460
B14 5RG,E01008978,E05011133,Birmingham,E01008978
B45 0BE,E01009157,E05011136,Birmingham,E01009157
B33 9DS,E01009095,E05011138,Birmingham,E01009095
B76 9BL,E01009441,E05011180,Birmingham,E01009441
B11 2EL,E01009026,E05011182,Birmingham,E01009026
B38 9DS,E01009112,E05011148,Birmingham,E01009112
B44 0TP,E01009130,E05011150,Birmingham,E01009130
B10 9HD,E01009334,E05011167,Birmingham,E01009334
B19 1RN,E01009048,E05011153,Birmingham,E01009048
B17 8RE,E01009252,E05011163,Birmingham,E01009252
B29 5HT,E01009501,E05011184,Birmingham,E01009501
B26 3EY,E01009315,E05011166,Birmingham,E01009315
B24 8ED,E01008998,E05011139,Birmingham,E01008998
B32 2DA,E01009073,E05011144,Birmingham,E01009073
B14 6NA,E01008973,E05011130,Birmingham,E01008973
B19 2TZ,E01033638,E05011156,Birmingham,E01033638
B1 3ES,E01034951,E05011168,Birmingham,E01034951
B28 9AB,E01009045,E05011140,Birmingham,E01009045
B27 7NS,E01009022,E05011118,Birmingham,E01009022
B75 6TR,E01009431,E05011175,Birmingham,E01009431
B12 0NG,E01034946,E05011126,Birmingham,E01034946
B30 2DL,E01008951,E05011129,Birmingham,E01008951
B24 0EJ,E01009009,E05011135,Birmingham,E01009009
B17 0JN,E01033562,E05011144,Birmingham,E01033562
B14 6QU,E01008972,E05011130,Birmingham,E01008972
B16 9ND,E01008986,E05011157,Birmingham,E01008986
B76 2PG,E01009435,E05011180,Birmingham,E01009435
B18 5ND,E01009358,E05011168,Birmingham,E01009358
B76 1LQ,E01009439,E05011180,Birmingham,E01009439
B42 2ED,E01009246,E05011160,Birmingham,E01009246
B30 3NT,E01008974,E05011133,Birmingham,E01008974
B11 1DG,E01033650,E05011170,Birmingham,E01033650
B32 3BF,E01008919,E05011123,Birmingham,E01008919
B23 5NQ,E01009001,E05011135,Birmingham,E01009001
B44 9UW,E01009225,E05011159,Birmingham,E01009225
B31 4JW,E01009215,E05011152,Birmingham,E01009215
B17 8JU,E01009139,E05011157,Birmingham,E01009139
B21 8BS,E01009269,E05011147,Birmingham,E01009269
B34 6QA,E01009307,E05011165,Birmingham,E01009307
B29 6BS,E01009289,E05011128,Birmingham,E01009289
B9 5XY,E01009342,E05011145,Birmingham,E01009342
B35 7DZ,E01009097,E05011132,Birmingham,E01009097
B76 1JT,E01009461,E05011181,Birmingham,E01009461
B8 2UL,E01009484,E05011183,Birmingham,E01009484
B11 4RA,E01009396,E05011171,Birmingham,E01009396
B14 5NW,E01008978,E05011133,Birmingham,E01008978
B24 8BN,E01009013,E05011135,Birmingham,E01009013
B16 9BE,E01008988,E05011157,Birmingham,E01008988
B14 4AB,E01008969,E05011124,Birmingham,E01008969
B76 2US,E01009455,E05011180,Birmingham,E01009455
B29 7NA,E01009296,E05011128,Birmingham,E01009296
B11 2HG,E01034952,E05011182,Birmingham,E01034952
B7 5LR,E01009202,E05011155,Birmingham,E01009202
B44 0SR,E01009127,E05011150,Birmingham,E01009127
B45 9RR,E01009160,E05011164,Birmingham,E01009160
B72 1LH,E01009457,E05011181,Birmingham,E01009457
B11 1EH,E01033650,E05011170,Birmingham,E01033650
B44 8EU,E01009231,E05011150,Birmingham,E01009231
B21 0TB,E01009359,E05011168,Birmingham,E01009359
B9 5NH,E01033649,E05011145,Birmingham,E01033649
B20 3HH,E01009053,E05011121,Birmingham,E01009053
B11 1NL,E01009365,E05011170,Birmingham,E01009365
B14 4QN,E01008945,E05011146,Birmingham,E01008945
B1 2AJ,E01033625,E05011151,Birmingham,E01033625
B28 8LF,E01009016,E05011182,Birmingham,E01009016
B6 6LZ,E01009061,E05011121,Birmingham,E01009061
B24 9PN,E01009102,E05011162,Birmingham,E01009102
B17 9JJ,E01009065,E05011144,Birmingham,E01009065
B5 7RQ,E01008982,E05011134,Birmingham,E01008982
B21 9QT,E01009275,E05011147,Birmingham,E01009275
B26 2HE,E01009517,E05011137,Birmingham,E01009517
B72 1AG,E01009461,E05011135,Birmingham,E01009461
B29 6FP,E01009280,E05011129,Birmingham,E01009280
B17 0TE,E01009077,E05011144,Birmingham,E01009077
B13 8DN,E01009184,E05011154,Birmingham,E01009184
B17 9LJ,E01009069,E05011144,Birmingham,E01009069
B45 9BJ,E01009159,E05011164,Birmingham,E01009159
B20 3BB,E01009058,E05011121,Birmingham,E01009058
B16 8FS,E01033564,E05011151,Birmingham,E01033564
B74 2RX,E01009427,E05011174,Birmingham,E01009427
B45 8SP,E01009171,E05011164,Birmingham,E01009171
B8 2RP,E01009086,E05011131,Birmingham,E01009086
B75 6UH,E01009428,E05011178,Birmingham,E01009428
B28 0TQ,E01008944,E05011124,Birmingham,E01008944
B24 8BD,E01008999,E05011139,Birmingham,E01008999
B31 1BJ,E01008929,E05011123,Birmingham,E01008929
B5 7PZ,E01008996,E05011122,Birmingham,E01008996
B42 2DY,E01009243,E05011159,Birmingham,E01009243
B28 8PY,E01009023,E05011118,Birmingham,E01009023
B1 2PE,E01033565,E05011151,Birmingham,E01033565
B10 0TX,E01009335,E05011167,Birmingham,E01009335
B20 3HA,E01009051,E05011121,Birmingham,E01009051
B18 4PJ,E01009361,E05011168,Birmingham,E01009361
B72 1LL,E01009457,E05011181,Birmingham,E01009457
B31 1BH,E01008929,E05011123,Birmingham,E01008929
B16 0LB,E01009152,E05011157,Birmingham,E01009152
B11 1TS,E01009373,E05011170,Birmingham,E01009373
B32 4JD,E01008928,E05011123,Birmingham,E01008928
B34 7RE,E01009306,E05011165,Birmingham,E01009306
B17 9JU,E01009068,E05011144,Birmingham,E01009068
B31 3JG,E01009214,E05011152,Birmingham,E01009214
B12 9HF,E01009366,E05011122,Birmingham,E01009366
B13 9LN,E01009395,E05011171,Birmingham,E01009395
B6 5HG,E01034924,E05011121,Birmingham,E01034924
B14 5NT,E01008978,E05011133,Birmingham,E01008978
B15 1FJ,E01009146,E05011151,Birmingham,E01009146
B16 8JP,E01034949,E05011151,Birmingham,E01034949
B8 3LU,E01009488,E05011120,Birmingham,E01009488
B76 9AG,E01009441,E05011180,Birmingham,E01009441
B29 5NJ,E01009501,E05011184,Birmingham,E01009501
B45 0HF,E01009160,E05011136,Birmingham,E01009160
B6 6AR,E01009061,E05011121,Birmingham,E01009061
B29 7QD,E01009296,E05011128,Birmingham,E01009296
B17 8QL,E01009066,E05011144,Birmingham,E01009066
B27 6JS,E01008892,E05011118,Birmingham,E01008892
B14 7SF,E01009178,E05011130,Birmingham,E01009178
B20 2DA,E01009056,E05011125,Birmingham,E01009056
B20 2AT,E01009263,E05011143,Birmingham,E01009263
B27 6SH,E01008895,E05011169,Birmingham,E01008895
B23 7YT,E01009414,E05011173,Birmingham,E01009414
B8 2BQ,E01009486,E05011183,Birmingham,E01009486
B15 2LY,E01008994,E05011134,Birmingham,E01008994
B14 4NP,E01008946,E05011146,Birmingham,E01008946
B35 6BU,E01009099,E05011132,Birmingham,E01009099
B6 6PN,E01009053,E05011121,Birmingham,E01009053
B38 9SH,E01009114,E05011149,Birmingham,E01009114
B28 0NU,E01009039,E05011141,Birmingham,E01009039
B75 6LS,E01009426,E05011177,Birmingham,E01009426
B29 5QH,E01009501,E05011184,Birmingham,E01009501
B29 6UD,E01009280,E05011129,Birmingham,E01009280
B28 0YJ,E01032589,E05011141,Birmingham,E01032589
B33 8JU,E01009512,E05011137,Birmingham,E01009512
B9 5EN,E01009333,E05011127,Birmingham,E01009333
B32 3BD,E01008924,E05011123,Birmingham,E01008924
B29 6RH,E01009291,E05011184,Birmingham,E01009291
B23 5TH,E01009003,E05011135,Birmingham,E01009003
B25 8SH,E01008881,E05011186,Birmingham,E01008881
B14 5JA,E01008948,E05011146,Birmingham,E01008948
B14 7TG,E01009177,E05011130,Birmingham,E01009177
B29 6TR,E01009078,E05011184,Birmingham,E01009078
B10 9JB,E01033642,E05011167,Birmingham,E01033642
B33 8US,E01009515,E05011186,Birmingham,E01009515
B12 0AJ,E01034947,E05011126,Birmingham,E01034947
B76 2SA,E01009434,E05011180,Birmingham,E01009434
B29 7AR,E01009286,E05011128,Birmingham,E01009286
B17 0AE,E01009072,E05011144,Birmingham,E01009072
B25 8NP,E01008884,E05011182,Birmingham,E01008884
B12 8XB,E01009367,E05011170,Birmingham,E01009367
B1 3QQ,E01033565,E05011151,Birmingham,E01033565
B23 6BJ,E01033646,E05011139,Birmingham,E01033646
B15 2BP,E01008994,E05011134,Birmingham,E01008994
B34 6DB,E01009087,E05011131,Birmingham,E01009087
B9 4UN,E01034935,E05011126,Birmingham,E01034935
B27 7NX,E01009022,E05011118,Birmingham,E01009022
B11 3DZ,E01009014,E05011140,Birmingham,E01009014
B31 4PA,E01009166,E05011152,Birmingham,E01009166
B8 2EX,E01009478,E05011183,Birmingham,E01009478
B8 2BP,E01009480,E05011183,Birmingham,E01009480
B11 4HU,E01009392,E05011171,Birmingham,E01009392
B29 4NW,E01009506,E05011184,Birmingham,E01009506
B26 1AL,E01008886,E05011169,Birmingham,E01008886
B16 8UR,E01009143,E05011151,Birmingham,E01009143
B25 8EA,E01008884,E05011182,Birmingham,E01008884
B20 2QU,E01009051,E05011125,Birmingham,E01009051
B76 1GE,E01009436,E05011180,Birmingham,E01009436
B44 9PD,E01009233,E05011159,Birmingham,E01009233
B24 9BQ,E01009012,E05011135,Birmingham,E01009012
B74 4DD,E01009425,E05011175,Birmingham,E01009425
B17 8EU,E01009147,E05011157,Birmingham,E01009147
B19 2UP,E01008909,E05011156,Birmingham,E01008909
B23 7TB,E01009123,E05011173,Birmingham,E01009123
B16 9QU,E01008986,E05011157,Birmingham,E01008986
B31 2PT,E01009219,E05011158,Birmingham,E01009219
B32 4DG,E01008928,E05011123,Birmingham,E01008928
B11 3AG,E01009391,E05011171,Birmingham,E01009391
B5 7TF,E01008984,E05011134,Birmingham,E01008984
B23 5GZ,E01034914,E05011161,Birmingham,E01034914
B32 3JP,E01033629,E05011123,Birmingham,E01033629
B27 6JN,E01008890,E05011118,Birmingham,E01008890
B75 5UD,E01009416,E05011177,Birmingham,E01009416
B26 3XD,E01009318,E05011166,Birmingham,E01009318
B72 1DN,E01009463,E05011181,Birmingham,E01009463
B31 3JX,E01009216,E05011152,Birmingham,E01009216
B1 3BG,E01034950,E05011168,Birmingham,E01034950
B6 6AH,E01034918,E05011121,Birmingham,E01034918
B38 9DX,E01009107,E05011149,Birmingham,E01009107
B21 9JD,E01009350,E05011142,Birmingham,E01009350
B1 1FQ,E01033625,E05011151,Birmingham,E01033625
B18 7NZ,E01009347,E05011168,Birmingham,E01009347
B10 9QS,E01009344,E05011127,Birmingham,E01009344
B14 5XW,E01008979,E05011133,Birmingham,E01008979
B45 8RA,E01009169,E05011164,Birmingham,E01009169
B45 0NP,E01009155,E05011136,Birmingham,E01009155
B74 2ET,E01009464,E05011179,Birmingham,E01009464
B29 5QA,E01009501,E05011184,Birmingham,E01009501
B74 4PP,E01009421,E05011174,Birmingham,E01009421
B76 2BJ,E01009438,E05011180,Birmingham,E01009438
B23 7XJ,E01009124,E05011173,Birmingham,E01009124
B44 9UR,E01009225,E05011159,Birmingham,E01009225
B17 9TH,E01009252,E05011163,Birmingham,E01009252
B31 1UH,E01009498,E05011119,Birmingham,E01009498
B20 2DS,E01009263,E05011143,Birmingham,E01009263
B73 5EY,E01009462,E05011179,Birmingham,E01009462
B32 3QS,E01008921,E05011123,Birmingham,E01008921
B26 3UB,E01009315,E05011166,Birmingham,E01009315
B21 8AS,E01009274,E05011147,Birmingham,E01009274
B25 8SX,E01008896,E05011186,Birmingham,E01008896
B10 9ND,E01033642,E05011167,Birmingham,E01033642
B12 8TZ,E01009375,E05011170,Birmingham,E01009375
B15 3AY,E01008989,E05011134,Birmingham,E01008989
B29 5XE,E01009500,E05011184,Birmingham,E01009500
B14 7DS,E01009189,E05011130,Birmingham,E01009189
B31 1DH,E01008929,E05011123,Birmingham,E01008929
B23 7DJ,E01009408,E05011173,Birmingham,E01009408
B29 6EP,E01009290,E05011128,Birmingham,E01009290
B28 8SZ,E01034955,E05011140,Birmingham,E01034955
B32 3TG,E01008931,E05011123,Birmingham,E01008931
B32 3NL,E01033629,E05011123,Birmingham,E01033629
B44 0SN,E01009127,E05011150,Birmingham,E01009127
B73 5UD,E01009474,E05011179,Birmingham,E01009474
B29 7QX,E01009282,E05011128,Birmingham,E01009282
B35 6DG,E01009096,E05011132,Birmingham,E01009096
B75 5EJ,E01009423,E05011175,Birmingham,E01009423
B44 8ER,E01009231,E05011150,Birmingham,E01009231
B26 3AH,E01009314,E05011166,Birmingham,E01009314
B23 6GF,E01033630,E05011173,Birmingham,E01033630
B31 5BX,E01009207,E05011158,Birmingham,E01009207
B44 8NT,E01009225,E05011159,Birmingham,E01009225
B75 5AE,E01009431,E05011175,Birmingham,E01009431
B44 8HB,E01009231,E05011150,Birmingham,E01009231
B9 5NR,E01034935,E05011145,Birmingham,E01034935
B29 7RQ,E01009293,E05011128,Birmingham,E01009293
B6 4AS,E01033561,E05011155,Birmingham,E01033561
B14 6BB,E01008981,E05011130,Birmingham,E01008981
B23 7SD,E01009414,E05011173,Birmingham,E01009414
B28 0AJ,E01009031,E05011140,Birmingham,E01009031
B16 9NG,E01008989,E05011157,Birmingham,E01008989
B5 7SU,E01008982,E05011134,Birmingham,E01008982
B31 2GX,E01034944,E05011152,Birmingham,E01034944
B29 7ED,E01009288,E05011128,Birmingham,E01009288
B26 1AA,E01008886,E05011169,Birmingham,E01008886
B25 8SN,E01008896,E05011186,Birmingham,E01008896
B5 7DE,E01033640,E05011126,Birmingham,E01033640
B13 9BS,E01009385,E05011154,Birmingham,E01009385
B32 4NW,E01008927,E05011123,Birmingham,E01008927
B44 0XF,E01009133,E05011150,Birmingham,E01009133
B29 7EP,E01009283,E05011128,Birmingham,E01009283
B5 7PH,E01008984,E05011122,Birmingham,E01008984
B28 8DA,E01009046,E05011140,Birmingham,E01009046
B5 6BB,E01034947,E05011126,Birmingham,E01034947
B13 0LR,E01008938,E05011124,Birmingham,E01008938
B34 7PZ,E01009308,E05011165,Birmingham,E01009308
B13 8EF,E01009384,E05011154,Birmingham,E01009384
B27 6SG,E01008893,E05011169,Birmingham,E01008893
B9 5PB,E01009476,E05011145,Birmingham,E01009476
B30 3PW,E01008977,E05011148,Birmingham,E01008977
B15 3PE,E01008991,E05011134,Birmingham,E01008991
B10 9AF,E01009328,E05011167,Birmingham,E01009328
B31 3PE,E01009216,E05011152,Birmingham,E01009216
B8 3LJ,E01009488,E05011120,Birmingham,E01009488
B44 0QS,E01009133,E05011150,Birmingham,E01009133
B25 8TS,E01008897,E05011186,Birmingham,E01008897
B24 0UD,E01009009,E05011162,Birmingham,E01009009
B31 3HG,E01009210,E05011152,Birmingham,E01009210
B24 9JA,E01034916,E05011135,Birmingham,E01034916
B11 4HE,E01009394,E05011171,Birmingham,E01009394
B18 7LE,E01009347,E05011168,Birmingham,E01009347
B10 9HA,E01009334,E05011167,Birmingham,E01009334
B8 3HX,E01009488,E05011120,Birmingham,E01009488
B14 4HR,E01008940,E05011124,Birmingham,E01008940
B74 2PW,E01009424,E05011178,Birmingham,E01009424
B44 0EE,E01009137,E05011150,Birmingham,E01009137
B30 2XD,E01008964,E05011172,Birmingham,E01008964
B44 0AZ,E01009136,E05011161,Birmingham,E01009136
B30 3EH,E01008961,E05011129,Birmingham,E01008961
B24 8AT,E01009000,E05011139,Birmingham,E01009000
B13 0PB,E01008968,E05011124,Birmingham,E01008968
B13 0PJ,E01008969,E05011124,Birmingham,E01008969
B30 3LE,E01008977,E05011148,Birmingham,E01008977
B6 5HN,E01008901,E05011121,Birmingham,E01008901
B10 9BL,E01009325,E05011167,Birmingham,E01009325
B32 1DA,E01009253,E05011163,Birmingham,E01009253
B14 4RD,E01008943,E05011146,Birmingham,E01008943
B42 2RL,E01009243,E05011159,Birmingham,E01009243
B17 8JB,E01009138,E05011157,Birmingham,E01009138
B31 5PE,E01009173,E05011119,Birmingham,E01009173
B76 2UG,E01009455,E05011180,Birmingham,E01009455
B12 0YU,E01009364,E05011126,Birmingham,E01009364
B38 9ER,E01009113,E05011149,Birmingham,E01009113
B2 4RN,E01033620,E05011151,Birmingham,E01033620
B8 2BU,E01009478,E05011183,Birmingham,E01009478
B9 5SQ,E01009477,E05011145,Birmingham,E01009477
B19 3ES,E01033638,E05011156,Birmingham,E01033638
B17 0HT,E01009069,E05011144,Birmingham,E01009069
B29 6NS,E01009284,E05011184,Birmingham,E01009284
B24 8AQ,E01009000,E05011139,Birmingham,E01009000
B38 9QZ,E01009110,E05011149,Birmingham,E01009110
B6 6PJ,E01009053,E05011121,Birmingham,E01009053
B12 8AJ,E01009397,E05011171,Birmingham,E01009397
B9 4NW,E01009199,E05011126,Birmingham,E01009199
B75 7AL,E01009424,E05011178,Birmingham,E01009424
B9 4NX,E01009199,E05011126,Birmingham,E01009199
B31 1QA,E01009497,E05011119,Birmingham,E01009497
B13 8DX,E01009182,E05011154,Birmingham,E01009182
B17 8HH,E01009139,E05011157,Birmingham,E01009139
B15 2GL,E01033624,E05011151,Birmingham,E01033624
B76 1YA,E01009443,E05011180,Birmingham,E01009443
B27 6DX,E01008894,E05011118,Birmingham,E01008894
B4 7DH,E01033561,E05011155,Birmingham,E01033561
B34 6RX,E01009309,E05011165,Birmingham,E01009309
B75 6AP,E01009444,E05011177,Birmingham,E01009444
B34 7AT,E01009306,E05011165,Birmingham,E01009306
B13 8JZ,E01009183,E05011154,Birmingham,E01009183
B21 9AU,E01009352,E05011142,Birmingham,E01009352
B13 9UA,E01009189,E05011154,Birmingham,E01009189
B44 9EN,E01009225,E05011159,Birmingham,E01009225
B30 1SS,E01008958,E05011129,Birmingham,E01008958
B33 9RH,E01009298,E05011138,Birmingham,E01009298
B33 0DN,E01009299,E05011138,Birmingham,E01009299
B33 8EQ,E01009510,E05011185,Birmingham,E01009510
B31 2EB,E01008958,E05011158,Birmingham,E01008958
B5 4TR,E01033567,E05011126,Birmingham,E01033567
B32 1BP,E01009250,E05011163,Birmingham,E01009250
B9 4NB,E01009200,E05011126,Birmingham,E01009200
B27 7XH,E01009015,E05011118,Birmingham,E01009015
B6 6BB,E01034923,E05011121,Birmingham,E01034923
B15 1DW,E01009146,E05011151,Birmingham,E01009146
B13 0SE,E01008936,E05011124,Birmingham,E01008936
B12 8TN,E01009375,E05011170,Birmingham,E01009375
B31 5AT,E01009207,E05011119,Birmingham,E01009207
B74 4SA,E01009422,E05011175,Birmingham,E01009422
B19 3LY,E01033623,E05011168,Birmingham,E01033623
B73 5NY,E01009471,E05011181,Birmingham,E01009471
B11 4AN,E01033643,E05011171,Birmingham,E01033643
B12 0QD,E01034947,E05011126,Birmingham,E01034947
B27 7QJ,E01009022,E05011118,Birmingham,E01009022
B32 1LT,E01009257,E05011163,Birmingham,E01009257
B6 7NA,E01008899,E05011155,Birmingham,E01008899
B9 5AJ,E01009344,E05011127,Birmingham,E01009344
B25 8XB,E01008881,E05011169,Birmingham,E01008881
B31 4AW,E01009209,E05011152,Birmingham,E01009209
B38 9TP,E01009113,E05011149,Birmingham,E01009113
B31 2DW,E01009218,E05011129,Birmingham,E01009218
B34 6LG,E01009088,E05011131,Birmingham,E01009088
B16 0BT,E01009153,E05011157,Birmingham,E01009153
B16 9LQ,E01008989,E05011134,Birmingham,E01008989
B15 1BF,E01034948,E05011151,Birmingham,E01034948
B25 8YT,E01008897,E05011186,Birmingham,E01008897
B74 4JE,E01009417,E05011174,Birmingham,E01009417
B42 2RZ,E01009244,E05011159,Birmingham,E01009244
B31 3TT,E01009210,E05011152,Birmingham,E01009210
B16 8EW,E01009141,E05011151,Birmingham,E01009141
B45 0EH,E01009157,E05011136,Birmingham,E01009157
B28 0HE,E01009034,E05011140,Birmingham,E01009034
B32 4EU,E01008928,E05011123,Birmingham,E01008928
B28 8BH,E01009043,E05011140,Birmingham,E01009043
B29 6EL,E01009290,E05011128,Birmingham,E01009290
B20 2SB,E01009049,E05011125,Birmingham,E01009049
B21 9DY,E01009353,E05011142,Birmingham,E01009353
B33 9SB,E01009300,E05011138,Birmingham,E01009300
B36 8AR,E01009084,E05011131,Birmingham,E01009084
B45 8SR,E01009171,E05011164,Birmingham,E01009171
B47 5NL,E01008949,E05011146,Birmingham,E01008949
B21 9NZ,E01009270,E05011142,Birmingham,E01009270
B30 1JT,E01009281,E05011129,Birmingham,E01009281
B44 0PJ,E01009132,E05011150,Birmingham,E01009132
B20 3NN,E01009050,E05011125,Birmingham,E01009050
B38 9QB,E01009110,E05011149,Birmingham,E01009110
B17 9BX,E01009252,E05011163,Birmingham,E01009252
B31 2XU,E01008958,E05011129,Birmingham,E01008958
B4 7FW,E01033617,E05011155,Birmingham,E01033617
B18 6PW,E01034950,E05011168,Birmingham,E01034950
B24 9EL,E01009007,E05011135,Birmingham,E01009007
B45 0HP,E01009161,E05011136,Birmingham,E01009161
B45 9AN,E01009159,E05011136,Birmingham,E01009159
B33 9EP,E01009094,E05011138,Birmingham,E01009094
B38 8TN,E01009116,E05011148,Birmingham,E01009116
B31 2SD,E01009208,E05011158,Birmingham,E01009208
B42 2PB,E01009243,E05011160,Birmingham,E01009243
B44 9JE,E01009222,E05011159,Birmingham,E01009222
B11 3HD,E01034955,E05011170,Birmingham,E01034955
B27 7HB,E01009019,E05011118,Birmingham,E01009019
B17 0SB,E01009078,E05011144,Birmingham,E01009078
B14 5EF,E01008947,E05011146,Birmingham,E01008947
B11 3HG,E01009026,E05011140,Birmingham,E01009026
B29 6NU,E01009295,E05011184,Birmingham,E01009295
B24 0HY,E01009005,E05011135,Birmingham,E01009005
B14 6JJ,E01008971,E05011130,Birmingham,E01008971
B21 9DX,E01009353,E05011142,Birmingham,E01009353
B76 1BN,E01009454,E05011176,Birmingham,E01009454
B44 0ED,E01009137,E05011150,Birmingham,E01009137
B7 4PQ,E01009201,E05011155,Birmingham,E01009201
B26 2HR,E01009324,E05011166,Birmingham,E01009324
B14 4DR,E01008941,E05011124,Birmingham,E01008941
B34 7RR,E01009304,E05011165,Birmingham,E01009304
B23 5UE,E01034915,E05011135,Birmingham,E01034915
B14 6NG,E01008973,E05011130,Birmingham,E01008973
B23 7XU,E01009123,E05011173,Birmingham,E01009123
B8 3EG,E01009195,E05011120,Birmingham,E01009195
B38 8YJ,E01009118,E05011148,Birmingham,E01009118
B32 2HL,E01009070,E05011144,Birmingham,E01009070
B12 9AA,E01009384,E05011122,Birmingham,E01009384
B32 1RB,E01009250,E05011163,Birmingham,E01009250
B28 0LT,E01009040,E05011141,Birmingham,E01009040
B74 4EL,E01009415,E05011175,Birmingham,E01009415
B19 2HY,E01008906,E05011156,Birmingham,E01008906
B23 7NA,E01033646,E05011139,Birmingham,E01033646
B24 0NF,E01009098,E05011162,Birmingham,E01009098
B28 9DG,E01009032,E05011140,Birmingham,E01009032
B19 2BB,E01008906,E05011153,Birmingham,E01008906
B31 2PQ,E01009208,E05011158,Birmingham,E01009208
B8 1NX,E01009484,E05011120,Birmingham,E01009484
B18 6PX,E01034951,E05011168,Birmingham,E01034951
B11 1LA,E01009365,E05011170,Birmingham,E01009365
B14 7RN,E01009178,E05011130,Birmingham,E01009178
B31 2PG,E01009206,E05011158,Birmingham,E01009206
B32 4HE,E01008923,E05011123,Birmingham,E01008923
B29 7DW,E01034941,E05011128,Birmingham,E01034941
B8 2PE,E01009490,E05011138,Birmingham,E01009490
B13 0NE,E01008937,E05011124,Birmingham,E01008937
B12 8NH,E01009375,E05011170,Birmingham,E01009375
B17 9DT,E01009067,E05011144,Birmingham,E01009067
B28 9NH,E01009033,E05011140,Birmingham,E01009033
B73 6UB,E01009465,E05011179,Birmingham,E01009465
B31 5HP,E01009162,E05011158,Birmingham,E01009162
B32 3SW,E01008931,E05011123,Birmingham,E01008931
B18 7DL,E01009345,E05011168,Birmingham,E01009345
B31 1JA,E01008930,E05011123,Birmingham,E01008930
B42 2HA,E01009239,E05011160,Birmingham,E01009239
B33 9FL,E01009297,E05011138,Birmingham,E01009297
B38 9AB,E01009109,E05011149,Birmingham,E01009109
B6 5HW,E01034924,E05011121,Birmingham,E01034924
B30 1DR,E01008960,E05011129,Birmingham,E01008960
B76 1NF,E01009436,E05011180,Birmingham,E01009436
B26 1RJ,E01009312,E05011166,Birmingham,E01009312
B9 5JB,E01009341,E05011145,Birmingham,E01009341
B76 2BG,E01009434,E05011180,Birmingham,E01009434
B35 7NH,E01009097,E05011132,Birmingham,E01009097
B2 4PA,E01033620,E05011151,Birmingham,E01033620
B1 1PU,E01033625,E05011151,Birmingham,E01033625
B25 8DA,E01008884,E05011182,Birmingham,E01008884
B21 9JH,E01009350,E05011142,Birmingham,E01009350
B29 6QQ,E01009295,E05011184,Birmingham,E01009295
B36 8UE,E01009082,E05011131,Birmingham,E01009082
B8 2RN,E01009086,E05011131,Birmingham,E01009086
B11 4HP,E01009392,E05011171,Birmingham,E01009392
B42 2DH,E01009236,E05011160,Birmingham,E01009236
B35 7EN,E01009103,E05011132,Birmingham,E01009103
B34 6NU,E01009307,E05011131,Birmingham,E01009307
B31 1QJ,E01009498,E05011119,Birmingham,E01009498
B21 0DL,E01009349,E05011147,Birmingham,E01009349
B9 5EE,E01009344,E05011127,Birmingham,E01009344
B75 6SW,E01009429,E05011175,Birmingham,E01009429
B12 9AR,E01009374,E05011122,Birmingham,E01009374
B4 6LR,E01034930,E05011156,Birmingham,E01034930
B26 3YW,E01009315,E05011166,Birmingham,E01009315
B4 6GP,E01033617,E05011151,Birmingham,E01033617
B13 0HD,E01008937,E05011124,Birmingham,E01008937
B76 1XP,E01009443,E05011180,Birmingham,E01009443
B19 1JB,E01009047,E05011125,Birmingham,E01009047
B20 3RX,E01009057,E05011125,Birmingham,E01009057
B20 3DN,E01009051,E05011121,Birmingham,E01009051
B16 0TB,E01009145,E05011157,Birmingham,E01009145
B25 8QT,E01008896,E05011186,Birmingham,E01008896
B31 2HJ,E01008962,E05011129,Birmingham,E01008962
B44 0BL,E01009137,E05011150,Birmingham,E01009137
B30 1RU,E01008958,E05011129,Birmingham,E01008958
B24 8QH,E01009000,E05011139,Birmingham,E01009000
B73 5UT,E01009456,E05011179,Birmingham,E01009456
B23 7YX,E01009411,E05011173,Birmingham,E01009411
B31 2HH,E01008962,E05011129,Birmingham,E01008962
B34 6AD,E01009090,E05011131,Birmingham,E01009090
B15 3TL,E01008990,E05011134,Birmingham,E01008990
B17 8RH,E01009252,E05011163,Birmingham,E01009252
B31 2QT,E01009206,E05011119,Birmingham,E01009206
B8 3RP,E01009477,E05011138,Birmingham,E01009477
B19 3UW,E01034929,E05011156,Birmingham,E01034929
B74 4UD,E01009433,E05011175,Birmingham,E01009433
B18 6FP,E01033559,E05011168,Birmingham,E01033559
B26 1TG,E01008886,E05011169,Birmingham,E01008886
B14 5PR,E01008980,E05011133,Birmingham,E01008980
B44 0UL,E01009127,E05011150,Birmingham,E01009127
B15 3UA,E01008992,E05011134,Birmingham,E01008992
B31 5BQ,E01009209,E05011158,Birmingham,E01009209
B19 2QA,E01008913,E05011156,Birmingham,E01008913
B28 0AU,E01009031,E05011140,Birmingham,E01009031
B10 9JY,E01009325,E05011167,Birmingham,E01009325
B32 3AT,E01008919,E05011123,Birmingham,E01008919
B24 9EA,E01009008,E05011135,Birmingham,E01009008
B13 0EE,E01008934,E05011124,Birmingham,E01008934
B4 7FX,E01033617,E05011155,Birmingham,E01033617
B30 1BL,E01008959,E05011129,Birmingham,E01008959
B31 2EW,E01009205,E05011158,Birmingham,E01009205
B31 5PB,E01009173,E05011119,Birmingham,E01009173
B15 3PG,E01008991,E05011134,Birmingham,E01008991
B17 8PG,E01009065,E05011144,Birmingham,E01009065
B7 5NH,E01009201,E05011155,Birmingham,E01009201
B75 7HF,E01009448,E05011177,Birmingham,E01009448
B44 0NU,E01009132,E05011150,Birmingham,E01009132
B32 3TA,E01008931,E05011123,Birmingham,E01008931
B7 4JH,E01009204,E05011155,Birmingham,E01009204
B44 0UP,E01009128,E05011150,Birmingham,E01009128
B16 0HZ,E01009152,E05011157,Birmingham,E01009152
B14 4SB,E01008942,E05011146,Birmingham,E01008942
B24 8AY,E01009000,E05011139,Birmingham,E01009000
B28 0QW,E01009041,E05011141,Birmingham,E01009041
B9 4TJ,E01034935,E05011126,Birmingham,E01034935
B38 0AU,E01009120,E05011149,Birmingham,E01009120
B31 2XF,E01034944,E05011152,Birmingham,E01034944
B17 0QN,E01009071,E05011144,Birmingham,E01009071
B76 2BT,E01009434,E05011180,Birmingham,E01009434
B27 6QB,E01008889,E05011118,Birmingham,E01008889
B20 3NW,E01009050,E05011125,Birmingham,E01009050
B32 3XL,E01009500,E05011184,Birmingham,E01009500
B23 6UY,E01033646,E05011139,Birmingham,E01033646
B44 9LN,E01009221,E05011159,Birmingham,E01009221
B44 9QX,E01009233,E05011159,Birmingham,E01009233
B34 7RT,E01009310,E05011165,Birmingham,E01009310
B29 5JH,E01009291,E05011184,Birmingham,E01009291
B23 7LS,E01009412,E05011173,Birmingham,E01009412
B76 2UU,E01009455,E05011180,Birmingham,E01009455
B8 2PU,E01009490,E05011138,Birmingham,E01009490
B1 3EE,E01034951,E05011168,Birmingham,E01034951
B11 4JS,E01009382,E05011171,Birmingham,E01009382
B8 3QX,E01009489,E05011120,Birmingham,E01009489
B12 9QE,E01034939,E05011122,Birmingham,E01034939
B15 2GE,E01033624,E05011151,Birmingham,E01033624
B29 4DU,E01009506,E05011184,Birmingham,E01009506
B16 8HU,E01034949,E05011151,Birmingham,E01034949
B44 0JE,E01009133,E05011150,Birmingham,E01009133
B29 7HU,E01009288,E05011128,Birmingham,E01009288
B12 0ST,E01034947,E05011126,Birmingham,E01034947
B13 8BS,E01009384,E05011154,Birmingham,E01009384
B1 1LS,E01033620,E05011151,Birmingham,E01033620
B19 1LH,E01009062,E05011121,Birmingham,E01009062
B34 6SJ,E01009307,E05011165,Birmingham,E01009307
B36 8SL,E01009079,E05011131,Birmingham,E01009079
B26 1PA,E01009313,E05011166,Birmingham,E01009313
B23 6DA,E01033646,E05011139,Birmingham,E01033646
B13 9AJ,E01033648,E05011154,Birmingham,E01033648
B15 2DW,E01009146,E05011151,Birmingham,E01009146
B5 7SH,E01008982,E05011134,Birmingham,E01008982
B19 3AX,E01034929,E05011156,Birmingham,E01034929
B14 5QX,E01008980,E05011133,Birmingham,E01008980
B74 2XS,E01009425,E05011174,Birmingham,E01009425
B73 6LJ,E01009468,E05011179,Birmingham,E01009468
B30 1DP,E01008959,E05011129,Birmingham,E01008959
B16 8HZ,E01009143,E05011151,Birmingham,E01009143
B12 0XE,E01009364,E05011126,Birmingham,E01009364
B20 3SP,E01009048,E05011125,Birmingham,E01009048
B13 9TS,E01009188,E05011130,Birmingham,E01009188
B44 8AG,E01009232,E05011150,Birmingham,E01009232
B44 9ED,E01009225,E05011159,Birmingham,E01009225
B31 3HU,E01009214,E05011152,Birmingham,E01009214
B24 9NR,E01009102,E05011162,Birmingham,E01009102
B13 0JP,E01008939,E05011124,Birmingham,E01008939
B8 2PX,E01009490,E05011138,Birmingham,E01009490
B31 1BQ,E01008924,E05011123,Birmingham,E01008924
B26 3YY,E01009315,E05011166,Birmingham,E01009315
B18 6AQ,E01033559,E05011156,Birmingham,E01033559
B72 1LX,E01009471,E05011181,Birmingham,E01009471
B25 8PX,E01008896,E05011186,Birmingham,E01008896
B18 4BA,E01009345,E05011168,Birmingham,E01009345
B13 9BG,E01009383,E05011154,Birmingham,E01009383
B35 7QG,E01009101,E05011132,Birmingham,E01009101
B38 8RU,E01009116,E05011148,Birmingham,E01009116
B14 5HD,E01008976,E05011133,Birmingham,E01008976
B7 4HW,E01033561,E05011155,Birmingham,E01033561
B14 4TW,E01008949,E05011146,Birmingham,E01008949
B24 0HJ,E01009005,E05011162,Birmingham,E01009005
B31 4LU,E01034944,E05011152,Birmingham,E01034944
B7 4LF,E01033561,E05011155,Birmingham,E01033561
B11 2PH,E01009373,E05011170,Birmingham,E01009373
B30 1LL,E01008951,E05011129,Birmingham,E01008951
B20 2SJ,E01009056,E05011125,Birmingham,E01009056
B14 5YD,E01008979,E05011133,Birmingham,E01008979
B30 2ER,E01008961,E05011129,Birmingham,E01008961
B8 2BL,E01009478,E05011183,Birmingham,E01009478
B26 2LD,E01009520,E05011185,Birmingham,E01009520
B21 8BB,E01009273,E05011147,Birmingham,E01009273
B6 7BX,E01008915,E05011121,Birmingham,E01008915
B17 9RL,E01009072,E05011144,Birmingham,E01009072
B75 7RW,E01009446,E05011177,Birmingham,E01009446
B20 3QR,E01009059,E05011125,Birmingham,E01009059
B8 1NE,E01009192,E05011120,Birmingham,E01009192
B15 2QN,E01034937,E05011134,Birmingham,E01034937
B33 0RS,E01009321,E05011137,Birmingham,E01009321
B11 1PU,E01033650,E05011170,Birmingham,E01033650
B16 0RS,E01008986,E05011157,Birmingham,E01008986
B26 2PT,E01009323,E05011166,Birmingham,E01009323
B38 9LR,E01009109,E05011149,Birmingham,E01009109
B42 2LS,E01009238,E05011160,Birmingham,E01009238
B23 5GT,E01034914,E05011161,Birmingham,E01034914
B9 5LN,E01033649,E05011126,Birmingham,E01033649
B14 7NN,E01008966,E05011130,Birmingham,E01008966
B72 1BL,E01009463,E05011181,Birmingham,E01009463
B20 2NQ,E01009278,E05011143,Birmingham,E01009278
B73 5PU,E01009466,E05011181,Birmingham,E01009466
B33 8PS,E01009515,E05011186,Birmingham,E01009515
B3 1RW,E01033623,E05011168,Birmingham,E01033623
B31 5BS,E01009207,E05011158,Birmingham,E01009207
B8 2DN,E01009478,E05011183,Birmingham,E01009478
B30 3DU,E01008957,E05011172,Birmingham,E01008957
B30 2SH,E01008964,E05011172,Birmingham,E01008964
B23 5LR,E01009403,E05011161,Birmingham,E01009403
B32 3LT,E01033629,E05011123,Birmingham,E01033629
B8 3HG,E01009485,E05011120,Birmingham,E01009485
B74 4TP,E01009422,E05011174,Birmingham,E01009422
B27 7EE,E01009021,E05011118,Birmingham,E01009021
B27 7TJ,E01009029,E05011118,Birmingham,E01009029
B20 2EQ,E01009265,E05011142,Birmingham,E01009265
B34 6LE,E01009088,E05011131,Birmingham,E01009088
B11 3RJ,E01034954,E05011170,Birmingham,E01034954
B13 0DW,E01008933,E05011124,Birmingham,E01008933
B28 0SG,E01008944,E05011124,Birmingham,E01008944
B31 4LA,E01009166,E05011152,Birmingham,E01009166
B36 8AA,E01009090,E05011131,Birmingham,E01009090
B10 9RF,E01009334,E05011167,Birmingham,E01009334
B44 0JX,E01009128,E05011150,Birmingham,E01009128
B73 5DR,E01009472,E05011179,Birmingham,E01009472
B30 2PD,E01008952,E05011172,Birmingham,E01008952
B7 4PG,E01034927,E05011155,Birmingham,E01034927
B11 1SG,E01009367,E05011170,Birmingham,E01009367
B31 4DB,E01009215,E05011152,Birmingham,E01009215
B10 0BH,E01009379,E05011127,Birmingham,E01009379
B11 3EE,E01009014,E05011140,Birmingham,E01009014
B24 0EL,E01009009,E05011135,Birmingham,E01009009
B76 1NB,E01009439,E05011180,Birmingham,E01009439
B18 7EW,E01009345,E05011168,Birmingham,E01009345
B42 2LY,E01009241,E05011160,Birmingham,E01009241
B29 6GW,E01009284,E05011129,Birmingham,E01009284
B21 9LG,E01009275,E05011142,Birmingham,E01009275
B11 4PG,E01009397,E05011170,Birmingham,E01009397
B32 3XD,E01008919,E05011123,Birmingham,E01008919
B23 5JJ,E01034914,E05011161,Birmingham,E01034914
B16 0TF,E01009145,E05011157,Birmingham,E01009145
B31 1PP,E01009498,E05011119,Birmingham,E01009498
B31 2PX,E01009208,E05011158,Birmingham,E01009208
B16 0EL,E01009153,E05011157,Birmingham,E01009153
B32 2TS,E01009254,E05011163,Birmingham,E01009254
B29 6TB,E01009077,E05011184,Birmingham,E01009077
B8 2TF,E01009487,E05011138,Birmingham,E01009487
B21 0PX,E01009354,E05011147,Birmingham,E01009354
B15 3JX,E01009069,E05011144,Birmingham,E01009069
B17 0JY,E01009075,E05011144,Birmingham,E01009075
B32 4LR,E01008925,E05011123,Birmingham,E01008925
B32 3TJ,E01008931,E05011123,Birmingham,E01008931
B1 1NN,E01033557,E05011151,Birmingham,E01033557
B73 5XE,E01009474,E05011179,Birmingham,E01009474
B23 7DY,E01009126,E05011173,Birmingham,E01009126
B76 1ND,E01009437,E05011180,Birmingham,E01009437
B23 6DD,E01009409,E05011173,Birmingham,E01009409
B73 5PD,E01009471,E05011181,Birmingham,E01009471
B32 2TL,E01009254,E05011163,Birmingham,E01009254
B31 5SW,E01008930,E05011123,Birmingham,E01008930
B26 1SH,E01009521,E05011185,Birmingham,E01009521
B20 2FE,E01009056,E05011142,Birmingham,E01009056
B25 8JA,E01008884,E05011182,Birmingham,E01008884
B24 0DT,E01009009,E05011135,Birmingham,E01009009
B12 9EF,E01009366,E05011122,Birmingham,E01009366
B17 0JH,E01009075,E05011144,Birmingham,E01009075
B17 0RY,E01009077,E05011144,Birmingham,E01009077
B75 5QT,E01009416,E05011177,Birmingham,E01009416
B12 0PH,E01034946,E05011126,Birmingham,E01034946
B26 2PU,E01009323,E05011166,Birmingham,E01009323
B38 9LB,E01009113,E05011149,Birmingham,E01009113
B76 2UH,E01009455,E05011176,Birmingham,E01009455
B8 2AE,E01009490,E05011138,Birmingham,E01009490
B44 8JG,E01009229,E05011159,Birmingham,E01009229
B17 8BN,E01009066,E05011144,Birmingham,E01009066
B27 7HL,E01009019,E05011118,Birmingham,E01009019
B9 4JF,E01009200,E05011126,Birmingham,E01009200
B42 2LH,E01009239,E05011160,Birmingham,E01009239
B6 6BS,E01034920,E05011121,Birmingham,E01034920
B11 3DD,E01034955,E05011140,Birmingham,E01034955
B42 2HF,E01009238,E05011160,Birmingham,E01009238
B75 5EN,E01009420,E05011175,Birmingham,E01009420
B74 2EU,E01009464,E05011179,Birmingham,E01009464
B75 5NQ,E01009416,E05011177,Birmingham,E01009416
B15 2EX,E01033626,E05011151,Birmingham,E01033626
B16 8EE,E01009143,E05011151,Birmingham,E01009143
B74 2NF,E01009428,E05011178,Birmingham,E01009428
B8 2QU,E01009478,E05011183,Birmingham,E01009478
B8 1RL,E01009479,E05011120,Birmingham,E01009479
B29 4DN,E01009505,E05011184,Birmingham,E01009505
B44 0PZ,E01009122,E05011150,Birmingham,E01009122
B13 0NA,E01008939,E05011124,Birmingham,E01008939
B5 7ER,E01033640,E05011126,Birmingham,E01033640
B75 6PW,E01009426,E05011177,Birmingham,E01009426
B34 7SW,E01009308,E05011165,Birmingham,E01009308
B29 4DR,E01009506,E05011184,Birmingham,E01009506
B32 1SP,E01009259,E05011163,Birmingham,E01009259
B38 9UH,E01009114,E05011149,Birmingham,E01009114
B17 0TB,E01009071,E05011144,Birmingham,E01009071
B44 0UX,E01009221,E05011150,Birmingham,E01009221
B13 9QJ,E01009176,E05011154,Birmingham,E01009176
B23 6NN,E01009407,E05011135,Birmingham,E01009407
B32 3RN,E01008918,E05011123,Birmingham,E01008918
B13 9HT,E01009390,E05011154,Birmingham,E01009390
B29 6HJ,E01009290,E05011128,Birmingham,E01009290
B17 0DB,E01009069,E05011144,Birmingham,E01009069
B17 8BD,E01009066,E05011144,Birmingham,E01009066
B11 4PU,E01009396,E05011171,Birmingham,E01009396
B17 8HD,E01009139,E05011157,Birmingham,E01009139
B13 9TZ,E01009188,E05011154,Birmingham,E01009188
B17 0TG,E01009064,E05011144,Birmingham,E01009064
B29 6FU,E01009284,E05011129,Birmingham,E01009284
B20 2DN,E01009263,E05011143,Birmingham,E01009263
B23 6AT,E01033646,E05011173,Birmingham,E01033646
B28 8EH,E01009045,E05011140,Birmingham,E01009045
B23 5EG,E01009404,E05011161,Birmingham,E01009404
B42 2DQ,E01009234,E05011160,Birmingham,E01009234
B28 8TE,E01009043,E05011140,Birmingham,E01009043
B13 8NL,E01009186,E05011154,Birmingham,E01009186
B38 9TD,E01009113,E05011149,Birmingham,E01009113
B75 6PG,E01009429,E05011175,Birmingham,E01009429
B15 3NY,E01008991,E05011134,Birmingham,E01008991
B42 2EA,E01009247,E05011160,Birmingham,E01009247
B25 8BX,E01008884,E05011182,Birmingham,E01008884
B21 8BE,E01009273,E05011147,Birmingham,E01009273
B11 1UY,E01009372,E05011170,Birmingham,E01009372
B17 8BQ,E01009066,E05011144,Birmingham,E01009066
B33 8TL,E01009513,E05011186,Birmingham,E01009513
B6 6DG,E01034924,E05011121,Birmingham,E01034924
B15 3RN,E01008990,E05011134,Birmingham,E01008990
B13 0SG,E01009179,E05011130,Birmingham,E01009179
B31 2HL,E01008962,E05011129,Birmingham,E01008962
B12 8UX,E01009375,E05011170,Birmingham,E01009375
B8 3AN,E01034931,E05011120,Birmingham,E01034931
B8 3HH,E01009491,E05011120,Birmingham,E01009491
B12 8XD,E01009367,E05011170,Birmingham,E01009367
B3 1AQ,E01033623,E05011168,Birmingham,E01033623
B26 3LB,E01009319,E05011166,Birmingham,E01009319
B45 8SJ,E01009171,E05011164,Birmingham,E01009171
B34 7QX,E01009306,E05011165,Birmingham,E01009306
B76 1JJ,E01009440,E05011180,Birmingham,E01009440
B75 7ST,E01009446,E05011177,Birmingham,E01009446
B17 9DA,E01009072,E05011144,Birmingham,E01009072
B27 7HH,E01009019,E05011118,Birmingham,E01009019
B18 6PD,E01034950,E05011168,Birmingham,E01034950
B13 8RD,E01009183,E05011154,Birmingham,E01009183
B13 9BH,E01009390,E05011154,Birmingham,E01009390
B21 9NB,E01009275,E05011142,Birmingham,E01009275
B23 5GY,E01034914,E05011161,Birmingham,E01034914
B29 5RA,E01009502,E05011184,Birmingham,E01009502
B33 0QU,E01009321,E05011166,Birmingham,E01009321
B29 6NJ,E01009292,E05011184,Birmingham,E01009292
B18 6EW,E01033559,E05011168,Birmingham,E01033559
B33 8RH,E01009508,E05011185,Birmingham,E01009508
B34 7DS,E01009304,E05011165,Birmingham,E01009304
B75 5AN,E01009423,E05011175,Birmingham,E01009423
B9 5AT,E01009332,E05011127,Birmingham,E01009332
B29 6EW,E01009290,E05011128,Birmingham,E01009290
B75 6ER,E01009444,E05011177,Birmingham,E01009444
B30 1EJ,E01008958,E05011129,Birmingham,E01008958
B12 0HE,E01009364,E05011126,Birmingham,E01009364
B17 8PE,E01009065,E05011144,Birmingham,E01009065
B10 9AR,E01009328,E05011167,Birmingham,E01009328
B31 4JT,E01009215,E05011152,Birmingham,E01009215
B44 0BY,E01009134,E05011150,Birmingham,E01009134
B34 7BB,E01009309,E05011165,Birmingham,E01009309
B30 2AN,E01009280,E05011129,Birmingham,E01009280
B73 5HF,E01009462,E05011179,Birmingham,E01009462
B44 0NB,E01009131,E05011150,Birmingham,E01009131
B14 5YJ,E01008979,E05011133,Birmingham,E01008979
B19 2XB,E01008911,E05011156,Birmingham,E01008911
B14 4RX,E01008943,E05011146,Birmingham,E01008943
B26 2TR,E01009322,E05011137,Birmingham,E01009322
B12 9TN,E01009374,E05011122,Birmingham,E01009374
B14 4EU,E01008940,E05011124,Birmingham,E01008940
B24 8PS,E01009401,E05011139,Birmingham,E01009401
B34 7AY,E01009306,E05011165,Birmingham,E01009306
B29 5EQ,E01009503,E05011184,Birmingham,E01009503
B11 2JB,E01034952,E05011170,Birmingham,E01034952
B31 4RU,E01009168,E05011152,Birmingham,E01009168
B73 6EG,E01009449,E05011178,Birmingham,E01009449
B16 9AQ,E01008988,E05011157,Birmingham,E01008988
B31 2PL,E01009219,E05011158,Birmingham,E01009219
B44 9QJ,E01009233,E05011159,Birmingham,E01009233
B5 7QT,E01008982,E05011134,Birmingham,E01008982
B30 2ES,E01008961,E05011129,Birmingham,E01008961
B45 0JQ,E01009174,E05011136,Birmingham,E01009174
B24 0QY,E01009098,E05011162,Birmingham,E01009098
B31 5EQ,E01009162,E05011136,Birmingham,E01009162
B44 8JX,E01009230,E05011150,Birmingham,E01009230
B13 9NN,E01009044,E05011171,Birmingham,E01009044
B29 6QE,E01009294,E05011184,Birmingham,E01009294
B29 4AX,E01009294,E05011184,Birmingham,E01009294
B14 4HD,E01008941,E05011124,Birmingham,E01008941
B29 6JR,E01009284,E05011129,Birmingham,E01009284
B3 1SD,E01033623,E05011168,Birmingham,E01033623
B13 8LX,E01009183,E05011154,Birmingham,E01009183
B18 5JU,E01009359,E05011168,Birmingham,E01009359
B33 0NL,E01009303,E05011138,Birmingham,E01009303
B27 6LN,E01008893,E05011118,Birmingham,E01008893
B16 8UU,E01009143,E05011151,Birmingham,E01009143
B31 2FP,E01009493,E05011184,Birmingham,E01009493
B7 5PH,E01009202,E05011155,Birmingham,E01009202
B29 4LT,E01009506,E05011184,Birmingham,E01009506
B10 0UN,E01009329,E05011167,Birmingham,E01009329
B14 6RJ,E01008966,E05011130,Birmingham,E01008966
B8 2EP,E01009481,E05011183,Birmingham,E01009481
B11 3EU,E01009028,E05011182,Birmingham,E01009028
B24 0JL,E01009100,E05011162,Birmingham,E01009100
B16 8GY,E01033618,E05011151,Birmingham,E01033618
B73 6LP,E01009468,E05011179,Birmingham,E01009468
B13 0AS,E01008933,E05011154,Birmingham,E01008933
B72 1HF,E01009457,E05011181,Birmingham,E01009457
B75 5DE,E01009425,E05011175,Birmingham,E01009425
B19 2DG,E01008909,E05011156,Birmingham,E01008909
B19 2YP,E01008913,E05011156,Birmingham,E01008913
B36 8JU,E01009085,E05011131,Birmingham,E01009085
B15 2ET,E01008997,E05011134,Birmingham,E01008997
B35 7NN,E01009097,E05011132,Birmingham,E01009097
B35 7JE,E01009103,E05011132,Birmingham,E01009103
B23 6PU,E01009006,E05011135,Birmingham,E01009006
B14 6JW,E01008971,E05011130,Birmingham,E01008971
B73 6HN,E01009471,E05011178,Birmingham,E01009471
B12 8NU,E01009377,E05011170,Birmingham,E01009377
B11 1EQ,E01033650,E05011170,Birmingham,E01033650
B15 1HB,E01009146,E05011151,Birmingham,E01009146
B16 8FN,E01033564,E05011151,Birmingham,E01033564
B72 1DL,E01009463,E05011181,Birmingham,E01009463
B23 5AE,E01034913,E05011161,Birmingham,E01034913
B29 7SS,E01009282,E05011128,Birmingham,E01009282
B23 5PE,E01009405,E05011161,Birmingham,E01009405
B8 1ED,E01034934,E05011120,Birmingham,E01034934
B32 4JT,E01008927,E05011123,Birmingham,E01008927
B31 3ET,E01009117,E05011148,Birmingham,E01009117
B31 3SN,E01009212,E05011152,Birmingham,E01009212
B1 1SN,E01033557,E05011151,Birmingham,E01033557
B27 6LT,E01008890,E05011118,Birmingham,E01008890
B44 9DB,E01009224,E05011159,Birmingham,E01009224
B9 5EB,E01009344,E05011127,Birmingham,E01009344
B13 9YZ,E01009395,E05011171,Birmingham,E01009395
B23 6GP,E01033630,E05011173,Birmingham,E01033630
B31 1SS,E01009172,E05011119,Birmingham,E01009172
B16 9PH,E01008989,E05011134,Birmingham,E01008989
B16 9DE,E01008987,E05011157,Birmingham,E01008987
B25 8UR,E01009521,E05011185,Birmingham,E01009521
B31 4EN,E01009213,E05011152,Birmingham,E01009213
B20 2HU,E01009264,E05011143,Birmingham,E01009264
B18 6EU,E01033559,E05011168,Birmingham,E01033559
B13 9XL,E01009046,E05011154,Birmingham,E01009046
B38 9DT,E01009108,E05011149,Birmingham,E01009108
B34 6TD,E01009309,E05011165,Birmingham,E01009309
B25 8AR,E01008883,E05011182,Birmingham,E01008883
B19 1HZ,E01009047,E05011125,Birmingham,E01009047
B33 0HY,E01009302,E05011138,Birmingham,E01009302
B28 0DS,E01009037,E05011141,Birmingham,E01009037
B33 9HG,E01009095,E05011138,Birmingham,E01009095
B14 4BU,E01008941,E05011124,Birmingham,E01008941
B42 2JR,E01009248,E05011159,Birmingham,E01009248
B31 1HJ,E01009496,E05011119,Birmingham,E01009496
B38 8DP,E01009119,E05011148,Birmingham,E01009119
B20 2BD,E01009355,E05011142,Birmingham,E01009355
B75 5LU,E01009416,E05011177,Birmingham,E01009416
B31 4EL,E01009213,E05011152,Birmingham,E01009213
B28 9HS,E01009034,E05011140,Birmingham,E01009034
B23 7RR,E01009410,E05011173,Birmingham,E01009410
B10 9NP,E01009334,E05011167,Birmingham,E01009334
B28 0RP,E01009040,E05011141,Birmingham,E01009040
B26 3YJ,E01009314,E05011166,Birmingham,E01009314
B18 4DG,E01009346,E05011157,Birmingham,E01009346
B73 5QN,E01009466,E05011179,Birmingham,E01009466
B31 2TF,E01009162,E05011152,Birmingham,E01009162
B16 0EN,E01009153,E05011157,Birmingham,E01009153
B16 0NP,E01009145,E05011157,Birmingham,E01009145
B33 9JR,E01009092,E05011138,Birmingham,E01009092
B36 8LE,E01009085,E05011131,Birmingham,E01009085
B8 3SR,E01034931,E05011120,Birmingham,E01034931
B31 1SN,E01009498,E05011119,Birmingham,E01009498
B31 3LQ,E01009214,E05011152,Birmingham,E01009214
B17 8BH,E01009066,E05011144,Birmingham,E01009066
B21 9LA,E01009350,E05011142,Birmingham,E01009350
B1 3BS,E01034950,E05011168,Birmingham,E01034950
B8 3HS,E01009491,E05011120,Birmingham,E01009491
B31 2JH,E01009206,E05011158,Birmingham,E01009206
B25 8RN,E01009515,E05011186,Birmingham,E01009515
B42 2PZ,E01009236,E05011159,Birmingham,E01009236
B16 8AE,E01033627,E05011151,Birmingham,E01033627
B24 8PP,E01009401,E05011139,Birmingham,E01009401
B27 7XZ,E01009015,E05011118,Birmingham,E01009015
B23 5SX,E01009001,E05011135,Birmingham,E01009001
B16 9EG,E01008987,E05011151,Birmingham,E01008987
B76 1GU,E01009440,E05011180,Birmingham,E01009440
B44 8LW,E01009230,E05011159,Birmingham,E01009230
B31 2LR,E01009206,E05011158,Birmingham,E01009206
B16 0RE,E01009140,E05011151,Birmingham,E01009140
B11 4RH,E01033643,E05011171,Birmingham,E01033643
B8 3AE,E01009195,E05011120,Birmingham,E01009195
B8 2JJ,E01009481,E05011183,Birmingham,E01009481
B9 5UQ,E01009477,E05011145,Birmingham,E01009477
B26 2JN,E01009519,E05011185,Birmingham,E01009519
B10 0BU,E01009363,E05011127,Birmingham,E01009363
B31 2XQ,E01008958,E05011158,Birmingham,E01008958
B31 1UU,E01008930,E05011123,Birmingham,E01008930
B75 6BH,E01009428,E05011178,Birmingham,E01009428
B31 3TW,E01009210,E05011152,Birmingham,E01009210
B15 2AL,E01033640,E05011151,Birmingham,E01033640
B45 0NE,E01009155,E05011136,Birmingham,E01009155
B25 8JE,E01008887,E05011169,Birmingham,E01008887
B20 3PS,E01009050,E05011125,Birmingham,E01009050
B24 8NU,E01009000,E05011139,Birmingham,E01009000
B12 9ST,E01009374,E05011122,Birmingham,E01009374
B20 2BQ,E01009355,E05011142,Birmingham,E01009355
B28 0TJ,E01009042,E05011141,Birmingham,E01009042
B12 8EG,E01009371,E05011170,Birmingham,E01009371
B75 7JZ,E01009447,E05011176,Birmingham,E01009447
B11 3PT,E01009028,E05011182,Birmingham,E01009028
B10 9BP,E01009325,E05011167,Birmingham,E01009325
B8 1NF,E01009192,E05011120,Birmingham,E01009192
B29 7NY,E01009283,E05011128,Birmingham,E01009283
B11 4QJ,E01009397,E05011170,Birmingham,E01009397
B12 0NX,E01034946,E05011126,Birmingham,E01034946
B14 7RS,E01009177,E05011130,Birmingham,E01009177
B32 3JY,E01033629,E05011123,Birmingham,E01033629
B24 0BT,E01009005,E05011135,Birmingham,E01009005
B29 4ER,E01009496,E05011184,Birmingham,E01009496
B8 2QE,E01009478,E05011183,Birmingham,E01009478
B16 8UQ,E01009143,E05011151,Birmingham,E01009143
B20 3QN,E01009057,E05011125,Birmingham,E01009057
B3 1EF,E01033620,E05011168,Birmingham,E01033620
B21 0UT,E01009359,E05011168,Birmingham,E01009359
B7 5UA,E01009201,E05011155,Birmingham,E01009201
B9 4NL,E01009199,E05011126,Birmingham,E01009199
B17 8LD,E01009147,E05011157,Birmingham,E01009147
B13 8NJ,E01009186,E05011154,Birmingham,E01009186
B6 6RG,E01008916,E05011121,Birmingham,E01008916
B21 9PS,E01009269,E05011147,Birmingham,E01009269
B25 8EF,E01008883,E05011169,Birmingham,E01008883
B13 9QN,E01009176,E05011154,Birmingham,E01009176
B33 0BE,E01009301,E05011138,Birmingham,E01009301
B45 9SN,E01009159,E05011164,Birmingham,E01009159
B21 8DN,E01009271,E05011147,Birmingham,E01009271
B16 0AW,E01009153,E05011157,Birmingham,E01009153
B31 5PJ,E01009173,E05011119,Birmingham,E01009173
B28 9DD,E01009032,E05011140,Birmingham,E01009032
B13 8NW,E01009186,E05011154,Birmingham,E01009186
B15 2BL,E01033624,E05011151,Birmingham,E01033624
B32 1NL,E01009249,E05011163,Birmingham,E01009249
B20 3HY,E01009053,E05011121,Birmingham,E01009053
B24 8LN,E01009400,E05011139,Birmingham,E01009400
B1 1RG,E01033625,E05011151,Birmingham,E01033625
B28 8DS,E01009044,E05011140,Birmingham,E01009044
B10 9PD,E01033642,E05011167,Birmingham,E01033642
B34 6UH,E01009309,E05011165,Birmingham,E01009309
B27 6AN,E01010178,E05001294,Solihull,E01010178
B73 6ER,E01009449,E05011178,Birmingham,E01009449
B35 6LT,E01009106,E05011132,Birmingham,E01009106
B29 5HJ,E01009503,E05011184,Birmingham,E01009503
B19 2BP,E01008906,E05011153,Birmingham,E01008906
B44 0NS,E01009129,E05011150,Birmingham,E01009129
B74 2GA,E01009430,E05011174,Birmingham,E01009430
B1 3EG,E01034950,E05011168,Birmingham,E01034950
B20 2EJ,E01009049,E05011143,Birmingham,E01009049
B29 6JL,E01009284,E05011129,Birmingham,E01009284
B44 0PG,E01009129,E05011150,Birmingham,E01009129
B26 2EY,E01009517,E05011137,Birmingham,E01009517
B38 8PH,E01009108,E05011148,Birmingham,E01009108
B33 0TY,E01009322,E05011137,Birmingham,E01009322
B35 6QN,E01009099,E05011132,Birmingham,E01009099
B75 7PW,E01009445,E05011176,Birmingham,E01009445
B14 7AA,E01009178,E05011130,Birmingham,E01009178
B75 6NR,E01009429,E05011177,Birmingham,E01009429
B9 5XQ,E01009343,E05011145,Birmingham,E01009343
B42 1RS,E01009241,E05011160,Birmingham,E01009241
B32 1SE,E01009259,E05011163,Birmingham,E01009259
B21 0UD,E01009359,E05011168,Birmingham,E01009359
B26 3AY,E01009316,E05011166,Birmingham,E01009316
B44 9PA,E01009220,E05011159,Birmingham,E01009220
B13 8AL,E01009182,E05011154,Birmingham,E01009182
B44 9QN,E01009222,E05011159,Birmingham,E01009222
B12 0XR,E01009362,E05011126,Birmingham,E01009362
B25 8UE,E01008898,E05011182,Birmingham,E01008898
B44 0UA,E01009131,E05011150,Birmingham,E01009131
B14 4EL,E01008941,E05011124,Birmingham,E01008941
B24 9AZ,E01009013,E05011135,Birmingham,E01009013
B10 0TD,E01009380,E05011127,Birmingham,E01009380
B16 0PL,,,,
B72 1BP,E01009463,E05011181,Birmingham,E01009463
B75 6TG,E01009429,E05011175,Birmingham,E01009429
B34 6JE,E01009087,E05011131,Birmingham,E01009087
B9 4LF,E01009200,E05011126,Birmingham,E01009200
B17 9PE,E01009065,E05011144,Birmingham,E01009065
B13 0AG,E01008932,E05011124,Birmingham,E01008932
B14 4LX,E01008942,E05011146,Birmingham,E01008942
B13 9ET,E01009185,E05011154,Birmingham,E01009185
B75 7PT,E01009445,E05011176,Birmingham,E01009445
B8 3BZ,E01009491,E05011120,Birmingham,E01009491
B23 5TE,E01009003,E05011135,Birmingham,E01009003
B23 6DL,E01009408,E05011173,Birmingham,E01009408
B12 0NW,E01034946,E05011126,Birmingham,E01034946
B31 4TB,E01009170,E05011152,Birmingham,E01009170
B8 2UT,E01009479,E05011183,Birmingham,E01009479
B14 5HS,E01008948,E05011146,Birmingham,E01008948
B44 9QE,E01009233,E05011159,Birmingham,E01009233
B28 8RD,E01009024,E05011118,Birmingham,E01009024
B32 3LJ,E01033629,E05011123,Birmingham,E01033629
B20 3WG,E01034917,E05011125,Birmingham,E01034917
B21 0LS,E01009274,E05011147,Birmingham,E01009274
B24 9TD,E01009104,E05011162,Birmingham,E01009104
B44 0ET,E01009123,E05011173,Birmingham,E01009123
B76 2RB,E01009434,E05011180,Birmingham,E01009434
B29 6DB,E01009290,E05011128,Birmingham,E01009290
B33 0HL,E01009303,E05011138,Birmingham,E01009303
B14 7BY,E01009178,E05011130,Birmingham,E01009178
B26 1QH,E01009312,E05011166,Birmingham,E01009312
B75 6PD,E01009428,E05011175,Birmingham,E01009428
B27 6BT,E01008894,E05011118,Birmingham,E01008894
B24 0TJ,E01009100,E05011162,Birmingham,E01009100
B32 3JL,E01033629,E05011123,Birmingham,E01033629
B44 8RN,E01009230,E05011159,Birmingham,E01009230
B32 3PT,E01008923,E05011123,Birmingham,E01008923
B44 0EP,E01009137,E05011150,Birmingham,E01009137
B34 7DZ,E01009309,E05011165,Birmingham,E01009309
B26 2BS,E01009516,E05011185,Birmingham,E01009516
B21 9JP,E01009275,E05011142,Birmingham,E01009275
B18 4LZ,E01009361,E05011168,Birmingham,E01009361
B21 8ER,E01009269,E05011143,Birmingham,E01009269
B12 9LR,E01009376,E05011122,Birmingham,E01009376
B21 9JR,E01009275,E05011142,Birmingham,E01009275
B29 5NB,E01009501,E05011184,Birmingham,E01009501
B25 8XW,E01009518,E05011185,Birmingham,E01009518
B21 8JY,E01009272,E05011143,Birmingham,E01009272
B35 7HG,E01009101,E05011132,Birmingham,E01009101
B75 7QZ,E01009447,E05011176,Birmingham,E01009447
B8 2NE,E01009481,E05011183,Birmingham,E01009481
B72 1LT,E01009471,E05011181,Birmingham,E01009471
B30 3DT,E01008957,E05011172,Birmingham,E01008957
B33 9RP,E01009298,E05011138,Birmingham,E01009298
B45 9TQ,E01009159,E05011164,Birmingham,E01009159
B76 1FP,E01009435,E05011176,Birmingham,E01009435
B76 1DD,E01009454,E05011176,Birmingham,E01009454
B24 9BB,E01009013,E05011135,Birmingham,E01009013
B42 2GW,E01009239,E05011160,Birmingham,E01009239
B30 1DN,E01008959,E05011129,Birmingham,E01008959
B31 3AJ,E01009205,E05011148,Birmingham,E01009205
B45 8QY,E01009169,E05011164,Birmingham,E01009169
B75 7JN,E01009448,E05011176,Birmingham,E01009448
B31 2PZ,E01009206,E05011158,Birmingham,E01009206
B11 3RA,E01009026,E05011182,Birmingham,E01009026
B35 7PF,E01009097,E05011132,Birmingham,E01009097
B32 2QS,E01009256,E05011163,Birmingham,E01009256
B38 8AW,E01009117,E05011148,Birmingham,E01009117
B6 5NJ,E01034924,E05011121,Birmingham,E01034924
B31 1DA,E01008929,E05011123,Birmingham,E01008929
B24 0PB,E01009105,E05011162,Birmingham,E01009105
B24 0SY,E01009098,E05011162,Birmingham,E01009098
B7 4JL,E01009204,E05011155,Birmingham,E01009204
B75 5EF,E01009425,E05011175,Birmingham,E01009425
B32 1NY,E01009249,E05011163,Birmingham,E01009249
B16 0JG,E01009151,E05011157,Birmingham,E01009151
B34 6HR,E01009088,E05011131,Birmingham,E01009088
B24 0GE,E01009011,E05011162,Birmingham,E01009011
B13 0QY,E01008936,E05011124,Birmingham,E01008936
B26 2DQ,E01009514,E05011137,Birmingham,E01009514
B26 3JA,E01009315,E05011166,Birmingham,E01009315
B8 3FG,E01034931,E05011120,Birmingham,E01034931
B5 7SJ,E01008982,E05011134,Birmingham,E01008982
B17 9JB,E01009065,E05011144,Birmingham,E01009065
B16 8FY,E01034949,E05011151,Birmingham,E01034949
B13 8NB,E01009186,E05011154,Birmingham,E01009186
B17 8DE,E01009065,E05011144,Birmingham,E01009065
B31 4HD,E01009212,E05011152,Birmingham,E01009212
B29 7RA,E01009293,E05011128,Birmingham,E01009293
B34 7RH,E01009310,E05011165,Birmingham,E01009310
B32 3UB,E01008921,E05011123,Birmingham,E01008921
B33 9BS,E01009094,E05011138,Birmingham,E01009094
B21 0TQ,E01009359,E05011168,Birmingham,E01009359
B44 9NG,E01009221,E05011159,Birmingham,E01009221
B10 0JQ,E01009338,E05011167,Birmingham,E01009338
B12 8TY,E01009375,E05011170,Birmingham,E01009375
B24 9DY,E01009008,E05011135,Birmingham,E01009008
B73 5DH,E01009473,E05011179,Birmingham,E01009473
B8 2YD,E01009479,E05011183,Birmingham,E01009479
B14 6RP,E01008972,E05011130,Birmingham,E01008972
B11 3FQ,E01009014,E05011140,Birmingham,E01009014
B12 8TE,E01009375,E05011170,Birmingham,E01009375
B6 6HL,E01034919,E05011121,Birmingham,E01034919
B74 4QL,E01009422,E05011174,Birmingham,E01009422
B35 6HS,E01009096,E05011132,Birmingham,E01009096
B24 0UE,E01009100,E05011162,Birmingham,E01009100
B16 9AH,E01008987,E05011157,Birmingham,E01008987
B33 9NG,E01009091,E05011138,Birmingham,E01009091
B75 6DX,E01009444,E05011177,Birmingham,E01009444
B74 4JG,E01009417,E05011174,Birmingham,E01009417
B45 9QE,E01009169,E05011164,Birmingham,E01009169
B33 9QP,E01009298,E05011138,Birmingham,E01009298
B44 0EA,E01009137,E05011150,Birmingham,E01009137
B16 0DN,E01009153,E05011151,Birmingham,E01009153
B2 5PG,E01033620,E05011151,Birmingham,E01033620
B14 4AQ,E01008969,E05011124,Birmingham,E01008969
B7 4EG,,,,
B10 9AL,E01009328,E05011167,Birmingham,E01009328
B31 1XN,E01008924,E05011123,Birmingham,E01008924
B38 9AR,E01009119,E05011149,Birmingham,E01009119
B8 3EB,E01009195,E05011120,Birmingham,E01009195
B13 9LY,E01009044,E05011171,Birmingham,E01009044
B33 8DE,E01009508,E05011185,Birmingham,E01009508
B7 5RA,E01009201,E05011155,Birmingham,E01009201
B44 0JW,E01009130,E05011150,Birmingham,E01009130
B13 0NQ,E01008937,E05011124,Birmingham,E01008937
B21 0UH,E01009359,E05011168,Birmingham,E01009359
B38 8AN,E01009118,E05011148,Birmingham,E01009118
B6 6SG,E01008899,E05011121,Birmingham,E01008899
B6 5JL,E01008901,E05011155,Birmingham,E01008901
B8 1LW,E01034933,E05011120,Birmingham,E01034933
B9 5PT,E01009343,E05011127,Birmingham,E01009343
B33 8ED,E01009510,E05011185,Birmingham,E01009510
B28 8EN,E01009014,E05011182,Birmingham,E01009014
B33 8TG,E01009513,E05011186,Birmingham,E01009513
B11 4QF,E01009397,E05011170,Birmingham,E01009397
B8 1EA,E01034934,E05011120,Birmingham,E01034934
B19 1RS,E01009062,E05011153,Birmingham,E01009062
B36 8EA,E01009090,E05011131,Birmingham,E01009090
B9 5TE,E01009476,E05011145,Birmingham,E01009476
B26 3DJ,E01009315,E05011166,Birmingham,E01009315
B34 7AR,E01009306,E05011165,Birmingham,E01009306
B8 2PP,E01009490,E05011138,Birmingham,E01009490
B31 3RD,E01009212,E05011152,Birmingham,E01009212
B72 1AF,E01009461,E05011181,Birmingham,E01009461
B10 0LH,E01009329,E05011127,Birmingham,E01009329
B32 1LS,E01009257,E05011163,Birmingham,E01009257
B14 4BE,E01008943,E05011146,Birmingham,E01008943
B16 0RF,E01009140,E05011151,Birmingham,E01009140
B21 8PT,E01009268,E05011147,Birmingham,E01009268
B20 1EB,E01009279,E05011143,Birmingham,E01009279
B75 5LA,E01009420,E05011177,Birmingham,E01009420
B5 7SY,E01008982,E05011134,Birmingham,E01008982
B27 6AL,E01008889,E05011118,Birmingham,E01008889
B28 8SX,E01009017,E05011140,Birmingham,E01009017
B23 6JH,E01009406,E05011173,Birmingham,E01009406
B31 2HW,E01008962,E05011129,Birmingham,E01008962
B16 9JD,E01008988,E05011157,Birmingham,E01008988
B42 2JL,E01009243,E05011159,Birmingham,E01009243
B9 5EX,E01009333,E05011127,Birmingham,E01009333
B75 7LU,E01009445,E05011176,Birmingham,E01009445
B1 3LE,E01033565,E05011168,Birmingham,E01033565
B24 9AL,E01009013,E05011135,Birmingham,E01009013
B18 4DW,E01009346,E05011157,Birmingham,E01009346
B75 7JH,E01009450,E05011176,Birmingham,E01009450
B42 2BS,E01009245,E05011160,Birmingham,E01009245
B15 2SX,E01033562,E05011134,Birmingham,E01033562
B3 1BU,E01033622,E05011168,Birmingham,E01033622
B14 4DU,E01008937,E05011124,Birmingham,E01008937
B24 9JG,E01034916,E05011135,Birmingham,E01034916
B1 3DD,E01033565,E05011168,Birmingham,E01033565
B8 2RX,E01009086,E05011131,Birmingham,E01009086
B74 4ER,E01009418,E05011175,Birmingham,E01009418
B15 1FH,E01009146,E05011151,Birmingham,E01009146
B21 9JQ,E01009275,E05011142,Birmingham,E01009275
B26 3DU,E01009316,E05011166,Birmingham,E01009316
B21 8EP,E01009266,E05011143,Birmingham,E01009266
B32 3AL,E01008919,E05011123,Birmingham,E01008919
B20 3RB,E01009050,E05011125,Birmingham,E01009050
B44 9LD,E01009220,E05011159,Birmingham,E01009220
B13 0HX,E01008935,E05011124,Birmingham,E01008935
B24 9SJ,E01009104,E05011162,Birmingham,E01009104
B23 5YF,E01009135,E05011161,Birmingham,E01009135
B10 9NY,E01009328,E05011167,Birmingham,E01009328
B36 8AY,E01009084,E05011131,Birmingham,E01009084
B23 7RY,E01009410,E05011173,Birmingham,E01009410
B21 8HA,E01009269,E05011147,Birmingham,E01009269
B23 6QB,E01009007,E05011135,Birmingham,E01009007
B14 6TJ,E01008970,E05011130,Birmingham,E01008970
B26 3RS,E01009320,E05011166,Birmingham,E01009320
B21 9AA,E01009270,E05011142,Birmingham,E01009270
B28 8PR,E01009023,E05011118,Birmingham,E01009023
B10 9BX,E01009343,E05011167,Birmingham,E01009343
B33 9BB,E01009095,E05011138,Birmingham,E01009095
B29 6FR,E01009280,E05011129,Birmingham,E01009280
B17 9AL,E01009252,E05011163,Birmingham,E01009252
B23 7SQ,E01009414,E05011173,Birmingham,E01009414
B24 0HU,E01009005,E05011135,Birmingham,E01009005
B17 8BL,E01009147,E05011157,Birmingham,E01009147
B35 7NL,E01009097,E05011132,Birmingham,E01009097
B23 5YY,E01009135,E05011161,Birmingham,E01009135
B26 1LS,E01009312,E05011166,Birmingham,E01009312
B38 8JX,E01009112,E05011148,Birmingham,E01009112
B14 4NG,E01008942,E05011146,Birmingham,E01008942
B13 9TB,E01009188,E05011154,Birmingham,E01009188
B45 9LZ,E01009164,E05011164,Birmingham,E01009164
B26 3FN,E01009316,E05011166,Birmingham,E01009316
B14 5BJ,E01008947,E05011146,Birmingham,E01008947
B12 8AF,E01009397,E05011170,Birmingham,E01009397
B11 2HJ,E01034952,E05011170,Birmingham,E01034952
B21 8DE,E01009271,E05011147,Birmingham,E01009271
B30 3RL,E01008975,E05011133,Birmingham,E01008975
B74 4SE,E01009422,E05011174,Birmingham,E01009422
B42 1HW,E01009235,E05011160,Birmingham,E01009235
B24 8AB,E01009013,E05011139,Birmingham,E01009013
B12 8QJ,E01009377,E05011170,Birmingham,E01009377
B24 8JN,E01008998,E05011139,Birmingham,E01008998
B32 1NP,E01009249,E05011163,Birmingham,E01009249
B15 3RS,E01008992,E05011134,Birmingham,E01008992
B75 7SZ,E01009424,E05011178,Birmingham,E01009424
B34 7LB,E01009308,E05011165,Birmingham,E01009308
B9 4HA,E01009200,E05011126,Birmingham,E01009200
B28 8QT,E01009033,E05011140,Birmingham,E01009033
B21 8NU,E01009274,E05011147,Birmingham,E01009274
B24 0ED,E01009003,E05011135,Birmingham,E01009003
B23 7XY,E01009411,E05011173,Birmingham,E01009411
B29 5JN,E01009291,E05011184,Birmingham,E01009291
B24 0DJ,E01009003,E05011135,Birmingham,E01009003
B30 3PF,E01008974,E05011133,Birmingham,E01008974
B26 3JU,E01009320,E05011166,Birmingham,E01009320
B11 4RJ,E01033643,E05011171,Birmingham,E01033643
B23 6PX,E01009007,E05011135,Birmingham,E01009007
B8 3JL,E01009491,E05011120,Birmingham,E01009491
B29 7SG,E01009282,E05011128,Birmingham,E01009282
B20 3BJ,,,,
B27 7HJ,E01009019,E05011118,Birmingham,E01009019
B12 9NQ,E01034938,E05011122,Birmingham,E01034938
B33 9NH,E01009093,E05011138,Birmingham,E01009093
B29 6DG,E01009294,E05011184,Birmingham,E01009294
B23 5DA,E01009136,E05011161,Birmingham,E01009136
B26 1LB,E01008888,E05011169,Birmingham,E01008888
B20 3TG,E01009056,E05011125,Birmingham,E01009056
B31 1QS,E01009499,E05011119,Birmingham,E01009499
B17 9HE,E01009065,E05011144,Birmingham,E01009065
B10 9PA,E01009331,E05011167,Birmingham,E01009331
B23 7LD,E01009412,E05011173,Birmingham,E01009412
B20 1BZ,E01009264,E05011143,Birmingham,E01009264
B42 1QA,E01009240,E05011160,Birmingham,E01009240
B76 1HQ,E01009442,E05011180,Birmingham,E01009442
B44 8QJ,E01009231,E05011150,Birmingham,E01009231
B8 3JZ,E01009485,E05011120,Birmingham,E01009485
B12 8HL,E01009397,E05011170,Birmingham,E01009397
B8 3QE,E01009489,E05011120,Birmingham,E01009489
B73 5LG,E01009460,E05011179,Birmingham,E01009460
B72 1HD,E01009457,E05011181,Birmingham,E01009457
B14 4QT,E01008945,E05011146,Birmingham,E01008945
B33 9JQ,E01009092,E05011138,Birmingham,E01009092
B20 2FT,E01009051,E05011125,Birmingham,E01009051
B14 4EN,E01008939,E05011124,Birmingham,E01008939
B8 3BT,E01009195,E05011120,Birmingham,E01009195
B34 7QH,E01009310,E05011165,Birmingham,E01009310
B6 7DU,E01008899,E05011121,Birmingham,E01008899
B11 3AF,E01009393,E05011171,Birmingham,E01009393
B11 3JF,E01009014,E05011140,Birmingham,E01009014
B36 8JT,E01009084,E05011131,Birmingham,E01009084
B7 4QT,E01034927,E05011155,Birmingham,E01034927
B23 5BB,E01034914,E05011161,Birmingham,E01034914
B38 8RL,E01009119,E05011149,Birmingham,E01009119
B11 2NA,E01009339,E05011170,Birmingham,E01009339
B6 6BP,E01008901,E05011121,Birmingham,E01008901
B42 2SA,E01009244,E05011159,Birmingham,E01009244
B72 1JN,E01009457,E05011181,Birmingham,E01009457
B42 2HJ,E01009238,E05011160,Birmingham,E01009238
B15 2UJ,E01034936,E05011134,Birmingham,E01034936
B73 6RY,E01009467,E05011179,Birmingham,E01009467
B35 7LL,E01009099,E05011132,Birmingham,E01009099
B8 2EE,E01009481,E05011183,Birmingham,E01009481
B31 3PB,E01009112,E05011152,Birmingham,E01009112
B10 0BB,E01009363,E05011127,Birmingham,E01009363
B6 6HS,E01034920,E05011121,Birmingham,E01034920
B27 7BF,E01009015,E05011118,Birmingham,E01009015
B16 0NY,E01009151,E05011157,Birmingham,E01009151
B10 9RD,E01009334,E05011167,Birmingham,E01009334
B33 8TX,E01009509,E05011186,Birmingham,E01009509
B11 4JE,E01009389,E05011171,Birmingham,E01009389
B13 9DQ,E01009390,E05011154,Birmingham,E01009390
B25 8YL,E01009518,E05011185,Birmingham,E01009518
B76 2UQ,E01009455,E05011180,Birmingham,E01009455
B45 8EG,E01009171,E05011164,Birmingham,E01009171
B24 9TE,E01009104,E05011162,Birmingham,E01009104
B24 0DL,E01009009,E05011135,Birmingham,E01009009
B44 0ER,E01009134,E05011150,Birmingham,E01009134
B30 2RB,E01008952,E05011172,Birmingham,E01008952
B17 9HR,E01009067,E05011144,Birmingham,E01009067
B5 6AT,E01033615,E05011126,Birmingham,E01033615
B27 6AF,E01008889,E05011118,Birmingham,E01008889
B10 9AJ,E01009329,E05011167,Birmingham,E01009329
B8 2QT,E01009480,E05011183,Birmingham,E01009480
B74 2PY,E01009430,E05011178,Birmingham,E01009430
B31 4LB,E01009166,E05011152,Birmingham,E01009166
B35 7NJ,E01009097,E05011132,Birmingham,E01009097
B31 5QH,E01009173,E05011119,Birmingham,E01009173
B24 9HS,E01009007,E05011135,Birmingham,E01009007
B28 0TP,E01009042,E05011141,Birmingham,E01009042
B28 8PT,E01009023,E05011118,Birmingham,E01009023
B24 9BT,E01009012,E05011135,Birmingham,E01009012
B13 8HW,E01009385,E05011154,Birmingham,E01009385
B73 5JX,E01009456,E05011179,Birmingham,E01009456
B33 0YP,E01009303,E05011138,Birmingham,E01009303
B26 3DD,E01009315,E05011166,Birmingham,E01009315
B29 5JA,E01009291,E05011184,Birmingham,E01009291
B14 4AH,E01008969,E05011124,Birmingham,E01008969
B31 2HG,E01008962,E05011129,Birmingham,E01008962
B75 6RH,E01009426,E05011177,Birmingham,E01009426
B18 4RG,E01009361,E05011168,Birmingham,E01009361
B12 9LN,E01009366,E05011122,Birmingham,E01009366
B13 9NA,E01009044,E05011171,Birmingham,E01009044
B18 7ER,E01009345,E05011168,Birmingham,E01009345
B23 5SN,E01009006,E05011135,Birmingham,E01009006
B75 7PF,E01009445,E05011176,Birmingham,E01009445
B8 3PH,E01009485,E05011120,Birmingham,E01009485
B23 7EA,E01009126,E05011173,Birmingham,E01009126
B15 2HG,E01008995,E05011134,Birmingham,E01008995
B38 9UE,E01009114,E05011149,Birmingham,E01009114
B76 2UL,E01009452,E05011176,Birmingham,E01009452
B31 4RP,E01009170,E05011152,Birmingham,E01009170
B34 6AE,E01009090,E05011131,Birmingham,E01009090
B23 5GA,E01034914,E05011161,Birmingham,E01034914
B31 4RF,E01009170,E05011152,Birmingham,E01009170
B27 6RT,E01008895,E05011169,Birmingham,E01008895
B32 3RQ,E01008917,E05011123,Birmingham,E01008917
B33 8TB,E01009513,E05011186,Birmingham,E01009513
B17 8ER,E01009139,E05011157,Birmingham,E01009139
B25 8FL,E01008881,E05011186,Birmingham,E01008881
B6 7BP,E01008915,E05011121,Birmingham,E01008915
B32 3LX,E01033629,E05011123,Birmingham,E01033629
B44 0HT,E01009122,E05011150,Birmingham,E01009122
B21 8JX,E01009272,E05011143,Birmingham,E01009272
B17 9LT,E01009068,E05011144,Birmingham,E01009068
B29 5DD,E01009503,E05011184,Birmingham,E01009503
B19 3UB,E01033638,E05011156,Birmingham,E01033638
B44 0HY,E01009122,E05011150,Birmingham,E01009122
B13 0JY,E01008938,E05011124,Birmingham,E01008938
B3 1BA,E01033622,E05011168,Birmingham,E01033622
B6 7QH,E01008899,E05011155,Birmingham,E01008899
B30 2RE,E01008965,E05011172,Birmingham,E01008965
B20 3EG,E01009058,E05011121,Birmingham,E01009058
B15 2DP,E01033624,E05011151,Birmingham,E01033624
B24 8HA,E01009400,E05011139,Birmingham,E01009400
B24 9JX,E01009008,E05011135,Birmingham,E01009008
B32 3AW,E01033629,E05011123,Birmingham,E01033629
B42 1PB,E01009241,E05011160,Birmingham,E01009241
B18 6DT,E01033559,E05011168,Birmingham,E01033559
B31 5QZ,E01009172,E05011119,Birmingham,E01009172
B30 3DJ,E01008961,E05011129,Birmingham,E01008961
B44 0DQ,E01009134,E05011150,Birmingham,E01009134
B34 6BU,E01009089,E05011131,Birmingham,E01009089
B20 3RN,E01009047,E05011125,Birmingham,E01009047
B8 1DT,E01034934,E05011120,Birmingham,E01034934
B17 9DR,E01009065,E05011144,Birmingham,E01009065
B74 4LD,E01009418,E05011175,Birmingham,E01009418
B21 0EY,E01009351,E05011147,Birmingham,E01009351
B30 3DX,E01008957,E05011172,Birmingham,E01008957
B44 9UQ,E01009226,E05011159,Birmingham,E01009226
B32 4HX,E01008928,E05011123,Birmingham,E01008928
B5 7RR,E01008982,E05011134,Birmingham,E01008982
B13 8JS,E01009184,E05011154,Birmingham,E01009184
B27 7SS,E01009016,E05011182,Birmingham,E01009016
B28 0LZ,E01009039,E05011141,Birmingham,E01009039
B45 9RT,E01009160,E05011164,Birmingham,E01009160
B19 2DB,E01008909,E05011156,Birmingham,E01008909
B14 4RG,E01008943,E05011146,Birmingham,E01008943
B34 6SH,E01009307,E05011165,Birmingham,E01009307
B18 4DP,E01009346,E05011157,Birmingham,E01009346
B26 3GB,E01009317,E05011166,Birmingham,E01009317
B18 6NZ,E01033559,E05011168,Birmingham,E01033559
B11 3BJ,E01009017,E05011140,Birmingham,E01009017
B29 5HG,E01009503,E05011184,Birmingham,E01009503
B45 9YP,E01009161,E05011136,Birmingham,E01009161
B19 1SJ,E01009062,E05011153,Birmingham,E01009062
B8 1DP,E01034934,E05011120,Birmingham,E01034934
B74 2QS,E01009430,E05011174,Birmingham,E01009430
B75 6DT,E01009444,E05011177,Birmingham,E01009444
B19 1QL,E01008905,E05011153,Birmingham,E01008905
B28 0EF,E01009037,E05011141,Birmingham,E01009037
B14 6TF,E01008970,E05011130,Birmingham,E01008970
B75 7DR,E01009432,E05011176,Birmingham,E01009432
B30 1EA,E01008959,E05011129,Birmingham,E01008959
B35 6HZ,E01009106,E05011132,Birmingham,E01009106
B31 3LB,E01009212,E05011152,Birmingham,E01009212
B8 3TD,E01034932,E05011120,Birmingham,E01034932
B31 4PH,E01009166,E05011152,Birmingham,E01009166
B44 9QP,E01009233,E05011159,Birmingham,E01009233
B31 5DF,E01009208,E05011158,Birmingham,E01009208
B32 2ER,E01009261,E05011163,Birmingham,E01009261
B10 9HN,E01009326,E05011167,Birmingham,E01009326
B33 9TX,E01009300,E05011138,Birmingham,E01009300
B33 8PH,E01009515,E05011185,Birmingham,E01009515
B76 2UR,E01009455,E05011180,Birmingham,E01009455
B13 0LP,E01008939,E05011124,Birmingham,E01008939
B31 2XS,E01008958,E05011129,Birmingham,E01008958
B14 5AF,E01008974,E05011133,Birmingham,E01008974
B13 9JL,E01009185,E05011154,Birmingham,E01009185
B23 7QU,E01009413,E05011173,Birmingham,E01009413
B14 7AH,E01009178,E05011130,Birmingham,E01009178
B14 6AT,E01008981,E05011130,Birmingham,E01008981
B31 2QQ,E01009206,E05011158,Birmingham,E01009206
B24 8JD,E01008999,E05011139,Birmingham,E01008999
B16 9ED,E01008987,E05011151,Birmingham,E01008987
B44 8BL,E01009232,E05011150,Birmingham,E01009232
B34 6PA,E01009305,E05011131,Birmingham,E01009305
B30 3PS,E01008974,E05011133,Birmingham,E01008974
B27 7AD,E01009021,E05011118,Birmingham,E01009021
B42 2BP,E01009245,E05011160,Birmingham,E01009245
B9 5RB,E01009343,E05011127,Birmingham,E01009343
B31 4NU,E01034945,E05011152,Birmingham,E01034945
B15 3NU,E01008991,E05011134,Birmingham,E01008991
B74 4EG,E01009433,E05011175,Birmingham,E01009433
B19 3PD,E01008913,E05011156,Birmingham,E01008913
B5 7DL,E01033640,E05011126,Birmingham,E01033640
B13 9NS,E01009044,E05011171,Birmingham,E01009044
B26 3PG,E01009320,E05011166,Birmingham,E01009320
B32 2SQ,E01009255,E05011163,Birmingham,E01009255
B29 4DG,E01009504,E05011184,Birmingham,E01009504
B14 5RA,E01008978,E05011133,Birmingham,E01008978
B18 6HU,E01034951,E05011168,Birmingham,E01034951
B11 3AD,E01009391,E05011171,Birmingham,E01009391
B5 4TH,E01033567,E05011126,Birmingham,E01033567
B38 8HT,E01009214,E05011152,Birmingham,E01009214
B26 2UD,E01009323,E05011137,Birmingham,E01009323
B38 8YA,E01009118,E05011148,Birmingham,E01009118
B44 0BJ,E01009137,E05011150,Birmingham,E01009137
B33 0YL,E01009299,E05011138,Birmingham,E01009299
B34 6PG,E01009305,E05011131,Birmingham,E01009305
B17 0DW,E01009071,E05011144,Birmingham,E01009071
B42 2BF,E01009243,E05011159,Birmingham,E01009243
B44 9DT,E01009223,E05011159,Birmingham,E01009223
B75 5TW,E01009416,E05011177,Birmingham,E01009416
B30 3NG,E01008977,E05011133,Birmingham,E01008977
B73 5BB,E01009472,E05011179,Birmingham,E01009472
B19 3UP,E01008911,E05011156,Birmingham,E01008911
B29 6RR,E01009292,E05011184,Birmingham,E01009292
B11 2QQ,E01009339,E05011170,Birmingham,E01009339
B24 0QL,E01009105,E05011162,Birmingham,E01009105
B18 7AP,E01009153,E05011157,Birmingham,E01009153
B13 0EH,E01008934,E05011124,Birmingham,E01008934
B15 1DY,E01009146,E05011151,Birmingham,E01009146
B33 0PR,E01009321,E05011166,Birmingham,E01009321
B32 1LL,E01009257,E05011163,Birmingham,E01009257
B42 1LS,E01009238,E05011160,Birmingham,E01009238
B31 1HY,E01009495,E05011123,Birmingham,E01009495
B30 2LP,E01008955,E05011172,Birmingham,E01008955
B29 6JU,E01009284,E05011129,Birmingham,E01009284
B32 2SN,E01009255,E05011163,Birmingham,E01009255
B33 0UA,E01009322,E05011137,Birmingham,E01009322
B42 1SX,E01009242,E05011160,Birmingham,E01009242
B9 5RA,E01009343,E05011127,Birmingham,E01009343
B26 1JU,E01008888,E05011169,Birmingham,E01008888
B17 9SD,E01009068,E05011144,Birmingham,E01009068
B44 8TS,E01009228,E05011159,Birmingham,E01009228
B75 5JY,E01009420,E05011177,Birmingham,E01009420
B17 0AB,E01009072,E05011144,Birmingham,E01009072
B24 9NJ,E01009102,E05011162,Birmingham,E01009102
B73 6UQ,E01009465,E05011179,Birmingham,E01009465
B45 0LH,E01009155,E05011136,Birmingham,E01009155
B8 2RG,E01009086,E05011131,Birmingham,E01009086
B14 6QN,E01008972,E05011130,Birmingham,E01008972
B30 2HU,E01008957,E05011172,Birmingham,E01008957
B25 8YD,E01009518,E05011185,Birmingham,E01009518
B26 3HX,E01009315,E05011166,Birmingham,E01009315
B28 0DF,E01009037,E05011141,Birmingham,E01009037
B32 3UH,E01008921,E05011123,Birmingham,E01008921
B76 1AT,E01009437,E05011180,Birmingham,E01009437
B20 1DD,E01009279,E05011143,Birmingham,E01009279
B13 0AL,E01009176,E05011154,Birmingham,E01009176
B20 1JD,E01032591,E05011143,Birmingham,E01032591
B17 8TA,E01009260,E05011163,Birmingham,E01009260
B21 0RS,E01034922,E05011168,Birmingham,E01034922
B33 9PN,E01009311,E05011138,Birmingham,E01009311
B16 8DB,E01033564,E05011151,Birmingham,E01033564
B28 8PE,E01009032,E05011140,Birmingham,E01009032
B14 7QN,E01009178,E05011130,Birmingham,E01009178
B9 5LH,E01034935,E05011126,Birmingham,E01034935
B29 4PP,E01009493,E05011184,Birmingham,E01009493
B74 4LW,E01009418,E05011174,Birmingham,E01009418
B27 7SE,E01009016,E05011182,Birmingham,E01009016
B75 5LJ,E01009423,E05011177,Birmingham,E01009423
B20 2QT,E01009048,E05011125,Birmingham,E01009048
B8 2YQ,E01009479,E05011183,Birmingham,E01009479
B43 7HB,E01009223,E05011159,Birmingham,E01009223
B16 9BD,E01008988,E05011157,Birmingham,E01008988
B9 4QH,E01009199,E05011126,Birmingham,E01009199
B32 2UJ,E01009258,E05011163,Birmingham,E01009258
B42 1RG,E01009242,E05011160,Birmingham,E01009242
B14 4SA,E01008942,E05011146,Birmingham,E01008942
B31 5AN,E01009206,E05011119,Birmingham,E01009206
B23 7XT,E01009124,E05011173,Birmingham,E01009124
B13 9EH,E01009187,E05011154,Birmingham,E01009187
B11 1PD,E01033650,E05011170,Birmingham,E01033650
B17 9AF,E01009252,E05011163,Birmingham,E01009252
B5 7DQ,E01033640,E05011126,Birmingham,E01033640
B1 3EY,E01034951,E05011168,Birmingham,E01034951
B19 2XD,E01033638,E05011156,Birmingham,E01033638
B33 9JT,E01009092,E05011138,Birmingham,E01009092
B18 5SJ,E01009361,E05011168,Birmingham,E01009361
B6 6HN,E01034919,E05011121,Birmingham,E01034919
B24 9RG,E01009104,E05011162,Birmingham,E01009104
B26 1EX,E01008891,E05011169,Birmingham,E01008891
B1 2QB,E01034951,E05011151,Birmingham,E01034951
B28 0ER,E01009034,E05011140,Birmingham,E01009034
B76 1QL,E01009437,E05011180,Birmingham,E01009437
B19 1LR,E01009060,E05011153,Birmingham,E01009060
B75 6PN,E01009423,E05011177,Birmingham,E01009423
B16 0PH,E01009145,E05011157,Birmingham,E01009145
B8 2HG,E01009486,E05011183,Birmingham,E01009486
B16 8LU,E01008988,E05011134,Birmingham,E01008988
B34 6AL,E01009090,E05011131,Birmingham,E01009090
B32 3HG,E01033629,E05011123,Birmingham,E01033629
B21 0JL,E01009354,E05011147,Birmingham,E01009354
B32 3AN,E01008919,E05011123,Birmingham,E01008919
B12 9QQ,E01009182,E05011154,Birmingham,E01009182
B25 8PD,E01008898,E05011182,Birmingham,E01008898
B24 8EA,E01008998,E05011139,Birmingham,E01008998
B34 7NH,E01009308,E05011165,Birmingham,E01009308
B30 2LX,E01009282,E05011128,Birmingham,E01009282
B76 2NS,E01009452,E05011176,Birmingham,E01009452
B14 7AN,E01009188,E05011130,Birmingham,E01009188
B30 2DH,E01008955,E05011129,Birmingham,E01008955
B8 1DY,E01034934,E05011120,Birmingham,E01034934
B23 7AD,E01034914,E05011161,Birmingham,E01034914
B20 2DP,E01009263,E05011143,Birmingham,E01009263
B20 3QT,E01009057,E05011125,Birmingham,E01009057
B32 4AH,E01008923,E05011123,Birmingham,E01008923
B11 1RX,E01009367,E05011170,Birmingham,E01009367
B28 8NW,E01009023,E05011118,Birmingham,E01009023
B7 4LE,E01033561,E05011155,Birmingham,E01033561
B38 9US,E01009115,E05011149,Birmingham,E01009115
B17 9HS,E01009065,E05011144,Birmingham,E01009065
B32 2BS,E01009073,E05011144,Birmingham,E01009073
B19 2NU,E01008913,E05011156,Birmingham,E01008913
B16 8AD,E01033627,E05011151,Birmingham,E01033627
B74 2DG,E01009464,E05011179,Birmingham,E01009464
B32 2AZ,E01009261,E05011163,Birmingham,E01009261
B42 2JN,E01009248,E05011159,Birmingham,E01009248
B20 1AJ,E01009267,E05011143,Birmingham,E01009267
B73 5AT,E01009473,E05011179,Birmingham,E01009473
B12 0YZ,E01009364,E05011126,Birmingham,E01009364
B74 4PX,E01009421,E05011174,Birmingham,E01009421
B32 3PB,E01008917,E05011123,Birmingham,E01008917
B33 0HG,E01009297,E05011138,Birmingham,E01009297
B20 2SE,E01009056,E05011125,Birmingham,E01009056
B6 7DH,E01008899,E05011121,Birmingham,E01008899
B23 5PU,E01009002,E05011135,Birmingham,E01009002
B42 2DJ,E01009236,E05011160,Birmingham,E01009236
B42 1SY,E01009239,E05011160,Birmingham,E01009239
B14 6RE,E01008966,E05011130,Birmingham,E01008966
B14 7HP,E01009179,E05011130,Birmingham,E01009179
B75 7PL,E01009445,E05011176,Birmingham,E01009445
B26 2ER,E01009517,E05011137,Birmingham,E01009517
B29 4PW,E01009493,E05011184,Birmingham,E01009493
B32 2QR,E01009256,E05011163,Birmingham,E01009256
B30 1NX,E01008956,E05011129,Birmingham,E01008956
B29 4DS,E01009494,E05011184,Birmingham,E01009494
B27 6DR,E01008894,E05011118,Birmingham,E01008894
B27 6QH,E01009029,E05011118,Birmingham,E01009029
B19 1EH,E01008907,E05011153,Birmingham,E01008907
B16 8BZ,E01033564,E05011151,Birmingham,E01033564
B29 6NG,E01009295,E05011184,Birmingham,E01009295
B29 6UE,E01009284,E05011129,Birmingham,E01009284
B33 0HW,E01009303,E05011138,Birmingham,E01009303
B31 4PJ,E01009168,E05011152,Birmingham,E01009168
B32 1RZ,E01009257,E05011163,Birmingham,E01009257
B17 0LG,E01009075,E05011144,Birmingham,E01009075
B9 5EU,E01009333,E05011127,Birmingham,E01009333
B42 2HN,E01009236,E05011160,Birmingham,E01009236
B75 7EN,E01009452,E05011176,Birmingham,E01009452
B44 0RH,E01009128,E05011150,Birmingham,E01009128
B1 3AQ,E01034951,E05011168,Birmingham,E01034951
B15 2JT,E01034936,E05011134,Birmingham,E01034936
B17 9BP,E01009066,E05011144,Birmingham,E01009066
B10 9JF,E01009326,E05011167,Birmingham,E01009326
B13 8ED,E01009384,E05011154,Birmingham,E01009384
B34 7PS,E01009306,E05011165,Birmingham,E01009306
B44 8UJ,E01009227,E05011159,Birmingham,E01009227
B5 7BS,E01008995,E05011122,Birmingham,E01008995
B12 9NJ,E01034938,E05011122,Birmingham,E01034938
B26 2SU,E01009323,E05011137,Birmingham,E01009323
B25 8AZ,E01008883,E05011182,Birmingham,E01008883
B5 7DH,E01033640,E05011126,Birmingham,E01033640
B10 0UT,E01009329,E05011167,Birmingham,E01009329
B20 2RA,E01009049,E05011125,Birmingham,E01009049
B20 3RF,E01009057,E05011125,Birmingham,E01009057
B24 0GB,E01009100,E05011162,Birmingham,E01009100
B36 8NL,E01009083,E05011131,Birmingham,E01009083
B18 7LG,E01009347,E05011168,Birmingham,E01009347
B44 0JF,E01009133,E05011150,Birmingham,E01009133
B45 0HD,E01009160,E05011136,Birmingham,E01009160
B15 1PU,E01008994,E05011134,Birmingham,E01008994
B75 6DR,E01009446,E05011177,Birmingham,E01009446
B32 2UR,E01009258,E05011163,Birmingham,E01009258
B24 0JR,E01009100,E05011162,Birmingham,E01009100
B26 3RH,E01009318,E05011166,Birmingham,E01009318
B34 6EA,E01009091,E05011131,Birmingham,E01009091
B30 2HE,E01008956,E05011129,Birmingham,E01008956
B27 6QP,E01008894,E05011118,Birmingham,E01008894
B29 6PZ,E01009291,E05011184,Birmingham,E01009291
B21 9AD,E01009270,E05011142,Birmingham,E01009270
B19 3JJ,E01034930,E05011156,Birmingham,E01034930
B6 6HX,E01034920,E05011121,Birmingham,E01034920
B33 9DN,E01009095,E05011138,Birmingham,E01009095
B21 9NG,E01009275,E05011142,Birmingham,E01009275
B75 5NH,E01009420,E05011177,Birmingham,E01009420
B31 5EH,E01034942,E05011136,Birmingham,E01034942
B36 8LZ,E01009083,E05011131,Birmingham,E01009083
B31 3TH,E01009211,E05011152,Birmingham,E01009211
B75 6RU,E01009429,E05011177,Birmingham,E01009429
B16 0AH,E01009153,E05011157,Birmingham,E01009153
B23 5XY,E01009135,E05011161,Birmingham,E01009135
B20 3BN,E01009051,E05011121,Birmingham,E01009051
B33 0HS,E01009302,E05011138,Birmingham,E01009302
B18 5RW,E01009360,E05011168,Birmingham,E01009360
B74 4SQ,E01009422,E05011175,Birmingham,E01009422
B11 4LP,E01009396,E05011171,Birmingham,E01009396
B19 1NL,E01008907,E05011153,Birmingham,E01008907
B36 8UZ,E01009082,E05011131,Birmingham,E01009082
B11 3JD,E01034955,E05011140,Birmingham,E01034955
B9 4HB,E01009200,E05011126,Birmingham,E01009200
B24 0LP,E01009098,E05011162,Birmingham,E01009098
B6 6HJ,E01034919,E05011121,Birmingham,E01034919
B10 9PP,E01009331,E05011167,Birmingham,E01009331
B74 2SR,E01009427,E05011174,Birmingham,E01009427
B29 6TF,E01009078,E05011184,Birmingham,E01009078
B30 1DX,E01008959,E05011129,Birmingham,E01008959
B8 1HH,E01034934,E05011120,Birmingham,E01034934
B28 0JP,E01009039,E05011141,Birmingham,E01009039
B31 1XA,E01008924,E05011123,Birmingham,E01008924
B28 0QJ,E01009041,E05011141,Birmingham,E01009041
B19 2YR,E01008913,E05011156,Birmingham,E01008913
B76 1GQ,E01009440,E05011180,Birmingham,E01009440
B29 7QJ,E01009296,E05011128,Birmingham,E01009296
B33 0EB,E01009299,E05011138,Birmingham,E01009299
B12 8RB,E01009377,E05011170,Birmingham,E01009377
B31 4NX,E01034945,E05011152,Birmingham,E01034945
B17 0RS,E01009077,E05011144,Birmingham,E01009077
B36 8SN,E01009079,E05011131,Birmingham,E01009079
B25 8QD,E01008898,E05011186,Birmingham,E01008898
B13 0UB,E01008932,E05011124,Birmingham,E01008932
B42 1HU,E01009245,E05011160,Birmingham,E01009245
B18 6BN,E01033559,E05011168,Birmingham,E01033559
B16 8FR,E01033564,E05011151,Birmingham,E01033564
B24 0LE,E01009098,E05011162,Birmingham,E01009098
B14 7RP,E01009177,E05011130,Birmingham,E01009177
B28 9NU,E01009033,E05011140,Birmingham,E01009033
B33 8BQ,E01009507,E05011186,Birmingham,E01009507
B38 9PH,E01009120,E05011149,Birmingham,E01009120
B32 2NW,E01009074,E05011144,Birmingham,E01009074
B19 3BS,E01034929,E05011156,Birmingham,E01034929
B32 2PT,E01009256,E05011163,Birmingham,E01009256
B11 3RR,E01034955,E05011170,Birmingham,E01034955
B33 9LA,E01009092,E05011138,Birmingham,E01009092
B9 5NQ,E01033649,E05011145,Birmingham,E01033649
B28 9BS,E01009032,E05011140,Birmingham,E01009032
B16 9SZ,E01009145,E05011157,Birmingham,E01009145
B45 0NQ,E01009155,E05011136,Birmingham,E01009155
B11 4DD,E01009392,E05011171,Birmingham,E01009392
B33 8PR,E01009515,E05011186,Birmingham,E01009515
B38 0AW,E01009120,E05011149,Birmingham,E01009120
B10 9PX,E01009328,E05011167,Birmingham,E01009328
B26 1TJ,E01009521,E05011185,Birmingham,E01009521
B14 4NX,E01008947,E05011146,Birmingham,E01008947
B11 2NJ,E01009339,E05011170,Birmingham,E01009339
B8 2TS,E01009486,E05011183,Birmingham,E01009486
B28 0AL,E01009031,E05011140,Birmingham,E01009031
B31 1NP,E01009496,E05011119,Birmingham,E01009496
B29 5LF,E01009501,E05011184,Birmingham,E01009501
B33 0DE,E01009301,E05011138,Birmingham,E01009301
B31 2JS,E01009496,E05011119,Birmingham,E01009496
B27 7QL,E01009022,E05011118,Birmingham,E01009022
B33 8UE,E01009509,E05011186,Birmingham,E01009509
B7 5JY,E01009202,E05011155,Birmingham,E01009202
B20 3EQ,E01034918,E05011125,Birmingham,E01034918
B13 0AU,E01008933,E05011124,Birmingham,E01008933
B24 8NX,E01009000,E05011139,Birmingham,E01009000
B35 6QQ,E01009096,E05011132,Birmingham,E01009096
B32 2PU,E01009258,E05011163,Birmingham,E01009258
B24 0JY,E01009098,E05011162,Birmingham,E01009098
B32 2QJ,E01009258,E05011163,Birmingham,E01009258
B33 8RY,E01009508,E05011185,Birmingham,E01009508
B24 8PN,E01009400,E05011139,Birmingham,E01009400
B31 4BQ,E01009209,E05011152,Birmingham,E01009209
B73 5NB,E01009462,E05011181,Birmingham,E01009462
B31 5SG,E01008930,E05011123,Birmingham,E01008930
B21 8AR,E01009274,E05011147,Birmingham,E01009274
B23 5BS,E01034913,E05011161,Birmingham,E01034913
B24 0PL,E01009100,E05011162,Birmingham,E01009100
B28 8QB,E01009023,E05011118,Birmingham,E01009023
B16 0JY,E01009151,E05011157,Birmingham,E01009151
B5 4TW,E01033567,E05011126,Birmingham,E01033567
B28 8BJ,E01009043,E05011140,Birmingham,E01009043
B7 5RL,E01009201,E05011155,Birmingham,E01009201
B13 9SU,E01009187,E05011154,Birmingham,E01009187
B18 6FE,E01033559,E05011168,Birmingham,E01033559
B19 2AZ,E01008906,E05011153,Birmingham,E01008906
B30 1DA,E01008960,E05011129,Birmingham,E01008960
B38 8NG,E01009111,E05011148,Birmingham,E01009111
B8 2YE,E01009484,E05011183,Birmingham,E01009484
B31 5AF,E01009499,E05011119,Birmingham,E01009499
B25 8UT,E01009521,E05011185,Birmingham,E01009521
B32 3AU,E01008924,E05011123,Birmingham,E01008924
B34 7DA,E01009309,E05011165,Birmingham,E01009309
B8 1LB,E01034933,E05011120,Birmingham,E01034933
B23 7YD,E01009411,E05011173,Birmingham,E01009411
B33 9TB,E01009300,E05011138,Birmingham,E01009300
B26 2QB,E01009323,E05011166,Birmingham,E01009323
B45 8RJ,E01009169,E05011164,Birmingham,E01009169
B76 1DG,E01009454,E05011176,Birmingham,E01009454
B8 2RB,E01009086,E05011131,Birmingham,E01009086
B17 8AU,E01009260,E05011163,Birmingham,E01009260
B16 9EP,E01009140,E05011151,Birmingham,E01009140
B76 1NT,E01009452,E05011176,Birmingham,E01009452
B29 7SN,E01009282,E05011128,Birmingham,E01009282
B21 8PN,E01009273,E05011147,Birmingham,E01009273
B33 8EF,E01009510,E05011185,Birmingham,E01009510
B24 0LJ,E01009098,E05011162,Birmingham,E01009098
B30 1AB,E01008961,E05011129,Birmingham,E01008961
B9 5HH,E01009333,E05011127,Birmingham,E01009333
B6 6RP,E01008916,E05011121,Birmingham,E01008916
B44 0ES,E01009122,E05011150,Birmingham,E01009122
B33 8QL,E01009510,E05011185,Birmingham,E01009510
B30 3BY,E01008953,E05011172,Birmingham,E01008953
B74 4QJ,E01009422,E05011174,Birmingham,E01009422
B32 2EX,E01009261,E05011163,Birmingham,E01009261
B8 3BG,E01034931,E05011120,Birmingham,E01034931
B44 9SL,E01009226,E05011159,Birmingham,E01009226
B75 5PQ,E01009416,E05011177,Birmingham,E01009416
B32 1EH,E01009253,E05011163,Birmingham,E01009253
B16 9SH,E01008988,E05011157,Birmingham,E01008988
B16 8JZ,E01033618,E05011151,Birmingham,E01033618
B29 4EB,E01009494,E05011184,Birmingham,E01009494
B13 0PY,E01008936,E05011124,Birmingham,E01008936
B38 0AH,E01009120,E05011149,Birmingham,E01009120
B74 2AX,E01009464,E05011179,Birmingham,E01009464
B8 2DR,E01009478,E05011183,Birmingham,E01009478
B26 2NE,E01009324,E05011166,Birmingham,E01009324
B33 0QH,E01009321,E05011166,Birmingham,E01009321
B28 9QN,E01009032,E05011140,Birmingham,E01009032
B8 1HG,E01009192,E05011120,Birmingham,E01009192
B8 3LE,E01009489,E05011120,Birmingham,E01009489
B32 2NL,E01009074,E05011144,Birmingham,E01009074
B21 8NB,E01009274,E05011147,Birmingham,E01009274
B42 2RN,E01009243,E05011159,Birmingham,E01009243
B23 5RH,E01009403,E05011135,Birmingham,E01009403
B42 1LP,E01009238,E05011160,Birmingham,E01009238
B33 8UA,E01009509,E05011186,Birmingham,E01009509
B6 5NE,E01034924,E05011121,Birmingham,E01034924
B18 7BD,E01009153,E05011157,Birmingham,E01009153
B75 5EE,E01009423,E05011175,Birmingham,E01009423
B34 7LH,E01009308,E05011165,Birmingham,E01009308
B17 8DB,E01009065,E05011144,Birmingham,E01009065
B44 0NT,E01009132,E05011150,Birmingham,E01009132
B28 8LB,E01009030,E05011140,Birmingham,E01009030
B14 6PF,E01008970,E05011130,Birmingham,E01008970
B5 5TH,E01033561,E05011126,Birmingham,E01033561
B9 5TS,E01009475,E05011145,Birmingham,E01009475
B9 5BG,E01009332,E05011127,Birmingham,E01009332
B73 6DU,E01009449,E05011178,Birmingham,E01009449
B12 0UL,E01009364,E05011126,Birmingham,E01009364
B75 5LF,E01009420,E05011177,Birmingham,E01009420
B24 9AN,E01009013,E05011135,Birmingham,E01009013
B25 8JH,E01008887,E05011169,Birmingham,E01008887
B10 0LJ,E01009329,E05011127,Birmingham,E01009329
B13 9DU,E01009383,E05011154,Birmingham,E01009383
B17 8JS,E01009138,E05011157,Birmingham,E01009138
B74 4PS,E01009421,E05011174,Birmingham,E01009421
B38 9NE,E01009109,E05011149,Birmingham,E01009109
B76 1JR,E01009439,E05011180,Birmingham,E01009439
B31 4AU,E01009209,E05011152,Birmingham,E01009209
B20 2BE,E01009355,E05011142,Birmingham,E01009355
B11 1PG,E01033650,E05011170,Birmingham,E01033650
B9 4PG,E01009199,E05011126,Birmingham,E01009199
B26 2NN,E01009324,E05011166,Birmingham,E01009324
B34 6SG,E01009307,E05011165,Birmingham,E01009307
B19 2JX,E01008913,E05011156,Birmingham,E01008913
B27 7XQ,E01009015,E05011118,Birmingham,E01009015
B14 6QR,E01008972,E05011130,Birmingham,E01008972
B19 2HB,E01008909,E05011153,Birmingham,E01008909
B18 4BN,E01009345,E05011168,Birmingham,E01009345
B36 8DA,E01009083,E05011131,Birmingham,E01009083
B27 6LE,E01008893,E05011118,Birmingham,E01008893
B26 1PJ,E01009520,E05011166,Birmingham,E01009520
B17 0JG,E01009075,E05011144,Birmingham,E01009075
B18 5LE,E01009358,E05011168,Birmingham,E01009358
B1 3JN,E01033565,E05011168,Birmingham,E01033565
B27 7SJ,E01009016,E05011182,Birmingham,E01009016
B12 8RS,E01009399,E05011170,Birmingham,E01009399
B27 7TL,E01009029,E05011118,Birmingham,E01009029
B17 8HA,E01009139,E05011157,Birmingham,E01009139
B10 9DU,E01033642,E05011167,Birmingham,E01033642
B31 1BL,E01008929,E05011123,Birmingham,E01008929
B19 1LL,E01009060,E05011121,Birmingham,E01009060
B33 8PA,E01009515,E05011185,Birmingham,E01009515
B38 9DZ,E01009107,E05011149,Birmingham,E01009107
B44 0QH,E01009130,E05011150,Birmingham,E01009130
B8 2BW,E01009480,E05011183,Birmingham,E01009480
B31 2NG,E01009497,E05011158,Birmingham,E01009497
B20 2AW,E01009050,E05011143,Birmingham,E01009050
B5 7US,E01008997,E05011134,Birmingham,E01008997
B23 7EG,E01009126,E05011173,Birmingham,E01009126
B76 1LS,E01009439,E05011180,Birmingham,E01009439
B1 1BT,E01033615,E05011151,Birmingham,E01033615
B38 9HR,E01009110,E05011149,Birmingham,E01009110
B12 0NZ,E01034946,E05011126,Birmingham,E01034946
B9 5ER,E01009333,E05011127,Birmingham,E01009333
B31 4SQ,E01009216,E05011152,Birmingham,E01009216
B20 2BN,E01009355,E05011142,Birmingham,E01009355
B33 8DP,E01009510,E05011185,Birmingham,E01009510
B31 3HF,E01009210,E05011152,Birmingham,E01009210
B38 9PG,E01009120,E05011149,Birmingham,E01009120
B18 4JW,E01009346,E05011157,Birmingham,E01009346
B33 0HA,E01009297,E05011138,Birmingham,E01009297
B8 2BG,E01009486,E05011183,Birmingham,E01009486
B13 0QS,E01008935,E05011124,Birmingham,E01008935
B8 3RQ,E01009492,E05011138,Birmingham,E01009492
B11 3BX,E01009017,E05011140,Birmingham,E01009017
B12 0ND,E01034946,E05011126,Birmingham,E01034946
B13 9LL,E01009395,E05011171,Birmingham,E01009395
B6 6ES,E01034920,E05011121,Birmingham,E01034920
B35 6DA,E01009096,E05011132,Birmingham,E01009096
B19 2XU,E01008913,E05011156,Birmingham,E01008913
B14 4HZ,E01008940,E05011124,Birmingham,E01008940
B6 6NH,E01009061,E05011121,Birmingham,E01009061
B44 9NR,E01009220,E05011159,Birmingham,E01009220
B18 4RJ,E01009361,E05011168,Birmingham,E01009361
B21 9EX,E01009353,E05011142,Birmingham,E01009353
B31 5GA,E01034942,E05011136,Birmingham,E01034942
B26 2DD,E01009516,E05011185,Birmingham,E01009516
B28 9DE,E01009032,E05011140,Birmingham,E01009032
B8 3BX,E01009195,E05011120,Birmingham,E01009195
B9 5HF,E01009333,E05011127,Birmingham,E01009333
B73 5JZ,E01009459,E05011181,Birmingham,E01009459
B76 2QP,E01009437,E05011180,Birmingham,E01009437
B32 3NQ,E01033629,E05011123,Birmingham,E01033629
B11 2ED,E01008889,E05011182,Birmingham,E01008889
B73 5RB,E01009474,E05011179,Birmingham,E01009474
B34 7EF,E01009304,E05011165,Birmingham,E01009304
B14 7RA,E01009178,E05011130,Birmingham,E01009178
B29 5TA,E01009064,E05011184,Birmingham,E01009064
B42 2GQ,E01009239,E05011160,Birmingham,E01009239
B27 6RA,E01009015,E05011118,Birmingham,E01009015
B31 1SJ,E01009498,E05011119,Birmingham,E01009498
B32 2LP,E01009074,E05011144,Birmingham,E01009074
B17 0LB,E01009075,E05011144,Birmingham,E01009075
B27 7HW,E01009019,E05011118,Birmingham,E01009019
B28 8PS,E01009023,E05011118,Birmingham,E01009023
B17 0QB,E01033562,E05011144,Birmingham,E01033562
B26 1QP,E01009312,E05011166,Birmingham,E01009312
B13 9UE,E01009188,E05011154,Birmingham,E01009188
B44 0RT,E01009127,E05011150,Birmingham,E01009127
B42 1JU,E01009235,E05011160,Birmingham,E01009235
B36 8TS,E01009079,E05011131,Birmingham,E01009079
B24 0HH,E01009100,E05011162,Birmingham,E01009100
B19 2AU,E01034925,E05011153,Birmingham,E01034925
B31 4NS,E01009166,E05011152,Birmingham,E01009166
B34 6HX,E01009091,E05011131,Birmingham,E01009091
B15 2LD,E01008994,E05011134,Birmingham,E01008994
B32 3TP,E01008918,E05011123,Birmingham,E01008918
B73 6PY,E01009469,E05011179,Birmingham,E01009469
B33 0BJ,E01009301,E05011138,Birmingham,E01009301
B33 8HW,E01009514,E05011137,Birmingham,E01009514
B12 8LD,E01009377,E05011170,Birmingham,E01009377
B62 0EY,E01008921,E05011123,Birmingham,E01008921
B9 4LW,E01009200,E05011126,Birmingham,E01009200
B18 4QA,E01009360,E05011168,Birmingham,E01009360
B8 1HL,E01034933,E05011120,Birmingham,E01034933
B31 3NP,E01009217,E05011152,Birmingham,E01009217
B11 3AZ,E01034955,E05011140,Birmingham,E01034955
B45 0BD,E01034943,E05011136,Birmingham,E01034943
B34 7JL,E01009308,E05011165,Birmingham,E01009308
B17 0PG,E01009078,E05011144,Birmingham,E01009078
B32 2UA,E01009254,E05011163,Birmingham,E01009254
B32 1JB,E01009249,E05011163,Birmingham,E01009249
B44 0EU,E01009122,E05011150,Birmingham,E01009122
B25 8QH,E01008896,E05011186,Birmingham,E01008896
B33 8TD,E01009513,E05011186,Birmingham,E01009513
B76 1GH,E01009440,E05011180,Birmingham,E01009440
B30 3LN,E01009119,E05011148,Birmingham,E01009119
B31 3QP,E01009216,E05011152,Birmingham,E01009216
B42 1PG,E01009241,E05011160,Birmingham,E01009241
B13 9LS,E01009044,E05011171,Birmingham,E01009044
B30 1BA,E01008962,E05011129,Birmingham,E01008962
B32 1HB,E01009253,E05011163,Birmingham,E01009253
B33 9EJ,E01009311,E05011138,Birmingham,E01009311
B12 9SP,E01009374,E05011122,Birmingham,E01009374
B16 0JX,E01009151,E05011157,Birmingham,E01009151
B10 0LA,E01009380,E05011127,Birmingham,E01009380
B11 3HB,E01034954,E05011170,Birmingham,E01034954
B11 3QT,E01009026,E05011182,Birmingham,E01009026
B30 3PZ,E01008974,E05011133,Birmingham,E01008974
B45 0EJ,E01009157,E05011136,Birmingham,E01009157
B1 1BA,E01033615,E05011151,Birmingham,E01033615
B8 2EU,E01009478,E05011183,Birmingham,E01009478
B6 5UJ,E01008901,E05011155,Birmingham,E01008901
B26 3HB,E01009315,E05011166,Birmingham,E01009315
B75 5JT,E01009426,E05011177,Birmingham,E01009426
B44 8TU,E01009228,E05011159,Birmingham,E01009228
B35 7QJ,E01009103,E05011132,Birmingham,E01009103
B42 2HP,E01009236,E05011160,Birmingham,E01009236
B5 7XU,E01008995,E05011122,Birmingham,E01008995
B3 1LJ,E01033622,E05011168,Birmingham,E01033622
B17 0PJ,E01033562,E05011144,Birmingham,E01033562
B28 0EZ,E01009031,E05011140,Birmingham,E01009031
B74 2AA,E01009464,E05011179,Birmingham,E01009464
B38 9AD,E01009119,E05011149,Birmingham,E01009119
B30 3AQ,E01008952,E05011172,Birmingham,E01008952
B15 3NN,E01008991,E05011134,Birmingham,E01008991
B26 1DT,E01008885,E05011169,Birmingham,E01008885
B25 8SB,E01009513,E05011186,Birmingham,E01009513
B10 9QT,E01009344,E05011127,Birmingham,E01009344
B29 5TY,E01009502,E05011184,Birmingham,E01009502
B21 0TS,E01034921,E05011168,Birmingham,E01034921
B44 0DY,E01009134,E05011150,Birmingham,E01009134
B73 5XH,E01009472,E05011179,Birmingham,E01009472
B10 0JH,E01009337,E05011167,Birmingham,E01009337
B38 8TG,E01009116,E05011148,Birmingham,E01009116
B5 7QP,E01008984,E05011134,Birmingham,E01008984
B33 9LL,E01009093,E05011138,Birmingham,E01009093
B75 5JB,E01009415,E05011175,Birmingham,E01009415
B42 2QG,E01009244,E05011159,Birmingham,E01009244
B16 8BA,E01033564,E05011151,Birmingham,E01033564
B21 0UU,E01009358,E05011168,Birmingham,E01009358
B75 6BP,E01009428,E05011178,Birmingham,E01009428
B16 9HY,E01008986,E05011157,Birmingham,E01008986
B13 9PR,E01009185,E05011154,Birmingham,E01009185
B28 9PY,E01009035,E05011140,Birmingham,E01009035
B27 6DN,E01008894,E05011118,Birmingham,E01008894
B25 8BD,E01008883,E05011182,Birmingham,E01008883
B23 5NL,E01009407,E05011161,Birmingham,E01009407
B33 9PA,E01009311,E05011138,Birmingham,E01009311
B14 6HS,E01008966,E05011130,Birmingham,E01008966
B30 1UB,E01009281,E05011129,Birmingham,E01009281
B30 1BB,E01008962,E05011129,Birmingham,E01008962
B24 0EU,E01009009,E05011135,Birmingham,E01009009
B13 8RH,E01009183,E05011154,Birmingham,E01009183
B27 7BQ,E01009015,E05011118,Birmingham,E01009015
B33 8NA,E01009514,E05011137,Birmingham,E01009514
B14 6PN,E01008974,E05011130,Birmingham,E01008974
B17 8HG,E01009139,E05011157,Birmingham,E01009139
B24 0LX,E01009100,E05011162,Birmingham,E01009100
B31 3DE,E01009117,E05011148,Birmingham,E01009117
B4 6FH,E01033617,E05011151,Birmingham,E01033617
B23 7PU,E01009414,E05011173,Birmingham,E01009414
B33 8UR,E01009515,E05011186,Birmingham,E01009515
B33 8PG,E01009516,E05011185,Birmingham,E01009516
B31 1QL,E01009497,E05011119,Birmingham,E01009497
B1 1FZ,E01033616,E05011151,Birmingham,E01033616
B33 9RJ,E01009298,E05011138,Birmingham,E01009298
B11 3LZ,E01033643,E05011171,Birmingham,E01033643
B9 4PU,E01009200,E05011126,Birmingham,E01009200
B32 2AJ,E01009261,E05011163,Birmingham,E01009261
B31 1NL,E01009496,E05011119,Birmingham,E01009496
B6 6JB,E01034919,E05011121,Birmingham,E01034919
B32 1EX,E01009251,E05011163,Birmingham,E01009251
B20 2EU,E01009265,E05011142,Birmingham,E01009265
B10 0JZ,E01009380,E05011127,Birmingham,E01009380
B31 2QB,E01009206,E05011158,Birmingham,E01009206
B23 5XR,E01009136,E05011161,Birmingham,E01009136
B44 9PJ,E01009220,E05011159,Birmingham,E01009220
B33 9RA,E01009298,E05011138,Birmingham,E01009298
B19 1LB,E01009062,E05011153,Birmingham,E01009062
B15 2DB,E01033624,E05011151,Birmingham,E01033624
B21 9RJ,E01009266,E05011143,Birmingham,E01009266
B26 3UY,E01009317,E05011166,Birmingham,E01009317
B30 2NH,E01008953,E05011172,Birmingham,E01008953
B29 6ED,E01009289,E05011128,Birmingham,E01009289
B12 9LB,E01009366,E05011122,Birmingham,E01009366
B14 7TJ,E01009177,E05011130,Birmingham,E01009177
B21 8HR,E01009272,E05011143,Birmingham,E01009272
B12 8HT,E01009397,E05011170,Birmingham,E01009397
B75 5NW,E01009420,E05011177,Birmingham,E01009420
B18 6PU,E01009347,E05011168,Birmingham,E01009347
B6 6AY,E01034923,E05011121,Birmingham,E01034923
B23 7YG,E01009411,E05011173,Birmingham,E01009411
B11 3LR,E01033643,E05011171,Birmingham,E01033643
B33 8LY,E01009514,E05011185,Birmingham,E01009514
B32 1HY,E01009249,E05011163,Birmingham,E01009249
B23 5QA,E01009002,E05011135,Birmingham,E01009002
B33 0NG,E01009301,E05011138,Birmingham,E01009301
B16 0JU,E01009151,E05011157,Birmingham,E01009151
B8 2HB,E01009486,E05011183,Birmingham,E01009486
B26 2QX,E01009324,E05011166,Birmingham,E01009324
B45 8RQ,E01009169,E05011164,Birmingham,E01009169
B75 7AQ,E01009424,E05011178,Birmingham,E01009424
B29 4JE,E01009496,E05011119,Birmingham,E01009496
B17 9SS,E01009065,E05011144,Birmingham,E01009065
B18 4LW,E01009361,E05011168,Birmingham,E01009361
B32 3TB,E01008931,E05011123,Birmingham,E01008931
B32 3BG,E01008919,E05011123,Birmingham,E01008919
B14 5LB,E01008976,E05011133,Birmingham,E01008976
B28 0UD,E01009042,E05011141,Birmingham,E01009042
B23 5QL,E01009458,E05011179,Birmingham,E01009458
B24 8DQ,E01009013,E05011139,Birmingham,E01009013
B14 5ED,E01008947,E05011146,Birmingham,E01008947
B42 2DN,E01009236,E05011160,Birmingham,E01009236
B31 5DN,E01009208,E05011158,Birmingham,E01009208
B29 7LF,E01009286,E05011128,Birmingham,E01009286
B14 5HP,E01008947,E05011146,Birmingham,E01008947
B34 7LL,E01009308,E05011165,Birmingham,E01009308
B74 4TB,E01009421,E05011174,Birmingham,E01009421
B20 2AL,E01009049,E05011143,Birmingham,E01009049
B24 0AH,E01009003,E05011135,Birmingham,E01009003
B45 0JL,E01009174,E05011136,Birmingham,E01009174
B75 7AA,E01009424,E05011178,Birmingham,E01009424
B1 3LX,E01033565,E05011168,Birmingham,E01033565
B23 7YF,E01009411,E05011173,Birmingham,E01009411
B73 6SL,E01009465,E05011179,Birmingham,E01009465
B73 6LB,E01009468,E05011179,Birmingham,E01009468
B9 4EP,E01009200,E05011126,Birmingham,E01009200
B18 4DA,E01009346,E05011157,Birmingham,E01009346
B26 2TF,E01009322,E05011137,Birmingham,E01009322
B30 1DL,E01008959,E05011129,Birmingham,E01008959
B11 1UB,E01009371,E05011170,Birmingham,E01009371
B11 1XD,E01009371,E05011170,Birmingham,E01009371
B23 7WA,E01009124,E05011173,Birmingham,E01009124
B31 1DL,E01008929,E05011123,Birmingham,E01008929
B74 4ST,E01009417,E05011174,Birmingham,E01009417
B5 7EY,E01033640,E05011126,Birmingham,E01033640
B19 2HE,E01008911,E05011156,Birmingham,E01008911
B10 9TA,E01009335,E05011167,Birmingham,E01009335
B13 8RJ,E01009186,E05011154,Birmingham,E01009186
B31 5LP,E01009207,E05011119,Birmingham,E01009207
B6 7AE,E01009232,E05011160,Birmingham,E01009232
B72 1LS,E01009471,E05011181,Birmingham,E01009471
B42 1HH,E01009235,E05011160,Birmingham,E01009235
B17 9BU,E01009260,E05011163,Birmingham,E01009260
B18 5JH,E01009348,E05011168,Birmingham,E01009348
B12 0TS,E01009364,E05011126,Birmingham,E01009364
B24 0LN,E01009098,E05011162,Birmingham,E01009098
B26 3YG,E01009314,E05011166,Birmingham,E01009314
B42 2GY,E01009239,E05011160,Birmingham,E01009239
B3 1HP,E01033622,E05011168,Birmingham,E01033622
B19 1JF,E01009047,E05011153,Birmingham,E01009047
B23 7QX,E01009413,E05011173,Birmingham,E01009413
B33 0SY,E01009322,E05011137,Birmingham,E01009322
B29 5DR,E01009505,E05011184,Birmingham,E01009505
B15 1EQ,E01009146,E05011151,Birmingham,E01009146
B28 8RJ,E01009030,E05011140,Birmingham,E01009030
B36 8RB,E01009081,E05011131,Birmingham,E01009081
B14 4LB,E01008945,E05011146,Birmingham,E01008945
B23 6ER,E01009409,E05011173,Birmingham,E01009409
B29 6UW,E01009280,E05011128,Birmingham,E01009280
B43 7DS,E01009220,E05011159,Birmingham,E01009220
B72 1EL,E01009463,E05011181,Birmingham,E01009463
B24 0TF,E01009098,E05011162,Birmingham,E01009098
B8 2QJ,E01009480,E05011183,Birmingham,E01009480
B14 5BN,E01008943,E05011146,Birmingham,E01008943
B19 2UG,E01008911,E05011156,Birmingham,E01008911
B23 7BP,E01009126,E05011173,Birmingham,E01009126
B26 3UH,E01009318,E05011166,Birmingham,E01009318
B24 9AR,E01009013,E05011135,Birmingham,E01009013
B29 7BN,E01034941,E05011128,Birmingham,E01034941
B23 5YU,E01009135,E05011161,Birmingham,E01009135
B17 9BS,E01009066,E05011144,Birmingham,E01009066
B18 4EP,E01009345,E05011157,Birmingham,E01009345
B23 7UD,E01009124,E05011173,Birmingham,E01009124
B73 5QZ,E01009456,E05011179,Birmingham,E01009456
B30 3AH,E01008953,E05011172,Birmingham,E01008953
B28 0SZ,E01008944,E05011124,Birmingham,E01008944
B75 5JX,E01009420,E05011177,Birmingham,E01009420
B34 6DS,E01009087,E05011131,Birmingham,E01009087
B29 6NH,E01009292,E05011184,Birmingham,E01009292
B33 8AH,E01009509,E05011186,Birmingham,E01009509
B26 2HA,E01009517,E05011137,Birmingham,E01009517
B14 4QL,E01008945,E05011146,Birmingham,E01008945
B45 0NA,E01009155,E05011136,Birmingham,E01009155
B13 8NN,E01009186,E05011154,Birmingham,E01009186
B7 5EY,E01009201,E05011155,Birmingham,E01009201
B42 2EF,E01009246,E05011160,Birmingham,E01009246
B23 7TG,E01009125,E05011173,Birmingham,E01009125
B13 0LH,E01008938,E05011124,Birmingham,E01008938
B29 5QS,E01009500,E05011184,Birmingham,E01009500
B29 6SX,E01009078,E05011184,Birmingham,E01009078
B31 2GA,E01009208,E05011158,Birmingham,E01009208
B27 7NN,E01009020,E05011118,Birmingham,E01009020
B19 1AA,E01033638,E05011153,Birmingham,E01033638
B74 2TT,E01009427,E05011174,Birmingham,E01009427
B42 2UH,E01009239,E05011160,Birmingham,E01009239
B30 2NU,E01008952,E05011172,Birmingham,E01008952
B7 5BG,E01034928,E05011155,Birmingham,E01034928
B13 8HS,E01009385,E05011154,Birmingham,E01009385
B75 6EY,E01009444,E05011177,Birmingham,E01009444
B38 8TA,E01009116,E05011148,Birmingham,E01009116
B34 6PN,E01009305,E05011165,Birmingham,E01009305
B36 8AG,E01009084,E05011131,Birmingham,E01009084
B17 0EF,E01009069,E05011144,Birmingham,E01009069
B32 3NP,E01033629,E05011123,Birmingham,E01033629
B20 3UD,E01009057,E05011125,Birmingham,E01009057
B9 5PF,E01009476,E05011145,Birmingham,E01009476
B13 9XP,E01009394,E05011154,Birmingham,E01009394
B29 4NN,E01009506,E05011184,Birmingham,E01009506
B26 3XW,E01009317,E05011166,Birmingham,E01009317
B5 7PF,E01008984,E05011134,Birmingham,E01008984
B33 9TE,E01009300,E05011138,Birmingham,E01009300
B31 2UJ,E01009158,E05011158,Birmingham,E01009158
B29 7BA,E01009286,E05011128,Birmingham,E01009286
B14 5BX,E01008942,E05011146,Birmingham,E01008942
B19 1NB,E01009060,E05011153,Birmingham,E01009060
B6 5BA,E01008910,E05011121,Birmingham,E01008910
B29 4QT,E01009494,E05011184,Birmingham,E01009494
B42 1NE,E01009237,E05011160,Birmingham,E01009237
B34 7LN,E01009308,E05011165,Birmingham,E01009308
B33 0AP,E01009300,E05011138,Birmingham,E01009300
B8 1QN,E01009482,E05011120,Birmingham,E01009482
B27 7AA,E01009015,E05011118,Birmingham,E01009015
B10 9BG,E01009325,E05011167,Birmingham,E01009325
B33 8RS,E01009509,E05011186,Birmingham,E01009509
B18 5QH,E01009348,E05011168,Birmingham,E01009348
B19 1RX,E01009047,E05011153,Birmingham,E01009047
B14 7QL,E01009178,E05011130,Birmingham,E01009178
B1 2SL,E01033565,E05011151,Birmingham,E01033565
B30 1ER,E01008959,E05011129,Birmingham,E01008959
B24 9AH,E01009013,E05011135,Birmingham,E01009013
B3 1TR,E01033623,E05011168,Birmingham,E01033623
B26 1AR,E01008885,E05011169,Birmingham,E01008885
B74 2SL,E01009427,E05011174,Birmingham,E01009427
B9 5DJ,E01009332,E05011127,Birmingham,E01009332
B31 1AH,E01008924,E05011123,Birmingham,E01008924
B21 0TD,E01009359,E05011168,Birmingham,E01009359
B19 1SY,E01009060,E05011153,Birmingham,E01009060
B16 0PD,E01009151,E05011157,Birmingham,E01009151
B13 0QN,E01008936,E05011124,Birmingham,E01008936
B44 0PD,E01009132,E05011150,Birmingham,E01009132
B25 8NY,E01008882,E05011182,Birmingham,E01008882
B32 3PD,E01008917,E05011123,Birmingham,E01008917
B12 0XG,E01009364,E05011126,Birmingham,E01009364
B76 2SP,E01009450,E05011180,Birmingham,E01009450
B10 9PR,E01009331,E05011167,Birmingham,E01009331
B13 8RL,E01009186,E05011154,Birmingham,E01009186
B20 3LU,E01034917,E05011125,Birmingham,E01034917
B42 2JW,E01009248,E05011159,Birmingham,E01009248
B21 8NS,E01009274,E05011147,Birmingham,E01009274
B72 1LE,E01009471,E05011181,Birmingham,E01009471
B29 7BU,E01009286,E05011128,Birmingham,E01009286
B32 1LU,E01009257,E05011163,Birmingham,E01009257
B9 5NL,E01033649,E05011145,Birmingham,E01033649
B44 9TH,E01009134,E05011150,Birmingham,E01009134
B20 2RX,E01009056,E05011143,Birmingham,E01009056
B12 9NA,E01034938,E05011122,Birmingham,E01034938
B74 2PN,E01009424,E05011178,Birmingham,E01009424
B76 1EZ,E01009440,E05011180,Birmingham,E01009440
B18 4QQ,E01009359,E05011168,Birmingham,E01009359
B13 9PX,E01009185,E05011154,Birmingham,E01009185
B72 1YG,E01009462,E05011181,Birmingham,E01009462
B73 5PH,E01009466,E05011179,Birmingham,E01009466
B33 0EA,E01009299,E05011138,Birmingham,E01009299
B8 2UG,E01009490,E05011138,Birmingham,E01009490
B18 6JT,E01033559,E05011168,Birmingham,E01033559
B12 9PT,E01034939,E05011122,Birmingham,E01034939
B28 9HR,E01009034,E05011140,Birmingham,E01009034
B30 3AG,E01008953,E05011172,Birmingham,E01008953
B1 1QG,E01033615,E05011151,Birmingham,E01033615
B29 4JY,E01009506,E05011184,Birmingham,E01009506
B74 2NB,E01009424,E05011178,Birmingham,E01009424
B17 9QX,E01009067,E05011144,Birmingham,E01009067
B13 9BZ,E01009390,E05011154,Birmingham,E01009390
B13 9RS,E01009175,E05011154,Birmingham,E01009175
B31 5DW,E01009158,E05011136,Birmingham,E01009158
B29 7DN,E01034940,E05011128,Birmingham,E01034940
B31 5DD,E01034942,E05011136,Birmingham,E01034942
B72 1LW,E01009457,E05011181,Birmingham,E01009457
B75 7JS,E01009446,E05011177,Birmingham,E01009446
B44 0BF,E01009122,E05011150,Birmingham,E01009122
B44 8HE,E01009231,E05011150,Birmingham,E01009231
B29 6FJ,E01009281,E05011129,Birmingham,E01009281
B19 1HG,E01009048,E05011153,Birmingham,E01009048
B32 3QE,E01033629,E05011123,Birmingham,E01033629
B33 8PB,E01009515,E05011185,Birmingham,E01009515
B29 6UQ,E01009280,E05011129,Birmingham,E01009280
B32 3JT,E01033629,E05011123,Birmingham,E01033629
B14 7DB,E01009175,E05011130,Birmingham,E01009175
B21 0RD,E01034922,E05011168,Birmingham,E01034922
B45 9PF,E01009167,E05011164,Birmingham,E01009167
B31 3XE,E01009211,E05011152,Birmingham,E01009211
B26 1SP,E01009521,E05011185,Birmingham,E01009521
B44 0PL,E01009132,E05011150,Birmingham,E01009132
B13 9PW,E01009185,E05011154,Birmingham,E01009185
B4 6FP,E01033617,E05011151,Birmingham,E01033617
B13 0EG,E01008934,E05011124,Birmingham,E01008934
B8 2PA,E01009492,E05011138,Birmingham,E01009492
B11 3NY,E01009028,E05011182,Birmingham,E01009028
B75 7HB,E01009445,E05011177,Birmingham,E01009445
B23 7YH,E01009411,E05011173,Birmingham,E01009411
B17 8BP,E01009066,E05011144,Birmingham,E01009066
B1 1NX,E01033616,E05011151,Birmingham,E01033616
B36 8UP,E01009082,E05011131,Birmingham,E01009082
B45 0DN,E01009157,E05011136,Birmingham,E01009157
B4 6FR,E01033617,E05011151,Birmingham,E01033617
B17 0RP,E01009078,E05011144,Birmingham,E01009078
B72 1LN,E01009457,E05011181,Birmingham,E01009457
B16 0LL,E01008986,E05011157,Birmingham,E01008986
B29 6SB,E01009292,E05011184,Birmingham,E01009292
B73 5NU,E01009466,E05011181,Birmingham,E01009466
B4 6HZ,E01034930,E05011156,Birmingham,E01034930
B8 1SD,E01009483,E05011120,Birmingham,E01009483
B27 6QJ,E01009029,E05011118,Birmingham,E01009029
B35 7PY,E01009101,E05011132,Birmingham,E01009101
B9 5NE,E01034935,E05011145,Birmingham,E01034935
B29 5XA,E01009500,E05011184,Birmingham,E01009500
B17 0SX,E01009071,E05011144,Birmingham,E01009071
B19 2UF,E01008909,E05011156,Birmingham,E01008909
B24 0PD,E01009105,E05011162,Birmingham,E01009105
B14 5AX,E01008974,E05011133,Birmingham,E01008974
B32 3HY,E01008920,E05011123,Birmingham,E01008920
B28 8HP,E01009045,E05011140,Birmingham,E01009045
B17 0JS,E01009075,E05011144,Birmingham,E01009075
B11 1TX,E01009372,E05011170,Birmingham,E01009372
B32 2TX,E01009251,E05011163,Birmingham,E01009251
B11 3AR,E01009391,E05011171,Birmingham,E01009391
B29 6ND,E01009295,E05011184,Birmingham,E01009295
B20 3NB,E01009050,E05011125,Birmingham,E01009050
B30 2JR,E01008952,E05011172,Birmingham,E01008952
B6 7BG,E01008915,E05011121,Birmingham,E01008915
B29 4QN,E01009494,E05011184,Birmingham,E01009494
B31 1AS,E01008924,E05011123,Birmingham,E01008924
B18 4RD,E01009361,E05011168,Birmingham,E01009361
B19 2BS,E01008906,E05011156,Birmingham,E01008906
B32 2SF,E01009255,E05011163,Birmingham,E01009255
B5 4TT,E01033567,E05011126,Birmingham,E01033567
B31 2RG,E01009209,E05011158,Birmingham,E01009209
B44 9EB,E01009223,E05011159,Birmingham,E01009223
B23 6LN,E01009006,E05011135,Birmingham,E01009006
B32 2AS,E01009252,E05011163,Birmingham,E01009252
B16 9JJ,E01008986,E05011157,Birmingham,E01008986
B33 8ND,,,,
B13 9YW,E01009394,E05011154,Birmingham,E01009394
B23 7XE,E01009124,E05011173,Birmingham,E01009124
B23 7YL,E01009411,E05011173,Birmingham,E01009411
B32 2PH,E01009073,E05011144,Birmingham,E01009073
B28 8LE,E01009016,E05011182,Birmingham,E01009016
B33 0QS,E01009321,E05011166,Birmingham,E01009321
B31 2QE,E01009206,E05011158,Birmingham,E01009206
B44 9HB,E01009224,E05011159,Birmingham,E01009224
B14 6EW,E01008971,E05011130,Birmingham,E01008971
B21 9HA,E01009353,E05011142,Birmingham,E01009353
B28 9JP,E01009035,E05011140,Birmingham,E01009035
B26 2DS,E01009314,E05011137,Birmingham,E01009314
B8 3JR,E01009485,E05011120,Birmingham,E01009485
B31 1SE,E01009498,E05011119,Birmingham,E01009498
B30 2UL,E01008963,E05011172,Birmingham,E01008963
B13 9RU,E01009185,E05011154,Birmingham,E01009185
B31 2FR,E01009493,E05011184,Birmingham,E01009493
B20 2RL,E01009056,E05011125,Birmingham,E01009056
B30 1RH,E01008954,E05011129,Birmingham,E01008954
B26 1NF,E01009313,E05011166,Birmingham,E01009313
B44 8JU,E01009230,E05011150,Birmingham,E01009230
B33 8BE,E01009509,E05011186,Birmingham,E01009509
B24 9RW,E01009104,E05011162,Birmingham,E01009104
B16 0TE,E01009145,E05011157,Birmingham,E01009145
B20 2HJ,E01009265,E05011143,Birmingham,E01009265
B32 3RJ,E01008917,E05011123,Birmingham,E01008917
B11 3PP,E01009028,E05011182,Birmingham,E01009028
B30 2LG,E01008955,E05011172,Birmingham,E01008955
B44 9SP,E01009226,E05011159,Birmingham,E01009226
B31 1ET,E01009495,E05011123,Birmingham,E01009495
B15 2XA,E01034936,E05011134,Birmingham,E01034936
B26 3BA,E01009316,E05011166,Birmingham,E01009316
B75 7PE,E01009445,E05011176,Birmingham,E01009445
B29 6DA,E01009290,E05011128,Birmingham,E01009290
B20 3PD,E01009059,E05011125,Birmingham,E01009059
B19 1HN,E01009047,E05011153,Birmingham,E01009047
B42 2GN,E01009239,E05011160,Birmingham,E01009239
B17 9HB,E01009069,E05011144,Birmingham,E01009069
B30 2UR,E01008963,E05011172,Birmingham,E01008963
B17 9PD,E01009069,E05011144,Birmingham,E01009069
B31 5FU,E01009172,E05011136,Birmingham,E01009172
B36 8UD,E01009082,E05011131,Birmingham,E01009082
B23 7EZ,E01009410,E05011173,Birmingham,E01009410
B21 9NJ,E01009275,E05011142,Birmingham,E01009275
B34 6EE,E01009089,E05011131,Birmingham,E01009089
B26 2HD,E01009517,E05011137,Birmingham,E01009517
B31 4QG,E01009170,E05011152,Birmingham,E01009170
B20 3HJ,E01009053,E05011121,Birmingham,E01009053
B6 7DP,E01008915,E05011121,Birmingham,E01008915
B38 9UP,E01009115,E05011149,Birmingham,E01009115
B16 0LR,E01009140,E05011157,Birmingham,E01009140
B38 8ED,E01009111,E05011148,Birmingham,E01009111
B33 8SP,E01009509,E05011186,Birmingham,E01009509
B24 0AL,E01009008,E05011135,Birmingham,E01009008
B29 6RT,E01009292,E05011184,Birmingham,E01009292
B25 8SU,E01008897,E05011186,Birmingham,E01008897
B11 3DF,E01009017,E05011140,Birmingham,E01009017
B75 6RA,E01009429,E05011177,Birmingham,E01009429
B13 9DR,E01009385,E05011154,Birmingham,E01009385
B26 1SQ,E01009521,E05011185,Birmingham,E01009521
B11 1NW,E01009368,E05011170,Birmingham,E01009368
B45 8DF,E01034944,E05011152,Birmingham,E01034944
B12 0TA,E01009364,E05011126,Birmingham,E01009364
B74 4PR,E01009421,E05011174,Birmingham,E01009421
B24 9NL,E01009102,E05011162,Birmingham,E01009102
B31 2HS,E01009205,E05011158,Birmingham,E01009205
B20 3NE,E01009050,E05011125,Birmingham,E01009050
B8 1ES,E01009192,E05011120,Birmingham,E01009192
B6 6RB,E01008916,E05011121,Birmingham,E01008916
B3 1UP,E01033623,E05011168,Birmingham,E01033623
B26 2SR,,,,
B24 8PY,E01009401,E05011139,Birmingham,E01009401
B28 8SR,E01009043,E05011140,Birmingham,E01009043
B31 4LH,E01009166,E05011152,Birmingham,E01009166
B75 5RF,E01009416,E05011177,Birmingham,E01009416
B11 3RL,E01009026,E05011182,Birmingham,E01009026
B17 9EQ,E01009067,E05011144,Birmingham,E01009067
B14 4PX,E01008946,E05011146,Birmingham,E01008946
B20 2BA,E01009262,E05011143,Birmingham,E01009262
B29 5JS,E01009291,E05011184,Birmingham,E01009291
B29 5TG,E01009064,E05011184,Birmingham,E01009064
B24 8LR,E01009401,E05011139,Birmingham,E01009401
B28 8AF,E01009045,E05011140,Birmingham,E01009045
B13 0QH,E01008936,E05011124,Birmingham,E01008936
B27 7BE,E01009015,E05011118,Birmingham,E01009015
B30 3RB,E01008975,E05011133,Birmingham,E01008975
B28 9DR,E01009032,E05011140,Birmingham,E01009032
B26 1QS,E01009520,E05011166,Birmingham,E01009520
B9 5UJ,E01009475,E05011145,Birmingham,E01009475
B28 8HT,E01009045,E05011140,Birmingham,E01009045
B20 1EN,E01009276,E05011143,Birmingham,E01009276
B16 9NS,E01008990,E05011134,Birmingham,E01008990
B29 6GL,E01009284,E05011129,Birmingham,E01009284
B24 9DA,E01009012,E05011135,Birmingham,E01009012
B28 0RD,E01009042,E05011141,Birmingham,E01009042
B30 2BA,E01009280,E05011129,Birmingham,E01009280
B31 3QU,E01009212,E05011152,Birmingham,E01009212
B31 3TS,E01009210,E05011152,Birmingham,E01009210
B5 7FX,E01033640,E05011126,Birmingham,E01033640
B1 2RU,E01033622,E05011151,Birmingham,E01033622
B17 8LL,E01009147,E05011157,Birmingham,E01009147
B8 3AU,E01034931,E05011120,Birmingham,E01034931
B20 3HX,E01009053,E05011121,Birmingham,E01009053
B23 7XR,E01009123,E05011173,Birmingham,E01009123
B18 6JP,E01033559,E05011168,Birmingham,E01033559
B32 2NP,E01009074,E05011144,Birmingham,E01009074
B23 7NN,E01033646,E05011139,Birmingham,E01033646
B38 8EG,E01009111,E05011148,Birmingham,E01009111
B75 6DW,E01009446,E05011177,Birmingham,E01009446
B30 2TD,E01008964,E05011172,Birmingham,E01008964
B32 1RR,E01009253,E05011163,Birmingham,E01009253
B30 1TL,E01009281,E05011129,Birmingham,E01009281
B26 1JB,E01008888,E05011169,Birmingham,E01008888
B14 6PR,E01008974,E05011130,Birmingham,E01008974
B73 6XD,E01009464,E05011179,Birmingham,E01009464
B42 1TA,E01009242,E05011160,Birmingham,E01009242
B29 5UF,E01009500,E05011184,Birmingham,E01009500
B75 6RE,E01009426,E05011177,Birmingham,E01009426
B30 3QR,E01008975,E05011133,Birmingham,E01008975
B16 9ES,E01009140,E05011151,Birmingham,E01009140
B32 2NA,E01009073,E05011144,Birmingham,E01009073
B76 1QQ,E01009438,E05011180,Birmingham,E01009438
B74 4BH,E01009425,E05011175,Birmingham,E01009425
B10 0NP,E01009379,E05011127,Birmingham,E01009379
B32 2XF,E01009258,E05011144,Birmingham,E01009258
B27 6EG,E01008893,E05011118,Birmingham,E01008893
B75 6SF,E01009427,E05011174,Birmingham,E01009427
B74 4XZ,E01009433,E05011175,Birmingham,E01009433
B34 6TB,E01009309,E05011165,Birmingham,E01009309
B23 7RL,E01009411,E05011173,Birmingham,E01009411
B23 5PX,E01009002,E05011135,Birmingham,E01009002
B6 7BY,E01008915,E05011121,Birmingham,E01008915
B74 2NT,E01009424,E05011178,Birmingham,E01009424
B11 1JL,E01009365,E05011170,Birmingham,E01009365
B38 9DQ,E01009107,E05011149,Birmingham,E01009107
B15 2HF,E01008995,E05011134,Birmingham,E01008995
B5 7XP,E01008995,E05011122,Birmingham,E01008995
B29 5BG,E01009505,E05011184,Birmingham,E01009505
B30 1NR,E01008960,E05011129,Birmingham,E01008960
B32 2UP,E01009258,E05011163,Birmingham,E01009258
B8 1DF,E01009192,E05011120,Birmingham,E01009192
B1 1UQ,E01033616,E05011151,Birmingham,E01033616
B38 9NG,E01009109,E05011149,Birmingham,E01009109
B38 9QT,E01009107,E05011149,Birmingham,E01009107
B8 1PT,E01009483,E05011120,Birmingham,E01009483
B15 1UH,E01009146,E05011151,Birmingham,E01009146
B21 0US,E01009358,E05011168,Birmingham,E01009358
B23 7YP,E01009414,E05011173,Birmingham,E01009414
B24 9DG,E01009012,E05011135,Birmingham,E01009012
B31 4SR,E01009170,E05011152,Birmingham,E01009170
B45 0DS,E01009174,E05011136,Birmingham,E01009174
B44 9NU,E01009220,E05011159,Birmingham,E01009220
B26 3PP,E01009320,E05011166,Birmingham,E01009320
B45 9PU,E01009167,E05011164,Birmingham,E01009167
B11 1NR,E01009371,E05011170,Birmingham,E01009371
B72 1YT,E01009461,E05011181,Birmingham,E01009461
B38 9QX,E01009107,E05011149,Birmingham,E01009107
B31 3QT,E01009215,E05011152,Birmingham,E01009215
B73 5BA,E01009473,E05011179,Birmingham,E01009473
B31 5FL,E01034942,E05011136,Birmingham,E01034942
B75 5PU,E01009426,E05011177,Birmingham,E01009426
B20 1ND,E01032591,E05011143,Birmingham,E01032591
B1 2AP,E01033625,E05011151,Birmingham,E01033625
B33 0QT,E01009321,E05011166,Birmingham,E01009321
B11 4JT,E01009382,E05011171,Birmingham,E01009382
B42 1HF,E01009235,E05011160,Birmingham,E01009235
B14 7HX,E01009179,E05011130,Birmingham,E01009179
B45 9TU,E01009160,E05011164,Birmingham,E01009160
B29 7QB,E01009296,E05011128,Birmingham,E01009296
B29 4AS,E01009294,E05011184,Birmingham,E01009294
B45 0DF,E01034943,E05011136,Birmingham,E01034943
B23 7PN,E01009413,E05011173,Birmingham,E01009413
B23 6BQ,E01009000,E05011139,Birmingham,E01009000
B75 5DT,E01009423,E05011175,Birmingham,E01009423
B6 6LP,E01009054,E05011121,Birmingham,E01009054
B31 4PQ,E01009166,E05011152,Birmingham,E01009166
B14 4RU,E01008943,E05011146,Birmingham,E01008943
B45 0JN,E01009174,E05011136,Birmingham,E01009174
B30 2TA,E01008963,E05011172,Birmingham,E01008963
B31 5QL,E01009173,E05011119,Birmingham,E01009173
B28 0EH,E01009037,E05011141,Birmingham,E01009037
B28 9DH,E01009032,E05011140,Birmingham,E01009032
B23 6AR,E01009413,E05011173,Birmingham,E01009413
B23 6PN,E01009407,E05011173,Birmingham,E01009407
B1 1TH,E01033625,E05011151,Birmingham,E01033625
B42 1NG,E01009237,E05011160,Birmingham,E01009237
B44 0NA,E01009131,E05011150,Birmingham,E01009131
B14 4LW,E01008946,E05011146,Birmingham,E01008946
B27 7TS,E01009028,E05011118,Birmingham,E01009028
B11 3AL,E01009393,E05011171,Birmingham,E01009393
B13 9ED,E01033648,E05011154,Birmingham,E01033648
B19 3XE,E01034930,E05011156,Birmingham,E01034930
B13 9QG,E01009176,E05011154,Birmingham,E01009176
B34 7RS,E01009304,E05011165,Birmingham,E01009304
B2 5RS,E01033620,E05011151,Birmingham,E01033620
B20 2LR,E01009262,E05011143,Birmingham,E01009262
B13 0ST,E01008932,E05011124,Birmingham,E01008932
B13 8BQ,E01009384,E05011154,Birmingham,E01009384
B29 6QZ,E01009295,E05011184,Birmingham,E01009295
B13 9UH,E01009189,E05011154,Birmingham,E01009189
B34 7AS,E01009309,E05011165,Birmingham,E01009309
B45 9AU,E01009159,E05011136,Birmingham,E01009159
B23 5RU,E01009002,E05011135,Birmingham,E01009002
B28 0QE,E01009036,E05011141,Birmingham,E01009036
B24 8QR,E01008999,E05011139,Birmingham,E01008999
B20 3TB,E01009048,E05011125,Birmingham,E01009048
B42 1PR,E01009241,E05011160,Birmingham,E01009241
B30 2UU,E01008964,E05011172,Birmingham,E01008964
B38 9FD,E01009113,E05011149,Birmingham,E01009113
B27 7HY,E01009025,E05011118,Birmingham,E01009025
B11 1TZ,E01009372,E05011170,Birmingham,E01009372
B34 6HN,E01009305,E05011165,Birmingham,E01009305
B32 2TA,E01009256,E05011163,Birmingham,E01009256
B73 5SU,E01009456,E05011179,Birmingham,E01009456
B27 7NY,E01009023,E05011118,Birmingham,E01009023
B34 6SP,E01009304,E05011165,Birmingham,E01009304
B13 8ET,E01009184,E05011154,Birmingham,E01009184
B14 4LD,E01008945,E05011146,Birmingham,E01008945
B23 7PJ,E01009401,E05011139,Birmingham,E01009401
B14 7NG,E01008966,E05011130,Birmingham,E01008966
B24 9EJ,E01009007,E05011135,Birmingham,E01009007
B16 0RR,E01008986,E05011157,Birmingham,E01008986
B5 4TU,E01033567,E05011126,Birmingham,E01033567
B31 4LZ,E01009166,E05011152,Birmingham,E01009166
B29 6TA,E01009077,E05011184,Birmingham,E01009077
B29 5QN,E01009502,E05011184,Birmingham,E01009502
B17 8DU,E01009066,E05011144,Birmingham,E01009066
B31 4AX,E01009209,E05011152,Birmingham,E01009209
B31 4JN,E01009215,E05011152,Birmingham,E01009215
B26 1BY,E01008886,E05011169,Birmingham,E01008886
B73 6NX,E01009470,E05011179,Birmingham,E01009470
B44 0QT,E01009134,E05011150,Birmingham,E01009134
B14 7LR,E01009175,E05011130,Birmingham,E01009175
B76 1HH,E01009442,E05011180,Birmingham,E01009442
B29 7QT,E01009293,E05011128,Birmingham,E01009293
B24 9BP,E01009012,E05011135,Birmingham,E01009012
B13 9AX,E01009383,E05011154,Birmingham,E01009383
B24 0RX,E01009098,E05011162,Birmingham,E01009098
B33 0HD,E01009297,E05011138,Birmingham,E01009297
B44 0BU,E01009134,E05011150,Birmingham,E01009134
B14 5BE,E01008974,E05011133,Birmingham,E01008974
B72 1HA,E01009457,E05011181,Birmingham,E01009457
B20 1LT,E01032591,E05011143,Birmingham,E01032591
B24 9EX,E01034916,E05011135,Birmingham,E01034916
B74 2TE,E01009427,E05011174,Birmingham,E01009427
B75 7LD,E01009452,E05011176,Birmingham,E01009452
B20 3HU,E01009053,E05011121,Birmingham,E01009053
B76 1SQ,E01009438,E05011180,Birmingham,E01009438
B21 8AN,E01009273,E05011147,Birmingham,E01009273
B15 3RT,E01008992,E05011134,Birmingham,E01008992
B23 6LF,E01009405,E05011161,Birmingham,E01009405
B14 5UE,E01008948,E05011146,Birmingham,E01008948
B33 0LX,E01009302,E05011138,Birmingham,E01009302
B73 6SS,E01009464,E05011179,Birmingham,E01009464
B23 7DG,E01009408,E05011173,Birmingham,E01009408
B12 9TG,E01009374,E05011122,Birmingham,E01009374
B73 6DL,E01009449,E05011178,Birmingham,E01009449
B29 5TB,E01009064,E05011184,Birmingham,E01009064
B20 3NR,E01009050,E05011125,Birmingham,E01009050
B30 2YD,E01008952,E05011172,Birmingham,E01008952
B24 8LX,E01009400,E05011139,Birmingham,E01009400
B44 8NN,E01009248,E05011159,Birmingham,E01009248
B11 1UJ,E01009371,E05011170,Birmingham,E01009371
B38 8SJ,E01009116,E05011148,Birmingham,E01009116
B32 3PA,E01008917,E05011123,Birmingham,E01008917
B24 8JL,E01008998,E05011139,Birmingham,E01008998
B76 1QP,E01009436,E05011180,Birmingham,E01009436
B11 4NU,E01009396,E05011171,Birmingham,E01009396
B74 4EN,E01009418,E05011175,Birmingham,E01009418
B15 2HA,E01008995,E05011134,Birmingham,E01008995
B26 1LA,E01008888,E05011169,Birmingham,E01008888
B12 8UZ,E01009367,E05011170,Birmingham,E01009367
B45 0NF,E01009155,E05011136,Birmingham,E01009155
B26 3BH,E01009316,E05011166,Birmingham,E01009316
B32 3PS,E01008923,E05011123,Birmingham,E01008923
B24 8AA,E01009013,E05011139,Birmingham,E01009013
B31 1DQ,E01008929,E05011123,Birmingham,E01008929
B4 6ET,E01033617,E05011156,Birmingham,E01033617
B44 8UE,E01009228,E05011159,Birmingham,E01009228
B34 6RB,E01009307,E05011165,Birmingham,E01009307
B75 7TQ,E01009432,E05011178,Birmingham,E01009432
B27 6NJ,E01008892,E05011118,Birmingham,E01008892
B34 7SF,E01009297,E05011165,Birmingham,E01009297
B74 2NA,E01009424,E05011178,Birmingham,E01009424
B15 2JQ,E01008997,E05011134,Birmingham,E01008997
B75 7AW,E01009424,E05011178,Birmingham,E01009424
B13 9AU,E01033648,E05011154,Birmingham,E01033648
B74 4BP,E01009425,E05011175,Birmingham,E01009425
B34 6TW,E01009309,E05011165,Birmingham,E01009309
B9 4LB,E01009199,E05011126,Birmingham,E01009199
B13 9SY,E01009189,E05011154,Birmingham,E01009189
B7 4HP,E01009204,E05011155,Birmingham,E01009204
B36 8EU,E01009085,E05011131,Birmingham,E01009085
B32 1AS,E01009250,E05011163,Birmingham,E01009250
B14 5BU,E01008942,E05011146,Birmingham,E01008942
B10 9HU,E01033642,E05011167,Birmingham,E01033642
B28 8QL,E01009022,E05011118,Birmingham,E01009022
B31 3DG,E01009214,E05011152,Birmingham,E01009214
B14 6JL,E01008971,E05011130,Birmingham,E01008971
B73 6RS,E01009467,E05011179,Birmingham,E01009467
B45 9RN,E01009160,E05011164,Birmingham,E01009160
B76 2PE,E01009435,E05011180,Birmingham,E01009435
B5 7RS,E01008982,E05011134,Birmingham,E01008982
B19 1ED,E01008907,E05011153,Birmingham,E01008907
B76 2PQ,E01009435,E05011180,Birmingham,E01009435
B10 9TQ,E01033642,E05011167,Birmingham,E01033642
B45 9JZ,E01009164,E05011164,Birmingham,E01009164
B19 1JY,E01009062,E05011153,Birmingham,E01009062
B30 2JX,E01008952,E05011172,Birmingham,E01008952
B14 5YT,E01008979,E05011133,Birmingham,E01008979
B31 1ES,E01009495,E05011123,Birmingham,E01009495
B45 0DD,E01009157,E05011136,Birmingham,E01009157
B8 1HW,E01009192,E05011120,Birmingham,E01009192
B7 5DA,E01009201,E05011155,Birmingham,E01009201
B11 1UR,E01009371,E05011170,Birmingham,E01009371
B26 2TT,E01009322,E05011137,Birmingham,E01009322
B29 5DT,E01009505,E05011184,Birmingham,E01009505
B13 9QS,E01009185,E05011154,Birmingham,E01009185
B31 3UH,E01009205,E05011148,Birmingham,E01009205
B26 2LE,E01009519,E05011185,Birmingham,E01009519
B19 1SL,E01034923,E05011153,Birmingham,E01034923
B35 6NL,E01009106,E05011132,Birmingham,E01009106
B15 2BJ,E01008994,E05011134,Birmingham,E01008994
B12 0XZ,E01009362,E05011126,Birmingham,E01009362
B33 8TA,E01009513,E05011186,Birmingham,E01009513
B24 0JQ,E01009011,E05011162,Birmingham,E01009011
B23 7PQ,E01009413,E05011139,Birmingham,E01009413
B73 6HB,E01009449,E05011178,Birmingham,E01009449
B21 8ET,E01009269,E05011143,Birmingham,E01009269
B76 1HJ,E01009442,E05011180,Birmingham,E01009442
B15 2HQ,E01008995,E05011134,Birmingham,E01008995
B10 9AE,E01009328,E05011167,Birmingham,E01009328
B23 7ET,E01009410,E05011173,Birmingham,E01009410
B74 4AP,E01009422,E05011174,Birmingham,E01009422
B18 7RT,E01009348,E05011168,Birmingham,E01009348
B27 7UZ,E01009018,E05011118,Birmingham,E01009018
B32 4AW,E01008927,E05011123,Birmingham,E01008927
B13 8EP,E01009384,E05011154,Birmingham,E01009384
B73 5BL,E01009458,E05011179,Birmingham,E01009458
B76 2SU,E01009450,E05011180,Birmingham,E01009450
B26 2DA,E01009516,E05011185,Birmingham,E01009516
B26 2SB,E01009517,E05011137,Birmingham,E01009517
B14 4FD,E01008939,E05011124,Birmingham,E01008939
B32 4JB,E01008928,E05011123,Birmingham,E01008928
B32 2NE,E01009073,E05011144,Birmingham,E01009073
B32 2PP,E01009258,E05011163,Birmingham,E01009258
B12 9DW,E01009366,E05011122,Birmingham,E01009366
B8 1RX,E01009489,E05011120,Birmingham,E01009489
B76 1GG,E01009440,E05011180,Birmingham,E01009440
B20 2HX,E01009264,E05011143,Birmingham,E01009264
B26 3YD,E01009321,E05011166,Birmingham,E01009321
B23 5RB,E01009002,E05011135,Birmingham,E01009002
B38 8QA,E01009113,E05011149,Birmingham,E01009113
B76 2TX,E01009455,E05011180,Birmingham,E01009455
B28 8DP,E01009030,E05011140,Birmingham,E01009030
B27 7BW,E01009021,E05011118,Birmingham,E01009021
B8 2XR,E01009485,E05011183,Birmingham,E01009485
B30 1DS,E01008956,E05011129,Birmingham,E01008956
B21 9EB,E01009352,E05011142,Birmingham,E01009352
B19 1QH,E01033638,E05011153,Birmingham,E01033638
B31 1SB,E01009499,E05011119,Birmingham,E01009499
B11 4DX,E01009391,E05011171,Birmingham,E01009391
B73 5TJ,E01009474,E05011179,Birmingham,E01009474
B44 0NX,E01009132,E05011150,Birmingham,E01009132
B14 4LY,E01008942,E05011146,Birmingham,E01008942
B18 6FD,E01033559,E05011156,Birmingham,E01033559
B20 1LG,E01032591,E05011143,Birmingham,E01032591
B76 1JP,E01009439,E05011180,Birmingham,E01009439
B5 7FY,E01033640,E05011126,Birmingham,E01033640
B38 8BU,E01009116,E05011148,Birmingham,E01009116
B21 8BX,E01009271,E05011147,Birmingham,E01009271
B14 4NZ,E01008946,E05011146,Birmingham,E01008946
B35 6BJ,E01009096,E05011132,Birmingham,E01009096
B29 4NT,E01009493,E05011184,Birmingham,E01009493
B74 4HP,E01009419,E05011174,Birmingham,E01009419
B25 8NB,E01008887,E05011169,Birmingham,E01008887
B23 7EY,E01009410,E05011173,Birmingham,E01009410
B31 1LS,E01009497,E05011119,Birmingham,E01009497
B35 6AX,E01009096,E05011132,Birmingham,E01009096
B13 8NU,E01009183,E05011154,Birmingham,E01009183
B13 9QZ,E01009185,E05011154,Birmingham,E01009185
B19 2XG,E01008913,E05011156,Birmingham,E01008913
B17 0HG,E01009069,E05011144,Birmingham,E01009069
B16 0PU,E01009145,E05011157,Birmingham,E01009145
B34 7QB,E01009306,E05011165,Birmingham,E01009306
B42 2HT,E01009243,E05011160,Birmingham,E01009243
B1 2PR,E01033627,E05011151,Birmingham,E01033627
B7 5BQ,E01034928,E05011155,Birmingham,E01034928
B23 7SX,E01009124,E05011173,Birmingham,E01009124
B25 8FH,E01008887,E05011169,Birmingham,E01008887
B11 1XA,E01009371,E05011170,Birmingham,E01009371
B24 0PG,E01009105,E05011162,Birmingham,E01009105
B14 6AH,E01008981,E05011130,Birmingham,E01008981
B35 7PD,E01009106,E05011132,Birmingham,E01009106
B45 0PB,E01034942,E05011136,Birmingham,E01034942
B31 4DN,E01009209,E05011152,Birmingham,E01009209
B36 8QB,E01009079,E05011131,Birmingham,E01009079
B42 2RS,E01009248,E05011159,Birmingham,E01009248
B11 3AN,E01009393,E05011171,Birmingham,E01009393
B33 0JE,E01009303,E05011138,Birmingham,E01009303
B74 4YD,E01009433,E05011175,Birmingham,E01009433
B32 4LN,E01008925,E05011123,Birmingham,E01008925
B25 8US,E01009521,E05011185,Birmingham,E01009521
B31 5SN,E01008930,E05011123,Birmingham,E01008930
B13 8AJ,E01009182,E05011154,Birmingham,E01009182
B30 2AU,E01009280,E05011129,Birmingham,E01009280
B17 0DT,E01009068,E05011144,Birmingham,E01009068
B25 8QS,E01008898,E05011186,Birmingham,E01008898
B9 5PG,E01009197,E05011145,Birmingham,E01009197
B44 0RZ,E01009129,E05011150,Birmingham,E01009129
B32 3SG,E01008931,E05011123,Birmingham,E01008931
B17 0ST,E01009072,E05011144,Birmingham,E01009072
B30 2AY,E01009280,E05011129,Birmingham,E01009280
B26 2UL,E01009316,E05011166,Birmingham,E01009316
B13 9HG,E01009390,E05011154,Birmingham,E01009390
B6 6RA,E01008916,E05011121,Birmingham,E01008916
B26 3AS,E01009316,E05011166,Birmingham,E01009316
B20 3RG,E01009050,E05011125,Birmingham,E01009050
B34 7DR,E01009304,E05011165,Birmingham,E01009304
B13 9LQ,E01009176,E05011154,Birmingham,E01009176
B19 2RH,E01034925,E05011156,Birmingham,E01034925
B42 2DE,E01009236,E05011160,Birmingham,E01009236
B9 5HJ,E01009333,E05011127,Birmingham,E01009333
B27 7PA,E01009023,E05011118,Birmingham,E01009023
B6 5UL,E01008901,E05011155,Birmingham,E01008901
B7 4JX,E01009204,E05011155,Birmingham,E01009204
B74 4LJ,E01009418,E05011174,Birmingham,E01009418
B6 5JT,E01008901,E05011155,Birmingham,E01008901
B29 6PS,E01009291,E05011184,Birmingham,E01009291
B19 3BY,E01008911,E05011156,Birmingham,E01008911
B31 3UL,E01009205,E05011148,Birmingham,E01009205
B21 0EN,E01009351,E05011147,Birmingham,E01009351
B73 5UZ,E01009474,E05011179,Birmingham,E01009474
B14 4NF,E01008947,E05011146,Birmingham,E01008947
B3 1BJ,E01033622,E05011168,Birmingham,E01033622
B11 1QG,E01009373,E05011170,Birmingham,E01009373
B14 4PP,E01008949,E05011146,Birmingham,E01008949
B9 5AN,E01009344,E05011127,Birmingham,E01009344
B31 3NW,E01009217,E05011152,Birmingham,E01009217
B7 4QG,E01034927,E05011155,Birmingham,E01034927
B23 5HH,E01009406,E05011161,Birmingham,E01009406
B8 3JU,E01009485,E05011120,Birmingham,E01009485
B32 1RN,E01009253,E05011163,Birmingham,E01009253
B10 9LS,E01009326,E05011167,Birmingham,E01009326
B31 2QA,E01009206,E05011158,Birmingham,E01009206
B73 6HA,E01009449,E05011178,Birmingham,E01009449
B42 2GZ,E01009239,E05011160,Birmingham,E01009239
B23 7AT,E01009123,E05011161,Birmingham,E01009123
B33 9PG,E01009311,E05011138,Birmingham,E01009311
B13 9PY,E01009185,E05011154,Birmingham,E01009185
B32 2UD,E01009251,E05011163,Birmingham,E01009251
B12 0XF,E01009364,E05011126,Birmingham,E01009364
B15 2US,E01008997,E05011134,Birmingham,E01008997
B26 2EB,E01009517,E05011137,Birmingham,E01009517
B13 9PQ,E01009176,E05011154,Birmingham,E01009176
B20 1LX,E01032591,E05011143,Birmingham,E01032591
B9 5UU,E01009475,E05011145,Birmingham,E01009475
B31 4HG,E01009213,E05011152,Birmingham,E01009213
B8 3HT,E01009491,E05011120,Birmingham,E01009491
B13 0NH,E01008937,E05011124,Birmingham,E01008937
B14 5UR,E01008980,E05011133,Birmingham,E01008980
B23 5EU,E01009403,E05011161,Birmingham,E01009403
B73 5EX,E01009462,E05011179,Birmingham,E01009462
B31 4TG,E01009170,E05011152,Birmingham,E01009170
B16 9BB,E01008988,E05011157,Birmingham,E01008988
B17 9HN,E01009067,E05011144,Birmingham,E01009067
B45 8QG,E01009169,E05011164,Birmingham,E01009169
B12 8BS,E01033648,E05011170,Birmingham,E01033648
B30 1NA,E01008950,E05011129,Birmingham,E01008950
B33 8ST,E01009513,E05011186,Birmingham,E01009513
B28 9QD,E01009035,E05011140,Birmingham,E01009035
B76 2UJ,E01009452,E05011176,Birmingham,E01009452
B33 0NH,E01009303,E05011138,Birmingham,E01009303
B29 4BY,E01009504,E05011184,Birmingham,E01009504
B44 8RB,E01009227,E05011159,Birmingham,E01009227
B5 4RW,E01033615,E05011126,Birmingham,E01033615
B9 5NU,E01033649,E05011145,Birmingham,E01033649
B31 2DH,E01034944,E05011152,Birmingham,E01034944
B15 2LZ,E01034936,E05011134,Birmingham,E01034936
B38 8AT,E01009117,E05011148,Birmingham,E01009117
B19 2XA,E01033638,E05011156,Birmingham,E01033638
B75 6NZ,E01009416,E05011177,Birmingham,E01009416
B14 7HY,E01009179,E05011130,Birmingham,E01009179
B23 5NU,E01009404,E05011161,Birmingham,E01009404
B74 2SW,E01009427,E05011174,Birmingham,E01009427
B45 9NL,E01009167,E05011164,Birmingham,E01009167
B17 0JZ,E01009075,E05011144,Birmingham,E01009075
B26 2DJ,E01009517,E05011137,Birmingham,E01009517
B21 9HT,E01009350,E05011142,Birmingham,E01009350
B14 6EH,E01008967,E05011130,Birmingham,E01008967
B10 9AY,E01033642,E05011167,Birmingham,E01033642
B28 8SS,E01009043,E05011140,Birmingham,E01009043
B5 6HA,E01034947,E05011126,Birmingham,E01034947
B10 9DR,E01009335,E05011167,Birmingham,E01009335
B44 9SN,E01009226,E05011159,Birmingham,E01009226
B17 9QL,E01009068,E05011144,Birmingham,E01009068
B11 3FE,E01009026,E05011170,Birmingham,E01009026
B31 4EH,E01009215,E05011152,Birmingham,E01009215
B12 9LQ,E01009366,E05011122,Birmingham,E01009366
B14 5PQ,E01008980,E05011133,Birmingham,E01008980
B74 4ES,E01009418,E05011175,Birmingham,E01009418
B15 2GB,E01008995,E05011134,Birmingham,E01008995
B14 6NH,E01008972,E05011130,Birmingham,E01008972
B23 6ET,E01009409,E05011173,Birmingham,E01009409
B20 2BW,E01009355,E05011142,Birmingham,E01009355
B14 5QL,E01008979,E05011133,Birmingham,E01008979
B44 8DD,E01009231,E05011150,Birmingham,E01009231
B12 9NN,E01034938,E05011122,Birmingham,E01034938
B23 5LP,E01009403,E05011161,Birmingham,E01009403
B20 1AQ,E01009264,E05011143,Birmingham,E01009264
B32 4BX,E01008923,E05011123,Birmingham,E01008923
B4 6FN,E01033617,E05011151,Birmingham,E01033617
B14 6QB,E01008972,E05011130,Birmingham,E01008972
B42 1NZ,E01009237,E05011160,Birmingham,E01009237
B27 7HR,E01009025,E05011118,Birmingham,E01009025
B6 5NN,E01008901,E05011121,Birmingham,E01008901
B27 6ND,E01008892,E05011118,Birmingham,E01008892
B28 8DX,E01009043,E05011140,Birmingham,E01009043
B10 0JD,E01009337,E05011167,Birmingham,E01009337
B36 8UU,E01009082,E05011131,Birmingham,E01009082
B72 1NP,E01009453,E05011178,Birmingham,E01009453
B44 0SH,E01009129,E05011150,Birmingham,E01009129
B14 5LN,E01008976,E05011133,Birmingham,E01008976
B11 4HB,E01009392,E05011171,Birmingham,E01009392
B30 3LG,E01008977,E05011148,Birmingham,E01008977
B24 0BD,E01009003,E05011135,Birmingham,E01009003
B8 1SX,E01009489,E05011120,Birmingham,E01009489
B5 6QS,E01033640,E05011126,Birmingham,E01033640
B33 0ND,E01009297,E05011138,Birmingham,E01009297
B74 2UX,E01009427,E05011174,Birmingham,E01009427
B11 4NX,E01009383,E05011171,Birmingham,E01009383
B45 0DT,E01009174,E05011136,Birmingham,E01009174
B29 4PA,E01009493,E05011184,Birmingham,E01009493
B26 1BU,E01008886,E05011169,Birmingham,E01008886
B18 5NA,E01009358,E05011168,Birmingham,E01009358
B31 3TP,E01009210,E05011152,Birmingham,E01009210
B31 1RF,E01009499,E05011119,Birmingham,E01009499
B75 7HE,E01009445,E05011177,Birmingham,E01009445
B27 7UT,E01009018,E05011182,Birmingham,E01009018
B45 0HL,E01009161,E05011136,Birmingham,E01009161
B31 1RD,E01009499,E05011119,Birmingham,E01009499
B14 6UB,E01008970,E05011130,Birmingham,E01008970
B75 5LB,E01009420,E05011177,Birmingham,E01009420
B23 5JQ,E01034914,E05011161,Birmingham,E01034914
B13 8BL,E01009384,E05011154,Birmingham,E01009384
B10 0JU,E01009380,E05011127,Birmingham,E01009380
B32 1LX,E01009257,E05011163,Birmingham,E01009257
B16 0HR,E01009152,E05011157,Birmingham,E01009152
B33 0XB,E01009517,E05011137,Birmingham,E01009517
B73 5EL,E01009474,E05011179,Birmingham,E01009474
B75 7NF,E01009448,E05011176,Birmingham,E01009448
B12 0AB,E01009365,E05011126,Birmingham,E01009365
B28 9RE,E01009033,E05011140,Birmingham,E01009033
B44 0SW,E01009127,E05011150,Birmingham,E01009127
B30 1QE,E01008954,E05011129,Birmingham,E01008954
B38 9FL,E01009120,E05011149,Birmingham,E01009120
B1 1UF,E01033616,E05011151,Birmingham,E01033616
B20 3UE,E01009048,E05011125,Birmingham,E01009048
B74 4SB,E01009422,E05011175,Birmingham,E01009422
B12 8QU,E01009377,E05011170,Birmingham,E01009377
B18 4BL,E01009345,E05011168,Birmingham,E01009345
B17 0SL,E01009071,E05011144,Birmingham,E01009071
B20 3LY,E01034917,E05011125,Birmingham,E01034917
B44 0NF,E01009131,E05011150,Birmingham,E01009131
B13 8BW,E01009384,E05011154,Birmingham,E01009384
B10 9QZ,E01009332,E05011127,Birmingham,E01009332
B14 5LE,E01008976,E05011133,Birmingham,E01008976
B16 8BB,E01033564,E05011151,Birmingham,E01033564
B17 8AN,E01009260,E05011163,Birmingham,E01009260
B24 8PD,E01008999,E05011139,Birmingham,E01008999
B24 0RR,E01009100,E05011162,Birmingham,E01009100
B13 0EZ,E01008934,E05011124,Birmingham,E01008934
B10 9JD,E01033642,E05011167,Birmingham,E01033642
B38 9TT,E01009113,E05011149,Birmingham,E01009113
B24 9AA,E01009013,E05011135,Birmingham,E01009013
B73 6DX,E01009449,E05011178,Birmingham,E01009449
B9 5LQ,E01034935,E05011126,Birmingham,E01034935
B10 9ES,E01009329,E05011167,Birmingham,E01009329
B15 2LW,E01008994,E05011134,Birmingham,E01008994
B45 8SY,E01009171,E05011164,Birmingham,E01009171
B20 2JG,E01009265,E05011143,Birmingham,E01009265
B42 2PX,E01009244,E05011159,Birmingham,E01009244
B33 8HD,E01009508,E05011137,Birmingham,E01009508
B28 9JW,E01009035,E05011140,Birmingham,E01009035
B11 4EN,E01009394,E05011171,Birmingham,E01009394
B73 6PP,E01009470,E05011179,Birmingham,E01009470
B8 3EE,E01009195,E05011120,Birmingham,E01009195
B24 0RU,E01009098,E05011162,Birmingham,E01009098
B23 6HG,E01009409,E05011173,Birmingham,E01009409
B30 2TT,E01008963,E05011172,Birmingham,E01008963
B33 9QG,E01009298,E05011138,Birmingham,E01009298
B73 6NS,E01009470,E05011179,Birmingham,E01009470
B8 3JN,E01009489,E05011120,Birmingham,E01009489
B15 1EH,E01009146,E05011151,Birmingham,E01009146
B75 7QW,E01009452,E05011176,Birmingham,E01009452
B14 5SE,E01008978,E05011133,Birmingham,E01008978
B21 8AG,E01009274,E05011147,Birmingham,E01009274
B31 4LP,E01034944,E05011152,Birmingham,E01034944
B17 8RU,E01009260,E05011163,Birmingham,E01009260
B29 4PG,E01009493,E05011184,Birmingham,E01009493
B16 9TA,E01009145,E05011157,Birmingham,E01009145
B19 2AP,E01008906,E05011153,Birmingham,E01008906
B11 3FP,E01009014,E05011140,Birmingham,E01009014
B76 2UY,E01009455,E05011180,Birmingham,E01009455
B30 2BZ,E01008955,E05011129,Birmingham,E01008955
B74 4BS,E01009422,E05011174,Birmingham,E01009422
B30 3NQ,E01008977,E05011133,Birmingham,E01008977
B30 1UZ,E01009281,E05011129,Birmingham,E01009281
B24 9EY,E01034916,E05011135,Birmingham,E01034916
B11 3PS,E01009028,E05011182,Birmingham,E01009028
B31 2HF,E01008962,E05011129,Birmingham,E01008962
B26 3HG,E01009315,E05011166,Birmingham,E01009315
B62 0QD,E01008921,E05011123,Birmingham,E01008921
B21 9RE,E01009266,E05011143,Birmingham,E01009266
B31 2AX,E01008958,E05011158,Birmingham,E01008958
B18 4HF,E01009151,E05011157,Birmingham,E01009151
B21 0QG,E01009354,E05011168,Birmingham,E01009354
B31 2DL,E01009218,E05011158,Birmingham,E01009218
B74 4DL,E01009418,E05011175,Birmingham,E01009418
B14 6JT,E01008973,E05011133,Birmingham,E01008973
B44 0JL,E01009130,E05011150,Birmingham,E01009130
B15 1QS,E01008994,E05011134,Birmingham,E01008994
B24 9ED,E01009008,E05011135,Birmingham,E01009008
B73 6LL,E01009468,E05011179,Birmingham,E01009468
B24 9JN,E01034916,E05011135,Birmingham,E01034916
B20 1EA,E01009279,E05011143,Birmingham,E01009279
B26 1BW,E01008886,E05011169,Birmingham,E01008886
B76 1HA,E01009442,E05011180,Birmingham,E01009442
B27 6SD,E01008891,E05011169,Birmingham,E01008891
B34 7SN,E01009308,E05011165,Birmingham,E01009308
B15 1FF,E01009146,E05011151,Birmingham,E01009146
B42 1EY,E01009235,E05011160,Birmingham,E01009235
B6 6PG,E01009058,E05011121,Birmingham,E01009058
B45 8TE,E01034945,E05011164,Birmingham,E01034945
B73 5PR,E01009468,E05011179,Birmingham,E01009468
B42 1HR,E01009245,E05011160,Birmingham,E01009245
B31 2LS,E01009219,E05011158,Birmingham,E01009219
B17 0PN,E01033562,E05011144,Birmingham,E01033562
B31 3QX,E01009216,E05011152,Birmingham,E01009216
B44 9BY,E01009226,E05011159,Birmingham,E01009226
B7 5BJ,E01034928,E05011155,Birmingham,E01034928
B27 7LS,E01009022,E05011118,Birmingham,E01009022
B5 7XF,E01008984,E05011134,Birmingham,E01008984
B9 5TP,E01009475,E05011145,Birmingham,E01009475
B42 1DW,E01009278,E05011143,Birmingham,E01009278
B44 8SD,E01009230,E05011159,Birmingham,E01009230
B9 5AL,E01009332,E05011127,Birmingham,E01009332
B23 5EY,E01009403,E05011161,Birmingham,E01009403
B17 0AD,E01009072,E05011144,Birmingham,E01009072
B18 5QT,E01009348,E05011168,Birmingham,E01009348
B44 9DP,E01009221,E05011159,Birmingham,E01009221
B5 7FN,E01009362,E05011126,Birmingham,E01009362
B14 4AN,E01008969,E05011124,Birmingham,E01008969
B14 4NJ,E01008946,E05011146,Birmingham,E01008946
B27 7DN,,,,
B28 0YD,E01032589,E05011141,Birmingham,E01032589
B24 8LH,E01009400,E05011139,Birmingham,E01009400
B42 2GG,E01009239,E05011160,Birmingham,E01009239
B73 5BS,E01009460,E05011179,Birmingham,E01009460
B44 9JG,E01009222,E05011159,Birmingham,E01009222
B27 7LT,E01009024,E05011118,Birmingham,E01009024
B20 1DT,E01009276,E05011143,Birmingham,E01009276
B13 0TH,E01008932,E05011124,Birmingham,E01008932
B36 8UB,E01009079,E05011131,Birmingham,E01009079
B14 4DX,E01008941,E05011124,Birmingham,E01008941
B24 9AB,E01009013,E05011135,Birmingham,E01009013
B28 0NN,E01009039,E05011141,Birmingham,E01009039
B23 6EQ,E01009407,E05011173,Birmingham,E01009407
B72 1XG,E01009461,E05011181,Birmingham,E01009461
B27 7LJ,E01009024,E05011118,Birmingham,E01009024
B17 9TX,E01009070,E05011144,Birmingham,E01009070
B18 6DY,E01033623,E05011168,Birmingham,E01033623
B20 2DU,E01009049,E05011143,Birmingham,E01009049
B25 8ND,E01008887,E05011169,Birmingham,E01008887
B75 5HU,E01009415,E05011175,Birmingham,E01009415
B3 1EE,E01033620,E05011168,Birmingham,E01033620
B23 5JS,E01009001,E05011135,Birmingham,E01009001
B31 3RB,E01009212,E05011152,Birmingham,E01009212
B17 0JL,E01033562,E05011144,Birmingham,E01033562
B10 0TU,E01009337,E05011167,Birmingham,E01009337
B9 5QE,E01009342,E05011145,Birmingham,E01009342
B33 9DY,E01009094,E05011138,Birmingham,E01009094
B44 9UA,E01009226,E05011159,Birmingham,E01009226
B20 3JL,E01034917,E05011125,Birmingham,E01034917
B29 6QH,E01009292,E05011184,Birmingham,E01009292
B5 7EN,E01034947,E05011126,Birmingham,E01034947
B32 3NG,E01033629,E05011123,Birmingham,E01033629
B31 2LN,E01009219,E05011158,Birmingham,E01009219
B6 7DJ,E01008915,E05011121,Birmingham,E01008915
B19 2RL,E01008909,E05011156,Birmingham,E01008909
B45 8DL,E01034945,E05011164,Birmingham,E01034945
B14 7HT,E01009179,E05011130,Birmingham,E01009179
B26 3BB,E01009316,E05011166,Birmingham,E01009316
B38 8EE,E01009111,E05011148,Birmingham,E01009111
B33 8DS,E01009510,E05011185,Birmingham,E01009510
B35 6DE,E01009096,E05011132,Birmingham,E01009096
B23 5PS,E01009002,E05011135,Birmingham,E01009002
B31 2ED,E01009218,E05011129,Birmingham,E01009218
B11 3QZ,E01009026,E05011182,Birmingham,E01009026
B12 8RU,E01009399,E05011170,Birmingham,E01009399
B36 8QS,E01009079,E05011131,Birmingham,E01009079
B76 2QD,E01009437,E05011180,Birmingham,E01009437
B26 3ST,E01009317,E05011166,Birmingham,E01009317
B23 6HR,E01009408,E05011173,Birmingham,E01009408
B34 7HX,E01009304,E05011165,Birmingham,E01009304
B23 5QN,E01009460,E05011179,Birmingham,E01009460
B16 0JQ,E01009151,E05011157,Birmingham,E01009151
B20 3AA,E01034918,E05011121,Birmingham,E01034918
B17 9EE,E01009067,E05011144,Birmingham,E01009067
B15 1UF,E01009146,E05011151,Birmingham,E01009146
B26 2AT,E01009518,E05011185,Birmingham,E01009518
B34 6RY,E01009309,E05011165,Birmingham,E01009309
B21 0TE,E01009359,E05011168,Birmingham,E01009359
B42 1NF,E01009237,E05011160,Birmingham,E01009237
B23 5LN,E01009403,E05011161,Birmingham,E01009403
B28 8AT,E01009045,E05011140,Birmingham,E01009045
B11 1XE,E01009367,E05011170,Birmingham,E01009367
B44 8UH,E01009227,E05011159,Birmingham,E01009227
B35 7NR,E01009097,E05011132,Birmingham,E01009097
B31 4QQ,E01009170,E05011152,Birmingham,E01009170
B34 6PP,E01009307,E05011165,Birmingham,E01009307
B38 8HG,E01009112,E05011148,Birmingham,E01009112
B43 6DT,E01009243,E05011160,Birmingham,E01009243
B35 6QR,E01009099,E05011132,Birmingham,E01009099
B13 9AY,E01009383,E05011154,Birmingham,E01009383
B14 4TB,E01008949,E05011146,Birmingham,E01008949
B15 1QP,E01008994,E05011134,Birmingham,E01008994
B28 0SR,E01008944,E05011124,Birmingham,E01008944
B14 5BS,E01008942,E05011146,Birmingham,E01008942
B31 5JQ,E01034942,E05011136,Birmingham,E01034942
B23 6JN,E01009408,E05011173,Birmingham,E01009408
B11 1RD,E01009365,E05011170,Birmingham,E01009365
B42 2BX,E01009246,E05011160,Birmingham,E01009246
B31 5BG,E01009207,E05011158,Birmingham,E01009207
B8 2DY,E01009481,E05011183,Birmingham,E01009481
B45 0LL,E01009155,E05011136,Birmingham,E01009155
B12 0HJ,E01034946,E05011126,Birmingham,E01034946
B12 0TT,E01009364,E05011126,Birmingham,E01009364
B26 3GA,E01009317,E05011166,Birmingham,E01009317
B33 8AY,E01009507,E05011186,Birmingham,E01009507
B75 7AN,E01009424,E05011178,Birmingham,E01009424
B14 4QW,E01008945,E05011146,Birmingham,E01008945
B27 7DX,E01009015,E05011118,Birmingham,E01009015
B23 7LJ,E01009412,E05011173,Birmingham,E01009412
B12 0YJ,E01009362,E05011126,Birmingham,E01009362
B26 1JP,E01008888,E05011169,Birmingham,E01008888
B75 7RQ,E01009447,E05011176,Birmingham,E01009447
B42 2LL,E01009239,E05011160,Birmingham,E01009239
B31 5QR,E01009173,E05011119,Birmingham,E01009173
B30 1QR,E01008950,E05011129,Birmingham,E01008950
B44 8SA,E01009227,E05011159,Birmingham,E01009227
B11 4NL,E01009382,E05011171,Birmingham,E01009382
B73 5BF,E01009472,E05011179,Birmingham,E01009472
B18 4QD,E01009361,E05011168,Birmingham,E01009361
B10 9AQ,E01009328,E05011167,Birmingham,E01009328
B25 8QJ,E01008898,E05011186,Birmingham,E01008898
B29 5RR,E01009500,E05011184,Birmingham,E01009500
B17 8DH,E01009066,E05011144,Birmingham,E01009066
B32 1NU,E01009249,E05011163,Birmingham,E01009249
B28 0DA,E01009037,E05011141,Birmingham,E01009037
B24 0LR,E01009098,E05011162,Birmingham,E01009098
B27 7UH,E01009018,E05011118,Birmingham,E01009018
B11 3JA,E01009014,E05011140,Birmingham,E01009014
B24 8QP,E01008999,E05011139,Birmingham,E01008999
B23 6UE,E01009007,E05011135,Birmingham,E01009007
B76 2TD,E01009434,E05011180,Birmingham,E01009434
B12 9JU,E01009374,E05011122,Birmingham,E01009374
B38 8SB,E01009119,E05011148,Birmingham,E01009119
B44 0JB,E01009137,E05011150,Birmingham,E01009137
B16 0ET,E01009140,E05011157,Birmingham,E01009140
B9 5QY,E01009343,E05011127,Birmingham,E01009343
B74 4AH,E01009425,E05011174,Birmingham,E01009425
B73 6LT,E01009468,E05011179,Birmingham,E01009468
B9 5UG,E01009477,E05011145,Birmingham,E01009477
B72 1AY,E01009463,E05011181,Birmingham,E01009463
B14 5NL,E01008978,E05011133,Birmingham,E01008978
B10 0BP,E01009363,E05011127,Birmingham,E01009363
B15 3LS,E01008990,E05011134,Birmingham,E01008990
B6 6NE,E01009060,E05011121,Birmingham,E01009060
B10 0TL,E01009380,E05011127,Birmingham,E01009380
B13 0TX,E01008932,E05011124,Birmingham,E01008932
B26 3YF,E01009314,E05011166,Birmingham,E01009314
B16 0NQ,E01009140,E05011157,Birmingham,E01009140
B45 9LD,E01009160,E05011164,Birmingham,E01009160
B12 9PS,E01034939,E05011122,Birmingham,E01034939
B6 5HZ,E01034926,E05011121,Birmingham,E01034926
B7 4PW,E01034927,E05011155,Birmingham,E01034927
B28 0SJ,E01008944,E05011124,Birmingham,E01008944
B11 1RH,E01009364,E05011170,Birmingham,E01009364
B16 8WH,E01034948,E05011151,Birmingham,E01034948
B74 2RY,E01009427,E05011174,Birmingham,E01009427
B6 6DT,E01034920,E05011121,Birmingham,E01034920
B33 9HD,E01009095,E05011138,Birmingham,E01009095
B24 0QE,E01009105,E05011162,Birmingham,E01009105
B17 9QG,E01009068,E05011144,Birmingham,E01009068
B36 8QR,E01009079,E05011131,Birmingham,E01009079
B25 8NJ,E01008882,E05011182,Birmingham,E01008882
B30 1SE,E01008954,E05011129,Birmingham,E01008954
B29 5JP,E01009291,E05011184,Birmingham,E01009291
B11 1HB,E01009363,E05011170,Birmingham,E01009363
B13 9JE,E01009394,E05011171,Birmingham,E01009394
B75 7DS,E01009432,E05011176,Birmingham,E01009432
B32 3QN,E01008917,E05011123,Birmingham,E01008917
B45 9BL,E01009159,E05011164,Birmingham,E01009159
B20 1BF,E01009267,E05011143,Birmingham,E01009267
B29 7DD,E01009286,E05011128,Birmingham,E01009286
B23 7EX,E01009410,E05011173,Birmingham,E01009410
B8 3ET,E01009488,E05011120,Birmingham,E01009488
B18 7JB,E01009348,E05011168,Birmingham,E01009348
B30 3NZ,E01008974,E05011133,Birmingham,E01008974
B73 5ES,E01009459,E05011179,Birmingham,E01009459
B21 8NR,E01009274,E05011143,Birmingham,E01009274
B34 7LJ,E01009308,E05011165,Birmingham,E01009308
B14 5TA,E01008978,E05011133,Birmingham,E01008978
B14 6HN,E01008970,E05011130,Birmingham,E01008970
B44 8JR,E01009231,E05011150,Birmingham,E01009231
B14 4NR,E01008946,E05011146,Birmingham,E01008946
B76 1YE,E01009443,E05011180,Birmingham,E01009443
B33 8AW,E01009507,E05011186,Birmingham,E01009507
B21 9NY,E01009270,E05011142,Birmingham,E01009270
B25 8DP,E01008884,E05011182,Birmingham,E01008884
B32 3PJ,E01008917,E05011123,Birmingham,E01008917
B29 7NF,E01009283,E05011128,Birmingham,E01009283
B29 6HR,E01009295,E05011129,Birmingham,E01009295
B8 3EA,E01009195,E05011120,Birmingham,E01009195
B33 8HL,E01009514,E05011137,Birmingham,E01009514
B20 2PD,E01009263,E05011143,Birmingham,E01009263
B13 0TU,E01008932,E05011124,Birmingham,E01008932
B30 2AS,E01009280,E05011129,Birmingham,E01009280
B24 9JW,E01034916,E05011135,Birmingham,E01034916
B16 9BJ,E01008987,E05011157,Birmingham,E01008987
B62 0EP,E01008921,E05011123,Birmingham,E01008921
B23 7NR,E01009401,E05011139,Birmingham,E01009401
B38 8JF,E01009112,E05011152,Birmingham,E01009112
B5 7QR,E01008982,E05011134,Birmingham,E01008982
B28 9LU,E01032589,E05011140,Birmingham,E01032589
B26 3BW,E01009320,E05011166,Birmingham,E01009320
B14 4JQ,E01008944,E05011124,Birmingham,E01008944
B24 9NG,E01009012,E05011135,Birmingham,E01009012
B14 4AY,E01008943,E05011146,Birmingham,E01008943
B42 2NT,E01009246,E05011160,Birmingham,E01009246
B14 6SP,E01008967,E05011130,Birmingham,E01008967
B27 6HT,E01008890,E05011118,Birmingham,E01008890
B11 2JH,E01034952,E05011170,Birmingham,E01034952
B17 8JJ,E01009139,E05011157,Birmingham,E01009139
B33 0UU,E01009517,E05011137,Birmingham,E01009517
B17 9TY,E01009070,E05011144,Birmingham,E01009070
B42 2LF,E01009242,E05011160,Birmingham,E01009242
B6 6JA,E01034919,E05011121,Birmingham,E01034919
B19 1LU,E01009062,E05011153,Birmingham,E01009062
B12 8QX,E01009377,E05011170,Birmingham,E01009377
B24 0TW,E01009009,E05011162,Birmingham,E01009009
B16 9SS,E01009145,E05011157,Birmingham,E01009145
B44 9JY,E01009233,E05011159,Birmingham,E01009233
B19 2XZ,E01008913,E05011156,Birmingham,E01008913
B44 8DA,E01009232,E05011150,Birmingham,E01009232
B33 0HX,E01009302,E05011138,Birmingham,E01009302
B14 6RT,E01008966,E05011130,Birmingham,E01008966
B8 1HQ,E01034933,E05011120,Birmingham,E01034933
B20 3PY,E01009059,E05011125,Birmingham,E01009059
B44 9HA,E01009224,E05011159,Birmingham,E01009224
B33 0BB,E01009301,E05011138,Birmingham,E01009301
B5 7QA,E01008996,E05011122,Birmingham,E01008996
B24 9AY,E01009013,E05011135,Birmingham,E01009013
B33 8RT,E01009508,E05011185,Birmingham,E01009508
B8 1PS,E01009483,E05011120,Birmingham,E01009483
B23 7YS,E01009411,E05011173,Birmingham,E01009411
B27 7DF,E01009019,E05011118,Birmingham,E01009019
B76 2ST,E01009450,E05011180,Birmingham,E01009450
B45 9WD,E01009159,E05011136,Birmingham,E01009159
B15 2AX,E01033624,E05011151,Birmingham,E01033624
B45 8QP,E01034944,E05011152,Birmingham,E01034944
B11 3PL,E01009028,E05011182,Birmingham,E01009028
B18 4QX,E01009359,E05011168,Birmingham,E01009359
B76 1LP,E01009439,E05011180,Birmingham,E01009439
B20 1JR,E01009279,E05011143,Birmingham,E01009279
B25 8UG,E01008898,E05011182,Birmingham,E01008898
B6 6LA,E01034919,E05011121,Birmingham,E01034919
B31 4BB,E01009209,E05011152,Birmingham,E01009209
B31 2UE,E01009162,E05011158,Birmingham,E01009162
B1 1GB,E01033616,E05011151,Birmingham,E01033616
B23 6XA,E01033646,E05011139,Birmingham,E01033646
B21 9EA,E01009353,E05011142,Birmingham,E01009353
B13 8LP,E01009183,E05011154,Birmingham,E01009183
B17 0AX,E01009072,E05011144,Birmingham,E01009072
B11 3JN,E01034953,E05011171,Birmingham,E01034953
B33 0BG,E01009301,E05011138,Birmingham,E01009301
B17 0AA,E01009072,E05011144,Birmingham,E01009072
B1 1RB,E01033625,E05011151,Birmingham,E01033625
B25 8TX,E01008897,E05011186,Birmingham,E01008897
B44 8RX,E01009227,E05011159,Birmingham,E01009227
B31 1DR,E01009495,E05011123,Birmingham,E01009495
B36 8PR,E01009080,E05011131,Birmingham,E01009080
B76 1BG,E01009451,E05011176,Birmingham,E01009451
B31 4QD,E01009170,E05011152,Birmingham,E01009170
B6 5UP,E01008901,E05011155,Birmingham,E01008901
B75 5BT,E01009423,E05011175,Birmingham,E01009423
B23 7FL,E01009411,E05011173,Birmingham,E01009411
B13 0LD,E01008938,E05011124,Birmingham,E01008938
B29 4DH,E01009494,E05011184,Birmingham,E01009494
B25 8RG,E01008881,E05011186,Birmingham,E01008881
B32 2LZ,E01009073,E05011144,Birmingham,E01009073
B42 1NQ,E01009240,E05011160,Birmingham,E01009240
B20 2DZ,E01009050,E05011143,Birmingham,E01009050
B31 5FQ,E01009172,E05011136,Birmingham,E01009172
B32 2QH,E01009258,E05011163,Birmingham,E01009258
B26 3HJ,E01009316,E05011166,Birmingham,E01009316
B5 7QB,E01008996,E05011122,Birmingham,E01008996
B73 5EN,E01009474,E05011179,Birmingham,E01009474
B20 2SY,E01009056,E05011125,Birmingham,E01009056
B14 7DP,E01009178,E05011130,Birmingham,E01009178
B33 9LU,E01009093,E05011138,Birmingham,E01009093
B11 4JP,E01009382,E05011171,Birmingham,E01009382
B35 7DB,E01009103,E05011132,Birmingham,E01009103
B27 7DY,E01009021,E05011118,Birmingham,E01009021
B36 8QH,E01009079,E05011131,Birmingham,E01009079
B45 9RX,E01009160,E05011164,Birmingham,E01009160
B23 7AH,E01009406,E05011173,Birmingham,E01009406
B21 9NL,E01009275,E05011142,Birmingham,E01009275
B38 9BZ,E01009107,E05011149,Birmingham,E01009107
B28 0AE,E01009046,E05011140,Birmingham,E01009046
B23 5TD,E01009460,E05011179,Birmingham,E01009460
B21 0HP,E01009354,E05011147,Birmingham,E01009354
B31 5EN,E01009158,E05011136,Birmingham,E01009158
B23 5YZ,E01009135,E05011161,Birmingham,E01009135
B73 5SB,E01009458,E05011179,Birmingham,E01009458
B72 1JF,E01009453,E05011178,Birmingham,E01009453
B31 1QP,E01009498,E05011119,Birmingham,E01009498
B28 0NA,E01009039,E05011141,Birmingham,E01009039
B32 3QG,E01008920,E05011123,Birmingham,E01008920
B36 8ED,E01009084,E05011131,Birmingham,E01009084
B44 0LH,E01009130,E05011150,Birmingham,E01009130
B73 6DH,E01009449,E05011178,Birmingham,E01009449
B25 8ES,E01008882,E05011182,Birmingham,E01008882
B14 6QT,E01008972,E05011130,Birmingham,E01008972
B17 9JY,E01009069,E05011144,Birmingham,E01009069
B5 7LY,E01008996,E05011122,Birmingham,E01008996
B74 2PT,E01009430,E05011174,Birmingham,E01009430
B23 5NX,E01009403,E05011161,Birmingham,E01009403
B19 2YD,E01008913,E05011156,Birmingham,E01008913
B13 8BD,E01009384,E05011154,Birmingham,E01009384
B23 5RR,E01009002,E05011135,Birmingham,E01009002
B23 5HD,E01009404,E05011161,Birmingham,E01009404
B75 7BG,E01009432,E05011176,Birmingham,E01009432
B31 2TJ,E01009209,E05011158,Birmingham,E01009209
B26 3SH,E01009319,E05011166,Birmingham,E01009319
B24 9DJ,E01009012,E05011135,Birmingham,E01009012
B20 3LL,E01034918,E05011125,Birmingham,E01034918
B25 8DD,E01008884,E05011182,Birmingham,E01008884
B14 6JQ,E01008971,E05011130,Birmingham,E01008971
B29 5JF,E01009294,E05011184,Birmingham,E01009294
B12 9RE,E01009376,E05011122,Birmingham,E01009376
B38 9BL,E01009107,E05011149,Birmingham,E01009107
B27 7NE,E01009018,E05011118,Birmingham,E01009018
B13 0LA,E01008938,E05011124,Birmingham,E01008938
B26 2NP,E01009324,E05011166,Birmingham,E01009324
B73 5XJ,E01009472,E05011179,Birmingham,E01009472
B27 7SG,E01009016,E05011182,Birmingham,E01009016
B11 2ND,E01009339,E05011170,Birmingham,E01009339
B29 4QF,E01009496,E05011119,Birmingham,E01009496
B23 5GD,E01034914,E05011161,Birmingham,E01034914
B34 6RD,E01009307,E05011165,Birmingham,E01009307
B33 9NP,E01009093,E05011138,Birmingham,E01009093
B16 9HN,E01008988,E05011157,Birmingham,E01008988
B19 2RJ,E01034925,E05011156,Birmingham,E01034925
B29 5EN,E01009503,E05011184,Birmingham,E01009503
B15 1BS,E01009146,E05011151,Birmingham,E01009146
B20 2JJ,E01009264,E05011143,Birmingham,E01009264
B31 2LP,E01009219,E05011158,Birmingham,E01009219
B14 5LY,E01008976,E05011133,Birmingham,E01008976
B76 1WF,E01009461,E05011181,Birmingham,E01009461
B38 8JS,E01009112,E05011148,Birmingham,E01009112
B25 8NW,E01008882,E05011182,Birmingham,E01008882
B34 6JL,E01009088,E05011131,Birmingham,E01009088
B14 6JB,E01008970,E05011130,Birmingham,E01008970
B18 6EA,E01033559,E05011168,Birmingham,E01033559
B8 3RR,E01009477,E05011138,Birmingham,E01009477
B35 6DS,E01009099,E05011132,Birmingham,E01009099
B45 8QJ,E01009164,E05011164,Birmingham,E01009164
B26 1BG,E01008885,E05011169,Birmingham,E01008885
B28 0SL,E01008944,E05011124,Birmingham,E01008944
B36 8AX,E01009087,E05011131,Birmingham,E01009087
B23 6TP,E01009007,E05011135,Birmingham,E01009007
B12 9RT,E01009376,E05011122,Birmingham,E01009376
B32 1SD,E01009259,E05011163,Birmingham,E01009259
B23 5EF,E01009404,E05011161,Birmingham,E01009404
B76 1NZ,E01009454,E05011176,Birmingham,E01009454
B11 3EJ,E01009017,E05011140,Birmingham,E01009017
B45 0NH,E01009155,E05011136,Birmingham,E01009155
B15 3HS,E01008988,E05011134,Birmingham,E01008988
B23 7SB,E01009410,E05011173,Birmingham,E01009410
B45 8RW,E01009169,E05011164,Birmingham,E01009169
B23 7XZ,E01009411,E05011173,Birmingham,E01009411
B20 3SX,E01009048,E05011125,Birmingham,E01009048
B10 9RX,E01009332,E05011127,Birmingham,E01009332
B23 6NU,E01009407,E05011135,Birmingham,E01009407
B33 0RQ,E01009322,E05011137,Birmingham,E01009322
B75 5UJ,E01009416,E05011177,Birmingham,E01009416
B9 5HB,E01009333,E05011127,Birmingham,E01009333
B20 2DQ,E01009263,E05011143,Birmingham,E01009263
B30 1NP,E01008960,E05011129,Birmingham,E01008960
B14 6PH,E01008967,E05011130,Birmingham,E01008967
B31 2JD,E01009206,E05011158,Birmingham,E01009206
B74 4EA,E01009419,E05011175,Birmingham,E01009419
B33 9UD,E01009300,E05011138,Birmingham,E01009300
B27 6SU,E01008895,E05011169,Birmingham,E01008895
B15 3UR,E01008989,E05011134,Birmingham,E01008989
B9 5PS,E01009343,E05011127,Birmingham,E01009343
B29 6RL,E01009292,E05011184,Birmingham,E01009292
B30 3AD,E01008953,E05011172,Birmingham,E01008953
B8 2TT,E01009487,E05011183,Birmingham,E01009487
B14 5UP,E01008980,E05011133,Birmingham,E01008980
B42 2AE,E01009234,E05011160,Birmingham,E01009234
B17 8EH,E01009139,E05011157,Birmingham,E01009139
B76 1PB,E01009454,E05011176,Birmingham,E01009454
B29 4AP,E01009294,E05011184,Birmingham,E01009294
B20 3QX,E01009050,E05011125,Birmingham,E01009050
B23 7NU,E01009401,E05011139,Birmingham,E01009401
B25 8SP,E01008896,E05011186,Birmingham,E01008896
B16 8JE,E01034949,E05011151,Birmingham,E01034949
B34 6UD,E01009309,E05011165,Birmingham,E01009309
B76 1JA,E01009440,E05011180,Birmingham,E01009440
B31 4HE,E01009212,E05011152,Birmingham,E01009212
B76 9AE,E01009441,E05011180,Birmingham,E01009441
B11 2NR,E01009339,E05011170,Birmingham,E01009339
B38 9NN,E01009107,E05011149,Birmingham,E01009107
B20 2AJ,E01009050,E05011143,Birmingham,E01009050
B72 1RJ,E01009449,E05011178,Birmingham,E01009449
B38 8PN,E01009111,E05011148,Birmingham,E01009111
B13 8HR,E01009385,E05011154,Birmingham,E01009385
B25 8NL,E01008882,E05011182,Birmingham,E01008882
B24 0BL,E01009005,E05011135,Birmingham,E01009005
B76 2XD,E01009455,E05011180,Birmingham,E01009455
B1 1LY,E01033620,E05011151,Birmingham,E01033620
B29 5HB,E01009294,E05011184,Birmingham,E01009294
B16 8JD,E01034949,E05011151,Birmingham,E01034949
B73 5AS,E01009473,E05011179,Birmingham,E01009473
B14 7TE,E01009177,E05011130,Birmingham,E01009177
B8 2QY,E01009480,E05011183,Birmingham,E01009480
B32 3HS,E01008920,E05011123,Birmingham,E01008920
B13 9BJ,E01009383,E05011154,Birmingham,E01009383
B13 9AH,E01033648,E05011154,Birmingham,E01033648
B28 9ES,E01009036,E05011140,Birmingham,E01009036
B34 6HW,E01009091,E05011131,Birmingham,E01009091
B30 2QH,E01008953,E05011172,Birmingham,E01008953
B14 5TP,E01008948,E05011146,Birmingham,E01008948
B75 7EP,E01009452,E05011176,Birmingham,E01009452
B31 5NP,E01009173,E05011119,Birmingham,E01009173
B29 6DU,E01009289,E05011128,Birmingham,E01009289
B45 0HN,E01009161,E05011136,Birmingham,E01009161
B31 5PS,E01009172,E05011119,Birmingham,E01009172
B19 1NT,E01008907,E05011153,Birmingham,E01008907
B32 4DZ,E01008927,E05011123,Birmingham,E01008927
B30 1AF,E01008961,E05011129,Birmingham,E01008961
B23 6UX,E01009409,E05011139,Birmingham,E01009409
B44 8EE,E01009230,E05011150,Birmingham,E01009230
B19 2DT,E01034925,E05011153,Birmingham,E01034925
B29 7QQ,E01009296,E05011128,Birmingham,E01009296
B9 5TJ,E01009475,E05011145,Birmingham,E01009475
B29 4ET,E01009494,E05011184,Birmingham,E01009494
B29 7RZ,E01009280,E05011128,Birmingham,E01009280
B21 9EG,E01009353,E05011142,Birmingham,E01009353
B29 6RP,E01009292,E05011184,Birmingham,E01009292
B20 2RS,E01009056,E05011125,Birmingham,E01009056
B31 5EJ,E01009158,E05011136,Birmingham,E01009158
B5 7JL,E01034947,E05011126,Birmingham,E01034947
B9 5LJ,E01034935,E05011126,Birmingham,E01034935
B27 7BY,E01009020,E05011118,Birmingham,E01009020
B8 2TX,E01009487,E05011183,Birmingham,E01009487
B27 7QP,E01009022,E05011118,Birmingham,E01009022
B28 8JY,E01009045,E05011140,Birmingham,E01009045
B38 0BA,E01009109,E05011149,Birmingham,E01009109
B33 0NZ,E01009303,E05011138,Birmingham,E01009303
B9 5UD,E01009477,E05011145,Birmingham,E01009477
B30 2PH,E01008952,E05011172,Birmingham,E01008952
B33 0AJ,E01009299,E05011138,Birmingham,E01009299
B33 0QE,E01009321,E05011166,Birmingham,E01009321
B76 2QQ,E01009435,E05011180,Birmingham,E01009435
B29 6JG,E01009284,E05011129,Birmingham,E01009284
B38 9RZ,E01009115,E05011149,Birmingham,E01009115
B20 2AD,E01009049,E05011143,Birmingham,E01009049
B18 5RR,E01009360,E05011168,Birmingham,E01009360
B27 7UA,E01009029,E05011118,Birmingham,E01009029
B18 5BP,E01009347,E05011168,Birmingham,E01009347
B21 0PH,E01034922,E05011168,Birmingham,E01034922
B26 2SW,E01009323,E05011137,Birmingham,E01009323
B14 7RY,E01009178,E05011130,Birmingham,E01009178
B38 8PB,E01009108,E05011149,Birmingham,E01009108
B29 6JZ,E01009284,E05011129,Birmingham,E01009284
B11 3PA,E01009028,E05011182,Birmingham,E01009028
B17 9LH,E01009069,E05011144,Birmingham,E01009069
B31 4BE,E01009210,E05011152,Birmingham,E01009210
B8 1LS,E01034933,E05011120,Birmingham,E01034933
B44 9RA,E01009233,E05011159,Birmingham,E01009233
B29 4PQ,E01009493,E05011184,Birmingham,E01009493
B76 1SW,E01009435,E05011176,Birmingham,E01009435
B33 0HF,E01009322,E05011137,Birmingham,E01009322
B33 8SL,E01009509,E05011186,Birmingham,E01009509
B26 2AR,E01009516,E05011185,Birmingham,E01009516
B11 1AN,E01009365,E05011170,Birmingham,E01009365
B20 3HR,E01009053,E05011121,Birmingham,E01009053
B24 8QT,E01009000,E05011139,Birmingham,E01009000
B13 9JB,E01009389,E05011171,Birmingham,E01009389
B33 9PT,E01009311,E05011138,Birmingham,E01009311
B29 6WL,E01009280,E05011129,Birmingham,E01009280
B13 8RG,E01009183,E05011154,Birmingham,E01009183
B25 8UB,E01008881,E05011186,Birmingham,E01008881
B1 1UD,E01033616,E05011151,Birmingham,E01033616
B38 9RS,E01009115,E05011149,Birmingham,E01009115
B23 7SU,E01009125,E05011173,Birmingham,E01009125
B31 1QH,E01009498,E05011119,Birmingham,E01009498
B23 5XB,E01009003,E05011135,Birmingham,E01009003
B34 6PZ,E01009307,E05011165,Birmingham,E01009307
B28 8JZ,E01009030,E05011140,Birmingham,E01009030
B12 9RJ,E01009376,E05011122,Birmingham,E01009376
B12 8NG,E01009375,E05011170,Birmingham,E01009375
B44 0ST,E01009129,E05011150,Birmingham,E01009129
B45 9NU,E01009167,E05011164,Birmingham,E01009167
B34 6BQ,E01009090,E05011131,Birmingham,E01009090
B23 5BH,E01009002,E05011135,Birmingham,E01009002
B20 2LY,E01009278,E05011143,Birmingham,E01009278
B23 5AH,E01034913,E05011161,Birmingham,E01034913
B21 9ED,E01009352,E05011142,Birmingham,E01009352
B26 1SN,E01009521,E05011185,Birmingham,E01009521
B35 7LU,E01009097,E05011132,Birmingham,E01009097
B15 3QQ,E01008991,E05011134,Birmingham,E01008991
B28 8BP,E01009030,E05011140,Birmingham,E01009030
B32 1NR,E01009249,E05011163,Birmingham,E01009249
B34 7HH,E01009310,E05011165,Birmingham,E01009310
B32 3PH,E01008923,E05011123,Birmingham,E01008923
B11 2QJ,E01009373,E05011170,Birmingham,E01009373
B28 0LU,E01009040,E05011141,Birmingham,E01009040
B14 6DN,E01008968,E05011130,Birmingham,E01008968
B20 3SH,E01009057,E05011125,Birmingham,E01009057
B13 8RR,E01009183,E05011154,Birmingham,E01009183
B11 3NQ,E01034953,E05011171,Birmingham,E01034953
B23 7UX,E01009125,E05011173,Birmingham,E01009125
B33 8DR,E01009510,E05011185,Birmingham,E01009510
B44 8UQ,E01009228,E05011159,Birmingham,E01009228
B4 6GD,E01033623,E05011168,Birmingham,E01033623
B21 9PE,E01009264,E05011142,Birmingham,E01009264
B45 8RB,E01009169,E05011164,Birmingham,E01009169
B44 8EA,E01009230,E05011150,Birmingham,E01009230
B28 8HU,E01009030,E05011140,Birmingham,E01009030
B26 2LW,E01009519,E05011185,Birmingham,E01009519
B31 5NS,E01009158,E05011136,Birmingham,E01009158
B38 9DY,E01009107,E05011149,Birmingham,E01009107
B23 6FL,E01009007,E05011135,Birmingham,E01009007
B23 6DJ,E01009408,E05011173,Birmingham,E01009408
B17 0DA,E01033562,E05011144,Birmingham,E01033562
B11 1LS,E01009365,E05011170,Birmingham,E01009365
B26 2UY,E01009316,E05011166,Birmingham,E01009316
B18 5RB,E01009360,E05011168,Birmingham,E01009360
B23 7UF,E01009125,E05011173,Birmingham,E01009125
B8 2US,E01009479,E05011183,Birmingham,E01009479
B20 3RY,E01009049,E05011125,Birmingham,E01009049
B35 6DU,E01009101,E05011132,Birmingham,E01009101
B33 8RG,E01009510,E05011185,Birmingham,E01009510
B73 5LB,E01009459,E05011181,Birmingham,E01009459
B42 2AN,E01009234,E05011160,Birmingham,E01009234
B20 1LE,E01032591,E05011143,Birmingham,E01032591
B75 5EP,E01009423,E05011175,Birmingham,E01009423
B30 1TG,E01009281,E05011129,Birmingham,E01009281
B31 2PW,E01009208,E05011158,Birmingham,E01009208
B30 2PJ,E01008952,E05011172,Birmingham,E01008952
B29 6BT,E01009289,E05011128,Birmingham,E01009289
B14 6ST,E01008967,E05011130,Birmingham,E01008967
B74 2RA,E01009430,E05011174,Birmingham,E01009430
B36 8RY,E01009079,E05011131,Birmingham,E01009079
B31 5FT,E01009172,E05011136,Birmingham,E01009172
B44 8RT,E01009229,E05011159,Birmingham,E01009229
B6 5NU,E01034924,E05011121,Birmingham,E01034924
B1 1DA,E01033615,E05011126,Birmingham,E01033615
B31 5LW,E01009499,E05011119,Birmingham,E01009499
B11 4NH,E01009382,E05011171,Birmingham,E01009382
B32 2SX,E01009256,E05011163,Birmingham,E01009256
B42 2ET,E01009239,E05011160,Birmingham,E01009239
B17 8LR,E01009138,E05011157,Birmingham,E01009138
B30 3PE,E01008977,E05011148,Birmingham,E01008977
B14 4LP,E01008946,E05011146,Birmingham,E01008946
B8 3DD,E01009491,E05011120,Birmingham,E01009491
B72 1YD,E01009463,E05011181,Birmingham,E01009463
B29 6TD,E01009077,E05011184,Birmingham,E01009077
B75 5DR,E01009423,E05011175,Birmingham,E01009423
B8 3QH,E01009485,E05011120,Birmingham,E01009485
B23 7EE,E01009126,E05011173,Birmingham,E01009126
B45 8DZ,E01009171,E05011164,Birmingham,E01009171
B9 5TT,E01009475,E05011145,Birmingham,E01009475
B14 6HL,E01008970,E05011130,Birmingham,E01008970
B75 7BH,E01009454,E05011176,Birmingham,E01009454
B29 7BQ,E01034941,E05011128,Birmingham,E01034941
B6 7AL,E01008915,E05011121,Birmingham,E01008915
B28 8JB,E01009030,E05011140,Birmingham,E01009030
B26 2DL,E01009514,E05011137,Birmingham,E01009514
B28 9RG,E01009033,E05011140,Birmingham,E01009033
B74 4EJ,E01009418,E05011175,Birmingham,E01009418
B29 6SS,E01009078,E05011184,Birmingham,E01009078
B25 8YJ,E01009518,E05011185,Birmingham,E01009518
B45 8TU,E01009165,E05011164,Birmingham,E01009165
B44 0NG,E01009131,E05011150,Birmingham,E01009131
B33 0LT,E01009302,E05011138,Birmingham,E01009302
B10 9PJ,E01033642,E05011167,Birmingham,E01033642
B8 2TU,E01009486,E05011183,Birmingham,E01009486
B44 9RS,E01009221,E05011159,Birmingham,E01009221
B35 7BF,E01009097,E05011132,Birmingham,E01009097
B17 0DP,E01009068,E05011144,Birmingham,E01009068
B21 8NA,E01009274,E05011147,Birmingham,E01009274
B29 5DX,E01009503,E05011184,Birmingham,E01009503
B38 9DA,,,,
B3 1HN,E01033623,E05011168,Birmingham,E01033623
B31 2JL,E01009205,E05011158,Birmingham,E01009205
B38 8YW,E01009108,E05011148,Birmingham,E01009108
B19 3BN,E01033638,E05011156,Birmingham,E01033638
B75 6BD,E01009428,E05011178,Birmingham,E01009428
B27 7PB,E01009022,E05011118,Birmingham,E01009022
B75 7HS,E01009446,E05011177,Birmingham,E01009446
B73 6LS,E01009468,E05011179,Birmingham,E01009468
B32 2AN,E01009261,E05011163,Birmingham,E01009261
B73 6HG,E01009468,E05011178,Birmingham,E01009468
B45 8GP,E01034944,E05011152,Birmingham,E01034944
B26 3XL,E01009317,E05011166,Birmingham,E01009317
B74 2XD,E01009425,E05011175,Birmingham,E01009425
B11 2JE,E01034952,E05011170,Birmingham,E01034952
B42 1RX,E01009240,E05011160,Birmingham,E01009240
B14 6UD,E01008970,E05011130,Birmingham,E01008970
B38 9AE,E01009119,E05011149,Birmingham,E01009119
B21 9EE,E01009352,E05011142,Birmingham,E01009352
B28 0LA,E01009040,E05011141,Birmingham,E01009040
B10 0RH,E01009379,E05011127,Birmingham,E01009379
B13 9NU,E01009044,E05011171,Birmingham,E01009044
B26 3NB,E01009318,E05011166,Birmingham,E01009318
B8 3RH,E01009492,E05011138,Birmingham,E01009492
B20 2HS,E01009265,E05011143,Birmingham,E01009265
B21 9BS,E01009352,E05011142,Birmingham,E01009352
B1 2ST,E01033627,E05011151,Birmingham,E01033627
B20 2AB,E01009049,E05011143,Birmingham,E01009049
B27 6TD,E01008892,E05011118,Birmingham,E01008892
B16 0QR,E01009145,E05011157,Birmingham,E01009145
B14 7DX,E01009175,E05011130,Birmingham,E01009175
B45 9PD,E01009165,E05011164,Birmingham,E01009165
B38 9BT,E01009107,E05011149,Birmingham,E01009107
B73 5EU,E01009460,E05011179,Birmingham,E01009460
B31 5LB,E01009158,E05011136,Birmingham,E01009158
B30 2RU,E01008965,E05011172,Birmingham,E01008965
B8 1QB,E01009479,E05011120,Birmingham,E01009479
B28 8JG,E01009030,E05011140,Birmingham,E01009030
B28 8SE,E01009043,E05011140,Birmingham,E01009043
B13 0JG,E01008939,E05011124,Birmingham,E01008939
B5 7LS,E01008996,E05011122,Birmingham,E01008996
B1 1DR,E01033616,E05011151,Birmingham,E01033616
B17 9JX,E01009068,E05011144,Birmingham,E01009068
B32 3SN,E01008931,E05011123,Birmingham,E01008931
B38 9QR,E01009110,E05011149,Birmingham,E01009110
B18 4PG,E01009361,E05011168,Birmingham,E01009361
B23 7DA,E01009126,E05011173,Birmingham,E01009126
B18 5SN,E01009360,E05011168,Birmingham,E01009360
B1 1GG,E01033615,E05011151,Birmingham,E01033615
B21 0DN,E01009349,E05011147,Birmingham,E01009349
B44 9QR,E01009233,E05011159,Birmingham,E01009233
B12 9QG,E01009182,E05011154,Birmingham,E01009182
B24 8PX,E01009401,E05011139,Birmingham,E01009401
B7 5PE,E01009202,E05011155,Birmingham,E01009202
B14 5PP,E01008979,E05011133,Birmingham,E01008979
B73 6DR,E01009449,E05011178,Birmingham,E01009449
B33 9DE,E01009092,E05011138,Birmingham,E01009092
B27 7PU,E01009022,E05011118,Birmingham,E01009022
B29 5SY,E01009064,E05011184,Birmingham,E01009064
B31 3LE,E01009212,E05011152,Birmingham,E01009212
B1 1UJ,E01033616,E05011151,Birmingham,E01033616
B13 0US,E01008932,E05011124,Birmingham,E01008932
B6 6LX,E01009061,E05011121,Birmingham,E01009061
B17 9SY,E01009067,E05011144,Birmingham,E01009067
B17 0PE,E01009078,E05011144,Birmingham,E01009078
B26 3DB,E01009315,E05011166,Birmingham,E01009315
B6 4UD,E01034926,E05011156,Birmingham,E01034926
B30 1QA,E01008954,E05011129,Birmingham,E01008954
B32 4NN,E01008927,E05011123,Birmingham,E01008927
B14 5DS,E01008948,E05011146,Birmingham,E01008948
B11 4BP,E01009391,E05011171,Birmingham,E01009391
B26 3TJ,E01009315,E05011166,Birmingham,E01009315
B25 8JL,E01008887,E05011169,Birmingham,E01008887
B75 5HH,E01009415,E05011175,Birmingham,E01009415
B16 9LR,E01008989,E05011157,Birmingham,E01008989
B28 0QG,E01032589,E05011141,Birmingham,E01032589
B11 3BU,E01009017,E05011140,Birmingham,E01009017
B29 7LT,E01009296,E05011128,Birmingham,E01009296
B31 5HY,E01009158,E05011136,Birmingham,E01009158
B14 5PT,E01008979,E05011133,Birmingham,E01008979
B33 8DU,E01009510,E05011185,Birmingham,E01009510
B75 7RY,E01009446,E05011176,Birmingham,E01009446
B15 2JL,E01008997,E05011134,Birmingham,E01008997
B31 2GJ,E01009493,E05011184,Birmingham,E01009493
B75 7TH,E01009432,E05011178,Birmingham,E01009432
B34 6BS,E01009087,E05011131,Birmingham,E01009087
B32 3PF,E01008923,E05011123,Birmingham,E01008923
B31 2LU,E01009218,E05011158,Birmingham,E01009218
B35 7LT,E01009097,E05011132,Birmingham,E01009097
B15 2FR,E01008994,E05011134,Birmingham,E01008994
B23 6HB,E01009409,E05011173,Birmingham,E01009409
B1 2LL,E01009146,E05011151,Birmingham,E01009146
B33 8BT,E01009507,E05011185,Birmingham,E01009507
B44 9RH,E01009221,E05011150,Birmingham,E01009221
B10 9HH,E01009326,E05011167,Birmingham,E01009326
B16 9LH,E01008989,E05011157,Birmingham,E01008989
B8 2EB,E01009481,E05011183,Birmingham,E01009481
B38 0AF,E01009120,E05011149,Birmingham,E01009120
B31 3UD,E01009210,E05011148,Birmingham,E01009210
B38 8AU,E01009117,E05011148,Birmingham,E01009117
B15 2NG,E01008994,E05011134,Birmingham,E01008994
B30 2NT,E01008952,E05011172,Birmingham,E01008952
B44 0QZ,E01009133,E05011150,Birmingham,E01009133
B26 3DH,E01009315,E05011166,Birmingham,E01009315
B44 0TB,E01009127,E05011150,Birmingham,E01009127
B30 3QS,E01008979,E05011133,Birmingham,E01008979
B18 5QG,E01009347,E05011168,Birmingham,E01009347
B23 6EY,E01009405,E05011173,Birmingham,E01009405
B15 2FE,E01033624,E05011151,Birmingham,E01033624
B72 1LG,E01009471,E05011181,Birmingham,E01009471
B23 5FX,E01034914,E05011161,Birmingham,E01034914
B17 9HL,E01009065,E05011144,Birmingham,E01009065
B21 9JE,E01009350,E05011142,Birmingham,E01009350
B31 2LL,E01009219,E05011158,Birmingham,E01009219
B9 5HQ,E01009195,E05011145,Birmingham,E01009195
B15 2AB,E01033626,E05011151,Birmingham,E01033626
B12 9TR,E01009374,E05011122,Birmingham,E01009374
B23 7TA,E01009124,E05011173,Birmingham,E01009124
B17 9RP,E01009072,E05011144,Birmingham,E01009072
B42 1PS,E01009241,E05011160,Birmingham,E01009241
B34 6LX,E01009088,E05011131,Birmingham,E01009088
B44 0TA,E01009129,E05011150,Birmingham,E01009129
B38 8EU,E01009118,E05011148,Birmingham,E01009118
B21 8AE,E01009274,E05011147,Birmingham,E01009274
B45 0NB,E01009155,E05011136,Birmingham,E01009155
B26 3NE,E01009319,E05011166,Birmingham,E01009319
B73 6RZ,E01009467,E05011179,Birmingham,E01009467
B24 0PX,E01009105,E05011162,Birmingham,E01009105
B17 9LG,E01009069,E05011144,Birmingham,E01009069
B14 5LQ,E01008976,E05011133,Birmingham,E01008976
B12 8QY,E01009377,E05011170,Birmingham,E01009377
B31 2XG,E01008958,E05011158,Birmingham,E01008958
B8 3DS,E01009195,E05011120,Birmingham,E01009195
B45 9YN,E01009161,E05011136,Birmingham,E01009161
B45 8DR,E01034945,E05011164,Birmingham,E01034945
B32 4JZ,E01008927,E05011123,Birmingham,E01008927
B8 2TJ,E01009486,E05011183,Birmingham,E01009486
B38 8YE,E01009118,E05011148,Birmingham,E01009118
B14 7BH,E01009178,E05011130,Birmingham,E01009178
B10 9DQ,E01009337,E05011167,Birmingham,E01009337
B38 9TG,E01009113,E05011149,Birmingham,E01009113
B30 3QU,E01008979,E05011133,Birmingham,E01008979
B18 6EB,E01033559,E05011168,Birmingham,E01033559
B29 5NL,E01009501,E05011184,Birmingham,E01009501
B15 2BF,E01033640,E05011151,Birmingham,E01033640
B11 3NP,E01033643,E05011171,Birmingham,E01033643
B25 8PY,E01008898,E05011186,Birmingham,E01008898
B31 1JG,E01008930,E05011123,Birmingham,E01008930
B13 0EX,E01008937,E05011124,Birmingham,E01008937
B45 0JS,E01009174,E05011136,Birmingham,E01009174
B33 9LH,E01009093,E05011138,Birmingham,E01009093
B20 2JX,E01009278,E05011143,Birmingham,E01009278
B13 8RE,E01009183,E05011154,Birmingham,E01009183
B73 5DD,E01009472,E05011179,Birmingham,E01009472
B31 1TG,E01009498,E05011119,Birmingham,E01009498
B11 3HR,E01009029,E05011182,Birmingham,E01009029
B23 5LT,E01009404,E05011161,Birmingham,E01009404
B76 1EW,E01009439,E05011180,Birmingham,E01009439
B13 9BE,E01009383,E05011154,Birmingham,E01009383
B76 1HZ,E01009439,E05011180,Birmingham,E01009439
B36 8LD,E01009084,E05011131,Birmingham,E01009084
B26 1TW,E01009520,E05011166,Birmingham,E01009520
B31 2SF,E01009162,E05011152,Birmingham,E01009162
B29 6NX,E01009295,E05011184,Birmingham,E01009295
B34 7EB,E01009304,E05011165,Birmingham,E01009304
B42 2GX,E01009239,E05011160,Birmingham,E01009239
B1 1FW,E01033616,E05011151,Birmingham,E01033616
B14 6AN,E01008967,E05011130,Birmingham,E01008967
B11 3PN,E01009028,E05011182,Birmingham,E01009028
B13 8DD,E01009184,E05011154,Birmingham,E01009184
B25 8HR,E01008884,E05011182,Birmingham,E01008884
B31 5RH,E01009172,E05011119,Birmingham,E01009172
B34 7NL,E01009308,E05011165,Birmingham,E01009308
B8 3NR,E01009488,E05011120,Birmingham,E01009488
B17 8DT,E01009147,E05011157,Birmingham,E01009147
B11 1AG,E01009365,E05011170,Birmingham,E01009365
B3 1HL,E01033622,E05011168,Birmingham,E01033622
B29 5JW,E01009291,E05011184,Birmingham,E01009291
B38 9UB,E01009114,E05011149,Birmingham,E01009114
B33 8NN,E01009512,E05011137,Birmingham,E01009512
B31 5RE,E01009172,E05011119,Birmingham,E01009172
B45 9SJ,E01009160,E05011164,Birmingham,E01009160
B17 9EG,E01009067,E05011144,Birmingham,E01009067
B75 6UB,E01009431,E05011175,Birmingham,E01009431
B27 7HP,E01009024,E05011118,Birmingham,E01009024
B23 5HA,E01009403,E05011161,Birmingham,E01009403
B25 8AE,E01008883,E05011169,Birmingham,E01008883
B29 5PZ,E01009503,E05011184,Birmingham,E01009503
B13 0JJ,E01008938,E05011124,Birmingham,E01008938
B34 6HS,E01009091,E05011131,Birmingham,E01009091
B26 1QY,E01009520,E05011166,Birmingham,E01009520
B8 2BS,E01009480,E05011183,Birmingham,E01009480
B44 9LE,E01009220,E05011159,Birmingham,E01009220
B23 5SZ,E01009001,E05011135,Birmingham,E01009001
B26 1BE,E01008885,E05011169,Birmingham,E01008885
B23 7FW,E01009411,E05011173,Birmingham,E01009411
B8 2LB,E01009487,E05011183,Birmingham,E01009487
B26 3RE,E01009318,E05011166,Birmingham,E01009318
B9 4JB,E01009200,E05011126,Birmingham,E01009200
B34 7HJ,E01009310,E05011165,Birmingham,E01009310
B8 1DN,E01034934,E05011120,Birmingham,E01034934
B20 3RE,E01009057,E05011125,Birmingham,E01009057
B1 3BQ,E01034950,E05011168,Birmingham,E01034950
B32 1RJ,E01009253,E05011163,Birmingham,E01009253
B14 6BG,E01008967,E05011130,Birmingham,E01008967
B42 1NX,E01009237,E05011160,Birmingham,E01009237
B33 0QX,E01009321,E05011166,Birmingham,E01009321
B8 3SJ,E01034932,E05011120,Birmingham,E01034932
B34 7ER,E01009304,E05011165,Birmingham,E01009304
B23 5XS,E01009136,E05011161,Birmingham,E01009136
B75 7AF,E01009450,E05011176,Birmingham,E01009450
B29 7NU,E01009283,E05011128,Birmingham,E01009283
B35 6BG,E01009096,E05011132,Birmingham,E01009096
B8 2YG,E01009479,E05011183,Birmingham,E01009479
B20 2PX,E01009352,E05011142,Birmingham,E01009352
B38 9AQ,E01009119,E05011149,Birmingham,E01009119
B21 8NZ,E01009274,E05011147,Birmingham,E01009274
B19 1AD,E01008907,E05011153,Birmingham,E01008907
B30 3RR,E01008977,E05011133,Birmingham,E01008977
B11 1LB,E01009365,E05011170,Birmingham,E01009365
B30 2AX,E01009280,E05011129,Birmingham,E01009280
B31 1PL,E01009498,E05011119,Birmingham,E01009498
B76 1LX,E01009440,E05011180,Birmingham,E01009440
B25 8AP,E01008883,E05011182,Birmingham,E01008883
B13 0JU,E01008935,E05011124,Birmingham,E01008935
B38 8LS,E01009112,E05011152,Birmingham,E01009112
B8 2SJ,E01009478,E05011183,Birmingham,E01009478
B20 3NP,E01009057,E05011125,Birmingham,E01009057
B13 0RD,E01008935,E05011124,Birmingham,E01008935
B32 2JD,E01009072,E05011144,Birmingham,E01009072
B38 9RG,E01009115,E05011149,Birmingham,E01009115
B26 2BL,E01009516,E05011185,Birmingham,E01009516
B23 6EH,E01009409,E05011173,Birmingham,E01009409
B17 9QT,E01009072,E05011144,Birmingham,E01009072
B34 7AU,E01009309,E05011165,Birmingham,E01009309
B11 4EL,E01009394,E05011171,Birmingham,E01009394
B38 8TD,E01009116,E05011148,Birmingham,E01009116
B12 8BW,E01009383,E05011154,Birmingham,E01009383
B32 2NB,E01009073,E05011144,Birmingham,E01009073
B13 0QR,E01008936,E05011124,Birmingham,E01008936
B76 1FN,E01009454,E05011176,Birmingham,E01009454
B33 9EH,E01009311,E05011138,Birmingham,E01009311
B26 2BP,E01009516,E05011185,Birmingham,E01009516
B28 9JH,E01032589,E05011140,Birmingham,E01032589
B11 3LS,E01033643,E05011171,Birmingham,E01033643
B31 5EZ,E01009158,E05011136,Birmingham,E01009158
B45 0ET,E01034943,E05011136,Birmingham,E01034943
B23 6EU,E01009409,E05011173,Birmingham,E01009409
B74 2XH,E01009425,E05011175,Birmingham,E01009425
B11 1PS,E01009372,E05011170,Birmingham,E01009372
B45 0EQ,E01009157,E05011136,Birmingham,E01009157
B16 9AF,E01008987,E05011157,Birmingham,E01008987
B29 5DU,E01009503,E05011184,Birmingham,E01009503
B35 6AB,E01009096,E05011162,Birmingham,E01009096
B17 0QE,E01009077,E05011144,Birmingham,E01009077
B23 7BB,E01009408,E05011173,Birmingham,E01009408
B45 0HE,E01009160,E05011136,Birmingham,E01009160
B8 3LD,E01009489,E05011120,Birmingham,E01009489
B42 2DW,E01009236,E05011160,Birmingham,E01009236
B30 1TH,E01009281,E05011129,Birmingham,E01009281
B14 6EE,E01008971,E05011130,Birmingham,E01008971
B29 5AX,E01009294,E05011184,Birmingham,E01009294
B44 0HZ,E01009122,E05011150,Birmingham,E01009122
B10 9BB,E01033642,E05011167,Birmingham,E01033642
B9 5XP,E01009342,E05011145,Birmingham,E01009342
B38 9BX,,,,
B31 4HQ,E01009213,E05011152,Birmingham,E01009213
B26 3UU,E01009317,E05011166,Birmingham,E01009317
B23 5AJ,E01034913,E05011161,Birmingham,E01034913
B31 1QR,E01009498,E05011119,Birmingham,E01009498
B31 1PJ,E01009497,E05011119,Birmingham,E01009497
B21 0NH,E01009354,E05011168,Birmingham,E01009354
B18 5PW,E01009347,E05011168,Birmingham,E01009347
B23 7SS,E01009125,E05011173,Birmingham,E01009125
B31 4RL,E01009216,E05011152,Birmingham,E01009216
B45 0BQ,E01034943,E05011136,Birmingham,E01034943
B31 4EX,E01009213,E05011152,Birmingham,E01009213
B44 0UD,E01009128,E05011150,Birmingham,E01009128
B29 6EH,E01009289,E05011128,Birmingham,E01009289
B14 7PS,E01008981,E05011130,Birmingham,E01008981
B30 1EE,E01008959,E05011129,Birmingham,E01008959
B38 9TZ,E01009114,E05011149,Birmingham,E01009114
B74 2QH,E01009427,E05011174,Birmingham,E01009427
B15 2AA,E01033626,E05011151,Birmingham,E01033626
B31 4AY,E01009210,E05011152,Birmingham,E01009210
B33 9HS,E01009311,E05011138,Birmingham,E01009311
B18 4EN,E01009345,E05011157,Birmingham,E01009345
B5 7NW,E01008996,E05011122,Birmingham,E01008996
B76 1XF,E01009443,E05011180,Birmingham,E01009443
B23 7TY,E01009125,E05011173,Birmingham,E01009125
B28 8LA,E01009030,E05011140,Birmingham,E01009030
B23 6BB,E01009000,E05011139,Birmingham,E01009000
B11 3HY,E01009014,E05011140,Birmingham,E01009014
B29 5PT,E01009501,E05011184,Birmingham,E01009501
B23 6LT,E01009006,E05011135,Birmingham,E01009006
B31 3JA,E01009214,E05011152,Birmingham,E01009214
B74 2AL,E01009464,E05011179,Birmingham,E01009464
B31 1TB,E01009498,E05011119,Birmingham,E01009498
B31 2FU,E01009219,E05011158,Birmingham,E01009219
B21 0SX,E01009359,E05011168,Birmingham,E01009359
B31 2HE,E01008962,E05011129,Birmingham,E01008962
B26 3TS,E01009314,E05011166,Birmingham,E01009314
B7 5BH,E01034928,E05011155,Birmingham,E01034928
B23 5AP,E01034913,E05011161,Birmingham,E01034913
B74 2AN,E01009464,E05011179,Birmingham,E01009464
B42 2AB,E01009234,E05011160,Birmingham,E01009234
B14 6RS,E01008972,E05011130,Birmingham,E01008972
B10 9DT,E01009335,E05011167,Birmingham,E01009335
B17 0QH,E01009071,E05011144,Birmingham,E01009071
B30 1LX,E01008950,E05011129,Birmingham,E01008950
B31 2GZ,E01034944,E05011152,Birmingham,E01034944
B38 8LN,E01009217,E05011152,Birmingham,E01009217
B26 2HS,E01009519,E05011185,Birmingham,E01009519
B24 9JE,E01034916,E05011135,Birmingham,E01034916
B42 1QH,E01009240,E05011160,Birmingham,E01009240
B21 9QA,E01009266,E05011142,Birmingham,E01009266
B13 9ND,E01009045,E05011171,Birmingham,E01009045
B73 5DA,E01009473,E05011179,Birmingham,E01009473
B75 5AQ,E01009423,E05011175,Birmingham,E01009423
B21 0PF,E01034922,E05011168,Birmingham,E01034922
B42 1JJ,E01009235,E05011160,Birmingham,E01009235
B23 7JH,E01009410,E05011173,Birmingham,E01009410
B34 7EA,E01009309,E05011165,Birmingham,E01009309
B5 7PU,E01008996,E05011122,Birmingham,E01008996
B12 0PW,E01034946,E05011126,Birmingham,E01034946
B30 2UG,E01008964,E05011172,Birmingham,E01008964
B31 2EH,E01009218,E05011129,Birmingham,E01009218
B34 7AX,E01009306,E05011165,Birmingham,E01009306
B34 7SE,E01009297,E05011165,Birmingham,E01009297
B42 2HY,E01009247,E05011160,Birmingham,E01009247
B5 7PX,E01008996,E05011122,Birmingham,E01008996
B20 3UY,E01034918,E05011125,Birmingham,E01034918
B24 0DP,E01009009,E05011135,Birmingham,E01009009
B45 8AG,E01034945,E05011152,Birmingham,E01034945
B29 5EL,E01009503,E05011184,Birmingham,E01009503
B27 6DS,E01008894,E05011118,Birmingham,E01008894
B5 7XG,E01008982,E05011134,Birmingham,E01008982
B27 7AU,E01009019,E05011118,Birmingham,E01009019
B75 5TR,E01009416,E05011177,Birmingham,E01009416
B27 7QH,E01009022,E05011118,Birmingham,E01009022
B32 1LJ,E01009249,E05011163,Birmingham,E01009249
B31 3XR,E01009211,E05011152,Birmingham,E01009211
B35 7DS,E01009099,E05011132,Birmingham,E01009099
B38 9AX,E01009113,E05011149,Birmingham,E01009113
B38 9QG,E01009110,E05011149,Birmingham,E01009110
B27 7LW,E01009024,E05011118,Birmingham,E01009024
B27 7BG,E01009015,E05011118,Birmingham,E01009015
B38 0AB,E01009120,E05011149,Birmingham,E01009120
B27 7RS,E01009018,E05011182,Birmingham,E01009018
B32 1RU,E01009259,E05011163,Birmingham,E01009259
B21 9AB,E01009270,E05011142,Birmingham,E01009270
B23 6GD,E01033630,E05011173,Birmingham,E01033630
B23 7AA,E01009406,E05011161,Birmingham,E01009406
B28 8SN,E01009043,E05011140,Birmingham,E01009043
B32 1QY,E01009250,E05011163,Birmingham,E01009250
B17 8SJ,E01009260,E05011163,Birmingham,E01009260
B16 8DX,E01009143,E05011151,Birmingham,E01009143
B74 2XR,E01009427,E05011174,Birmingham,E01009427
B9 5AB,E01009344,E05011127,Birmingham,E01009344
B23 6LS,E01009006,E05011135,Birmingham,E01009006
B32 2RL,E01009257,E05011163,Birmingham,E01009257
B31 5ED,E01009208,E05011158,Birmingham,E01009208
B34 7RU,E01009310,E05011165,Birmingham,E01009310
B30 3QL,E01008975,E05011133,Birmingham,E01008975
B35 7LS,E01009097,E05011132,Birmingham,E01009097
B75 6QT,E01009426,E05011177,Birmingham,E01009426
B15 2BY,E01033624,E05011151,Birmingham,E01033624
B72 1RA,E01009424,E05011178,Birmingham,E01009424
B74 4DG,E01009415,E05011175,Birmingham,E01009415
B27 6LA,E01008890,E05011118,Birmingham,E01008890
B32 2RE,E01009255,E05011163,Birmingham,E01009255
B28 8NJ,E01009043,E05011140,Birmingham,E01009043
B8 3BY,E01009195,E05011120,Birmingham,E01009195
B33 0PL,E01009317,E05011166,Birmingham,E01009317
B75 6JJ,E01009446,E05011177,Birmingham,E01009446
B20 3PN,E01009059,E05011125,Birmingham,E01009059
B14 6SS,E01008967,E05011130,Birmingham,E01008967
B32 1QZ,E01009250,E05011163,Birmingham,E01009250
B27 6RZ,E01008895,E05011169,Birmingham,E01008895
B76 1YH,E01009443,E05011180,Birmingham,E01009443
B34 6TP,E01009309,E05011165,Birmingham,E01009309
B16 9DP,E01008987,E05011151,Birmingham,E01008987
B17 9AD,E01009252,E05011163,Birmingham,E01009252
B24 9QF,E01009011,E05011135,Birmingham,E01009011
B24 0QF,E01009105,E05011162,Birmingham,E01009105
B13 9LR,E01009395,E05011171,Birmingham,E01009395
B31 3PW,E01009216,E05011152,Birmingham,E01009216
B27 6EA,E01008894,E05011118,Birmingham,E01008894
B35 7JZ,E01009097,E05011132,Birmingham,E01009097
B29 6HP,E01009295,E05011129,Birmingham,E01009295
B73 6BY,E01009449,E05011178,Birmingham,E01009449
B31 2QP,E01009209,E05011158,Birmingham,E01009209
B20 2NX,E01009263,E05011143,Birmingham,E01009263
B16 0AZ,E01009153,E05011157,Birmingham,E01009153
B29 6WX,E01009280,E05011129,Birmingham,E01009280
B26 2PR,E01009316,E05011166,Birmingham,E01009316
B27 6AG,E01008889,E05011118,Birmingham,E01008889
B32 1SU,E01009259,E05011163,Birmingham,E01009259
B76 1JY,E01009461,E05011181,Birmingham,E01009461
B31 2SW,E01009208,E05011158,Birmingham,E01009208
B3 1EN,E01033620,E05011168,Birmingham,E01033620
B8 2XL,E01009484,E05011183,Birmingham,E01009484
B26 1JR,E01008888,E05011169,Birmingham,E01008888
B20 3SL,,,,
B28 9QL,E01009032,E05011140,Birmingham,E01009032
B21 0SJ,E01034921,E05011168,Birmingham,E01034921
B17 0BN,E01009071,E05011144,Birmingham,E01009071
B29 6PP,E01009294,E05011184,Birmingham,E01009294
B74 2NG,E01009428,E05011178,Birmingham,E01009428
B24 0SD,E01009105,E05011162,Birmingham,E01009105
B28 8SU,E01009014,E05011140,Birmingham,E01009014
B6 7NY,E01008899,E05011155,Birmingham,E01008899
B31 4DF,E01009168,E05011152,Birmingham,E01009168
B16 0AE,E01009153,E05011151,Birmingham,E01009153
B31 2GU,E01034945,E05011152,Birmingham,E01034945
B75 6NH,E01009426,E05011177,Birmingham,E01009426
B28 0GB,E01009034,E05011140,Birmingham,E01009034
B17 9BE,E01009067,E05011144,Birmingham,E01009067
B26 1ED,E01008891,E05011169,Birmingham,E01008891
B34 6BJ,E01009089,E05011131,Birmingham,E01009089
B34 7QL,E01009310,E05011165,Birmingham,E01009310
B32 3SZ,E01008931,E05011123,Birmingham,E01008931
B76 1HD,E01009442,E05011180,Birmingham,E01009442
B74 4EW,E01009418,E05011175,Birmingham,E01009418
B38 9QN,E01009110,E05011149,Birmingham,E01009110
B34 6PY,E01009305,E05011165,Birmingham,E01009305
B28 0RG,E01009042,E05011141,Birmingham,E01009042
B33 9SA,E01009300,E05011138,Birmingham,E01009300
B14 5JJ,E01008947,E05011146,Birmingham,E01008947
B13 9EB,E01009385,E05011154,Birmingham,E01009385
B14 5UB,E01008948,E05011146,Birmingham,E01008948
B45 8TG,E01034945,E05011164,Birmingham,E01034945
B15 3LH,E01008992,E05011134,Birmingham,E01008992
B75 6EN,E01009444,E05011177,Birmingham,E01009444
B24 9QD,E01009011,E05011135,Birmingham,E01009011
B36 8HA,E01009085,E05011131,Birmingham,E01009085
B20 3QG,E01009059,E05011125,Birmingham,E01009059
B32 2RT,E01009255,E05011163,Birmingham,E01009255
B31 2GE,E01034944,E05011152,Birmingham,E01034944
B23 7UE,E01009124,E05011173,Birmingham,E01009124
B24 8HU,E01008999,E05011139,Birmingham,E01008999
B20 3ER,E01009054,E05011121,Birmingham,E01009054
B32 1JX,E01009257,E05011163,Birmingham,E01009257
B32 1EJ,E01009253,E05011163,Birmingham,E01009253
B29 5TW,E01009291,E05011184,Birmingham,E01009291
B13 9XY,E01009394,E05011154,Birmingham,E01009394
B21 0RJ,E01034922,E05011168,Birmingham,E01034922
B9 5UA,E01009477,E05011145,Birmingham,E01009477
B32 2HA,E01009261,E05011163,Birmingham,E01009261
B11 4PN,E01009397,E05011171,Birmingham,E01009397
B15 1LD,E01008994,E05011134,Birmingham,E01008994
B27 6AH,E01008889,E05011118,Birmingham,E01008889
B21 0EJ,E01009349,E05011147,Birmingham,E01009349
B13 0HW,E01008932,E05011124,Birmingham,E01008932
B33 0PH,E01009317,E05011166,Birmingham,E01009317
B30 1UT,E01008950,E05011129,Birmingham,E01008950
B11 1NQ,E01009368,E05011170,Birmingham,E01009368
B30 3NJ,E01008977,E05011133,Birmingham,E01008977
B45 9PN,E01009171,E05011164,Birmingham,E01009171
B72 1DQ,E01009463,E05011181,Birmingham,E01009463
B18 4QY,E01009359,E05011168,Birmingham,E01009359
B6 7NB,E01008899,E05011155,Birmingham,E01008899
B8 1HJ,E01034933,E05011120,Birmingham,E01034933
B73 6XQ,E01009469,E05011179,Birmingham,E01009469
B35 6NB,E01009097,E05011132,Birmingham,E01009097
B23 7HT,E01009126,E05011173,Birmingham,E01009126
B38 9QA,E01009110,E05011149,Birmingham,E01009110
B21 9PW,E01009266,E05011142,Birmingham,E01009266
B14 6PG,E01008973,E05011130,Birmingham,E01008973
B11 3PH,E01009029,E05011182,Birmingham,E01009029
B8 2NZ,E01009492,E05011138,Birmingham,E01009492
B24 0LL,E01009098,E05011162,Birmingham,E01009098
B10 0SE,E01009200,E05011126,Birmingham,E01009200
B6 6JR,E01034919,E05011121,Birmingham,E01034919
B24 8LF,E01009401,E05011139,Birmingham,E01009401
B34 6BH,E01009090,E05011131,Birmingham,E01009090
B9 5HL,E01009333,E05011127,Birmingham,E01009333
B23 5RP,E01009002,E05011135,Birmingham,E01009002
B74 4HX,E01009421,E05011174,Birmingham,E01009421
B28 0SP,E01008944,E05011124,Birmingham,E01008944
B12 8RZ,E01009399,E05011170,Birmingham,E01009399
B31 2FG,E01009493,E05011184,Birmingham,E01009493
B19 2NX,E01008913,E05011156,Birmingham,E01008913
B27 6GY,E01008892,E05011118,Birmingham,E01008892
B30 1RA,E01008950,E05011129,Birmingham,E01008950
B1 3DH,E01034951,E05011168,Birmingham,E01034951
B17 8RD,E01009252,E05011163,Birmingham,E01009252
B21 0SE,E01034921,E05011168,Birmingham,E01034921
B28 8LU,E01009043,E05011140,Birmingham,E01009043
B14 5EY,E01008943,E05011146,Birmingham,E01008943
B21 8JT,E01009272,E05011143,Birmingham,E01009272
B7 4HY,E01033561,E05011155,Birmingham,E01033561
B20 2HE,E01009270,E05011142,Birmingham,E01009270
B10 9NN,E01009334,E05011167,Birmingham,E01009334
B11 3QY,E01009026,E05011182,Birmingham,E01009026
B38 8XD,E01009117,E05011148,Birmingham,E01009117
B14 6JY,E01008975,E05011133,Birmingham,E01008975
B28 8LY,E01009043,E05011140,Birmingham,E01009043
B23 5QR,E01009001,E05011135,Birmingham,E01009001
B20 1DX,E01009279,E05011143,Birmingham,E01009279
B13 0LB,E01008938,E05011124,Birmingham,E01008938
B8 1EB,E01034934,E05011120,Birmingham,E01034934
B72 1YU,E01009461,E05011181,Birmingham,E01009461
B42 2QL,E01009248,E05011159,Birmingham,E01009248
B16 8FW,E01033564,E05011151,Birmingham,E01033564
B7 4NF,E01009204,E05011155,Birmingham,E01009204
B21 9DU,E01009353,E05011142,Birmingham,E01009353
B8 3BA,E01034931,E05011120,Birmingham,E01034931
B29 5PQ,E01008924,E05011123,Birmingham,E01008924
B30 2ET,E01008961,E05011129,Birmingham,E01008961
B28 0DW,E01009040,E05011141,Birmingham,E01009040
B28 0QX,E01009036,E05011141,Birmingham,E01009036
B31 4BH,E01009209,E05011152,Birmingham,E01009209
B31 3HB,E01009210,E05011152,Birmingham,E01009210
B14 5AE,E01008974,E05011133,Birmingham,E01008974
B26 2QP,E01009324,E05011166,Birmingham,E01009324
B44 8JT,E01009231,E05011150,Birmingham,E01009231
B75 7HX,E01009448,E05011176,Birmingham,E01009448
B16 0ER,E01009153,E05011157,Birmingham,E01009153
B15 2DN,E01033640,E05011151,Birmingham,E01033640
B36 8LX,E01009080,E05011131,Birmingham,E01009080
B16 8FZ,E01034949,E05011151,Birmingham,E01034949
B75 7QH,E01009447,E05011176,Birmingham,E01009447
B75 7DU,E01009432,E05011176,Birmingham,E01009432
B23 7DW,E01009401,E05011139,Birmingham,E01009401
B16 8HJ,E01033564,E05011151,Birmingham,E01033564
B29 7JS,E01009288,E05011128,Birmingham,E01009288
B9 5NG,E01033649,E05011145,Birmingham,E01033649
B8 1LX,E01034933,E05011120,Birmingham,E01034933
B45 8SX,E01009171,E05011164,Birmingham,E01009171
B33 9NE,E01009091,E05011138,Birmingham,E01009091
B75 7LB,E01009445,E05011176,Birmingham,E01009445
B29 6RS,E01009292,E05011184,Birmingham,E01009292
B11 4EH,E01009394,E05011171,Birmingham,E01009394
B18 5SQ,E01009360,E05011168,Birmingham,E01009360
B20 1NE,E01009264,E05011143,Birmingham,E01009264
B76 1ET,E01009454,E05011176,Birmingham,E01009454
B14 4DA,E01008939,E05011124,Birmingham,E01008939
B13 9TX,E01009188,E05011154,Birmingham,E01009188
B12 9EQ,E01009366,E05011122,Birmingham,E01009366
B26 3XH,E01009317,E05011166,Birmingham,E01009317
B38 9RP,E01009115,E05011149,Birmingham,E01009115
B21 0UQ,E01009359,E05011168,Birmingham,E01009359
B8 2PD,E01009492,E05011138,Birmingham,E01009492
B10 0EN,E01009338,E05011167,Birmingham,E01009338
B72 1AX,E01009462,E05011181,Birmingham,E01009462
B27 7UX,E01009018,E05011118,Birmingham,E01009018
B32 4JW,E01008928,E05011123,Birmingham,E01008928
B14 4QA,E01008945,E05011146,Birmingham,E01008945
B31 5HU,E01034942,E05011136,Birmingham,E01034942
B7 4JN,E01009204,E05011155,Birmingham,E01009204
B24 8HP,E01009400,E05011139,Birmingham,E01009400
B44 0LD,E01009129,E05011150,Birmingham,E01009129
B27 6HS,E01008890,E05011118,Birmingham,E01008890
B30 3AZ,E01008957,E05011172,Birmingham,E01008957
B31 2JB,E01009219,E05011158,Birmingham,E01009219
B17 9AB,E01009070,E05011144,Birmingham,E01009070
B18 7EE,E01009345,E05011168,Birmingham,E01009345
B29 5RX,E01009500,E05011184,Birmingham,E01009500
B13 8AH,E01009182,E05011154,Birmingham,E01009182
B21 8AB,E01009274,E05011147,Birmingham,E01009274
B31 1UB,E01008930,E05011123,Birmingham,E01008930
B20 2NB,E01009278,E05011143,Birmingham,E01009278
B12 8AR,E01009399,E05011154,Birmingham,E01009399
B38 9TW,E01009114,E05011149,Birmingham,E01009114
B31 5HJ,E01009162,E05011158,Birmingham,E01009162
B31 2QD,E01009206,E05011158,Birmingham,E01009206
B14 4DQ,E01008969,E05011124,Birmingham,E01008969
B14 5EU,E01008976,E05011133,Birmingham,E01008976
B12 8UD,E01009375,E05011170,Birmingham,E01009375
B13 0BE,E01009176,E05011154,Birmingham,E01009176
B21 9HX,E01009353,E05011142,Birmingham,E01009353
B75 7TB,E01009424,E05011178,Birmingham,E01009424
B23 5XE,E01009135,E05011161,Birmingham,E01009135
B14 6BT,E01008967,E05011130,Birmingham,E01008967
B44 0RU,E01009127,E05011150,Birmingham,E01009127
B44 8TJ,E01009228,E05011159,Birmingham,E01009228
B26 3LD,E01009319,E05011166,Birmingham,E01009319
B13 9AR,E01009385,E05011154,Birmingham,E01009385
B21 8JQ,E01009272,E05011143,Birmingham,E01009272
B12 9RS,E01009182,E05011122,Birmingham,E01009182
B17 0SU,E01009072,E05011144,Birmingham,E01009072
B45 8TH,E01009165,E05011164,Birmingham,E01009165
B45 9PR,E01009164,E05011164,Birmingham,E01009164
B33 0RH,E01009322,E05011137,Birmingham,E01009322
B31 4JP,E01009215,E05011152,Birmingham,E01009215
B23 7ST,E01009125,E05011173,Birmingham,E01009125
B11 4HY,E01009392,E05011171,Birmingham,E01009392
B42 1QS,E01009240,E05011160,Birmingham,E01009240
B8 2JU,E01009487,E05011183,Birmingham,E01009487
B14 6RA,E01008973,E05011130,Birmingham,E01008973
B31 2HT,E01009219,E05011158,Birmingham,E01009219
B14 6PQ,E01008970,E05011130,Birmingham,E01008970
B76 2RF,E01009434,E05011180,Birmingham,E01009434
B18 5DQ,E01009360,E05011168,Birmingham,E01009360
B29 4LP,E01009506,E05011184,Birmingham,E01009506
B28 0LN,E01009036,E05011141,Birmingham,E01009036
B13 9LZ,E01009044,E05011171,Birmingham,E01009044
B12 9NG,E01034938,E05011122,Birmingham,E01034938
B36 8EL,E01009084,E05011131,Birmingham,E01009084
B38 9TB,E01009114,E05011149,Birmingham,E01009114
B72 1RS,E01009463,E05011181,Birmingham,E01009463
B45 9LT,E01009164,E05011164,Birmingham,E01009164
B33 8PL,E01009515,E05011186,Birmingham,E01009515
B32 3AP,E01008919,E05011123,Birmingham,E01008919
B75 5HW,E01009415,E05011175,Birmingham,E01009415
B44 0TL,E01009131,E05011150,Birmingham,E01009131
B38 9SQ,E01009114,E05011149,Birmingham,E01009114
B28 0TT,E01009042,E05011141,Birmingham,E01009042
B28 9PJ,E01009035,E05011140,Birmingham,E01009035
B73 6UF,E01009465,E05011179,Birmingham,E01009465
B15 2UP,E01034936,E05011134,Birmingham,E01034936
B29 5AU,E01009294,E05011184,Birmingham,E01009294
B32 1RS,E01009259,E05011163,Birmingham,E01009259
B27 7AS,E01009025,E05011118,Birmingham,E01009025
B42 1LX,E01009238,E05011160,Birmingham,E01009238
B26 2EA,E01009517,E05011137,Birmingham,E01009517
B11 4NT,E01009396,E05011171,Birmingham,E01009396
B72 1JQ,E01009471,E05011181,Birmingham,E01009471
B13 9PT,E01009185,E05011154,Birmingham,E01009185
B24 0PA,E01009105,E05011162,Birmingham,E01009105
B14 7SR,E01009188,E05011130,Birmingham,E01009188
B29 7AF,E01034940,E05011128,Birmingham,E01034940
B32 4JQ,E01008928,E05011123,Birmingham,E01008928
B20 2JB,E01009265,E05011143,Birmingham,E01009265
B34 6TL,E01009309,E05011165,Birmingham,E01009309
B73 6DA,E01009449,E05011178,Birmingham,E01009449
B73 6EQ,E01009473,E05011179,Birmingham,E01009473
B14 7HU,E01009179,E05011130,Birmingham,E01009179
B30 2PU,E01008952,E05011172,Birmingham,E01008952
B76 2RQ,E01009434,E05011180,Birmingham,E01009434
B44 0SX,E01009129,E05011150,Birmingham,E01009129
B12 9LP,E01009374,E05011122,Birmingham,E01009374
B21 8PR,E01009268,E05011147,Birmingham,E01009268
B38 8JT,E01009112,E05011148,Birmingham,E01009112
B34 7RN,E01009310,E05011165,Birmingham,E01009310
B28 0LX,E01009040,E05011141,Birmingham,E01009040
B74 4XU,E01009433,E05011175,Birmingham,E01009433
B42 2PS,E01009236,E05011160,Birmingham,E01009236
B28 8JA,E01009030,E05011140,Birmingham,E01009030
B8 2RZ,E01009086,E05011131,Birmingham,E01009086
B17 9JT,E01009068,E05011144,Birmingham,E01009068
B14 7SD,E01009178,E05011130,Birmingham,E01009178
B31 4NT,E01009166,E05011152,Birmingham,E01009166
B9 5DP,E01009328,E05011127,Birmingham,E01009328
B75 7PX,E01009445,E05011176,Birmingham,E01009445
B30 2BB,E01009280,E05011129,Birmingham,E01009280
B7 5BP,E01034928,E05011155,Birmingham,E01034928
B29 5SE,E01009064,E05011184,Birmingham,E01009064
B17 0NB,E01009075,E05011144,Birmingham,E01009075
B34 6NT,E01009305,E05011131,Birmingham,E01009305
B1 1PP,E01033557,E05011151,Birmingham,E01033557
B23 7SF,E01009411,E05011173,Birmingham,E01009411
B26 2QU,E01009324,E05011166,Birmingham,E01009324
B8 3QU,E01009489,E05011120,Birmingham,E01009489
B34 6SD,E01009307,E05011165,Birmingham,E01009307
B26 2QJ,E01009323,E05011166,Birmingham,E01009323
B27 6LF,E01008892,E05011118,Birmingham,E01008892
B38 0AD,E01009120,E05011149,Birmingham,E01009120
B13 9NZ,E01009185,E05011154,Birmingham,E01009185
B24 0LS,E01009100,E05011162,Birmingham,E01009100
B29 5EE,E01009504,E05011184,Birmingham,E01009504
B11 1JZ,E01009365,E05011170,Birmingham,E01009365
B14 5LX,E01008976,E05011133,Birmingham,E01008976
B12 8TG,E01009375,E05011170,Birmingham,E01009375
B24 8LJ,E01009400,E05011139,Birmingham,E01009400
B12 8QB,E01033648,E05011170,Birmingham,E01033648
B20 3BH,E01034918,E05011121,Birmingham,E01034918
B15 2DQ,E01033640,E05011151,Birmingham,E01033640
B9 4JL,E01009200,E05011126,Birmingham,E01009200
B1 3BH,E01034950,E05011168,Birmingham,E01034950
B73 5PQ,E01009466,E05011181,Birmingham,E01009466
B33 9DG,E01009092,E05011138,Birmingham,E01009092
B15 2DT,E01033624,E05011151,Birmingham,E01033624
B11 3SA,E01034954,E05011170,Birmingham,E01034954
B29 5HN,E01009503,E05011184,Birmingham,E01009503
B23 5EA,E01009404,E05011161,Birmingham,E01009404
B35 7DP,E01009103,E05011132,Birmingham,E01009103
B73 5NT,E01009459,E05011181,Birmingham,E01009459
B6 4TP,E01008910,E05011156,Birmingham,E01008910
B45 8EB,E01009171,E05011164,Birmingham,E01009171
B32 3ET,E01033629,E05011123,Birmingham,E01033629
B25 8YY,E01008897,E05011186,Birmingham,E01008897
B4 7DL,E01033561,E05011155,Birmingham,E01033561
B44 9ST,E01009221,E05011159,Birmingham,E01009221
B14 7NS,E01008963,E05011130,Birmingham,E01008963
B15 1EG,E01009146,E05011151,Birmingham,E01009146
B23 7SE,E01009414,E05011173,Birmingham,E01009414
B34 6HB,E01009091,E05011138,Birmingham,E01009091
B45 8TA,E01009171,E05011164,Birmingham,E01009171
B8 1RU,E01009483,E05011120,Birmingham,E01009483
B45 8RU,E01009169,E05011164,Birmingham,E01009169
B17 9EW,E01009067,E05011144,Birmingham,E01009067
B15 3NG,E01008991,E05011134,Birmingham,E01008991
B76 9AN,E01009441,E05011180,Birmingham,E01009441
B7 4PA,E01034927,E05011155,Birmingham,E01034927
B15 2EJ,E01033624,E05011151,Birmingham,E01033624
B44 0RB,E01009127,E05011150,Birmingham,E01009127
B1 1PW,E01033557,E05011151,Birmingham,E01033557
B38 9LA,E01009113,E05011149,Birmingham,E01009113
B15 2AU,E01033624,E05011151,Birmingham,E01033624
B31 3NR,E01009217,E05011152,Birmingham,E01009217
B20 2EE,E01009050,E05011125,Birmingham,E01009050
B32 2BA,E01009261,E05011163,Birmingham,E01009261
B9 4TA,E01034935,E05011126,Birmingham,E01034935
B23 6UG,E01009007,E05011135,Birmingham,E01009007
B74 2SB,E01009427,E05011174,Birmingham,E01009427
B14 5YR,E01008979,E05011133,Birmingham,E01008979
B17 8PR,E01009066,E05011144,Birmingham,E01009066
B42 2SE,E01009244,E05011159,Birmingham,E01009244
B28 0PS,E01009036,E05011141,Birmingham,E01009036
B3 1PP,E01033622,E05011168,Birmingham,E01033622
B12 0SS,E01034947,E05011126,Birmingham,E01034947
B29 5JD,E01009291,E05011184,Birmingham,E01009291
B6 6BD,E01034923,E05011121,Birmingham,E01034923
B28 0NF,E01009039,E05011141,Birmingham,E01009039
B14 5TE,,,,
B3 1LL,E01033622,E05011168,Birmingham,E01033622
B11 4JY,E01009371,E05011170,Birmingham,E01009371
B13 9DX,E01033648,E05011154,Birmingham,E01033648
B17 0EQ,E01009069,E05011144,Birmingham,E01009069
B8 2EL,E01009481,E05011183,Birmingham,E01009481
B17 8EN,E01009139,E05011157,Birmingham,E01009139
B38 9LW,E01009109,E05011149,Birmingham,E01009109
B13 9BT,E01009390,E05011154,Birmingham,E01009390
B20 2AZ,E01009050,E05011143,Birmingham,E01009050
B23 6TJ,E01009007,E05011135,Birmingham,E01009007
B33 9JE,E01009092,E05011138,Birmingham,E01009092
B44 0PB,E01009132,E05011150,Birmingham,E01009132
B8 1PG,E01009482,E05011120,Birmingham,E01009482
B24 8JT,E01008998,E05011139,Birmingham,E01008998
B31 4ND,E01034944,E05011152,Birmingham,E01034944
B13 8BU,E01009384,E05011154,Birmingham,E01009384
B8 2XQ,E01009479,E05011183,Birmingham,E01009479
B21 9AF,E01009270,E05011142,Birmingham,E01009270
B14 4DD,E01008969,E05011124,Birmingham,E01008969
B13 9UZ,E01009395,E05011154,Birmingham,E01009395
B12 9AG,E01009374,E05011122,Birmingham,E01009374
B26 3JR,E01009320,E05011166,Birmingham,E01009320
B32 4HN,E01008923,E05011123,Birmingham,E01008923
B9 5AH,E01009344,E05011127,Birmingham,E01009344
B30 2YS,E01009282,E05011128,Birmingham,E01009282
B35 6EA,E01009101,E05011132,Birmingham,E01009101
B15 3NP,E01008991,E05011134,Birmingham,E01008991
B32 2DX,E01009254,E05011163,Birmingham,E01009254
B32 2TD,E01009256,E05011163,Birmingham,E01009256
B73 5BW,E01009460,E05011179,Birmingham,E01009460
B9 5PU,E01009342,E05011145,Birmingham,E01009342
B25 8AY,E01008883,E05011182,Birmingham,E01008883
B18 4RL,E01009360,E05011168,Birmingham,E01009360
B24 9BG,E01009012,E05011135,Birmingham,E01009012
B44 9JL,E01009221,E05011159,Birmingham,E01009221
B75 7ED,E01009447,E05011176,Birmingham,E01009447
B29 5PN,E01009502,E05011184,Birmingham,E01009502
B31 2YS,E01009213,E05011152,Birmingham,E01009213
B32 1RG,E01009250,E05011163,Birmingham,E01009250
B16 8AB,E01033618,E05011151,Birmingham,E01033618
B14 4TP,E01008949,E05011146,Birmingham,E01008949
B30 1JH,E01008960,E05011129,Birmingham,E01008960
B31 1BE,E01008929,E05011123,Birmingham,E01008929
B12 0YB,E01009362,E05011126,Birmingham,E01009362
B8 1PR,E01009483,E05011120,Birmingham,E01009483
B31 5EX,E01034942,E05011136,Birmingham,E01034942
B31 2ES,E01008962,E05011129,Birmingham,E01008962
B72 1AZ,E01009463,E05011181,Birmingham,E01009463
B3 1PW,E01033565,E05011168,Birmingham,E01033565
B28 8BF,E01009030,E05011140,Birmingham,E01009030
B11 3RQ,E01034954,E05011170,Birmingham,E01034954
B13 9SZ,E01009189,E05011154,Birmingham,E01009189
B19 2XH,E01033638,E05011156,Birmingham,E01033638
B16 0NN,E01009152,E05011157,Birmingham,E01009152
B11 1TT,E01009373,E05011170,Birmingham,E01009373
B30 3AX,E01008957,E05011172,Birmingham,E01008957
B11 3EH,E01009014,E05011140,Birmingham,E01009014
B10 9BS,E01009325,E05011167,Birmingham,E01009325
B32 4EH,E01008923,E05011123,Birmingham,E01008923
B14 5ET,E01008976,E05011133,Birmingham,E01008976
B25 8XT,E01009518,E05011185,Birmingham,E01009518
B29 6TE,E01009078,E05011184,Birmingham,E01009078
B92 8JT,E01009320,E05011166,Birmingham,E01009320
B29 4BE,E01009294,E05011184,Birmingham,E01009294
B31 4QB,E01009168,E05011152,Birmingham,E01009168
B26 1EA,E01008891,E05011169,Birmingham,E01008891
B16 0DD,E01009153,E05011151,Birmingham,E01009153
B42 1LH,E01009237,E05011160,Birmingham,E01009237
B24 0HN,E01009005,E05011135,Birmingham,E01009005
B8 3PE,E01009488,E05011120,Birmingham,E01009488
B9 4SA,E01009199,E05011126,Birmingham,E01009199
B6 6LF,E01034923,E05011121,Birmingham,E01034923
B9 4BT,E01009200,E05011126,Birmingham,E01009200
B24 8JJ,E01008998,E05011139,Birmingham,E01008998
B34 6LL,E01009087,E05011131,Birmingham,E01009087
B29 6HH,E01009290,E05011128,Birmingham,E01009290
B32 2RB,E01009255,E05011163,Birmingham,E01009255
B19 3HD,E01034930,E05011156,Birmingham,E01034930
B31 1TW,E01008930,E05011123,Birmingham,E01008930
B12 9TY,E01009374,E05011122,Birmingham,E01009374
B31 4NE,E01034945,E05011152,Birmingham,E01034945
B9 4PT,E01009200,E05011126,Birmingham,E01009200
B42 2PU,E01009236,E05011160,Birmingham,E01009236
B32 3TE,E01008931,E05011123,Birmingham,E01008931
B31 3TQ,E01009210,E05011152,Birmingham,E01009210
B31 5LZ,E01009173,E05011119,Birmingham,E01009173
B11 3LG,E01034953,E05011171,Birmingham,E01034953
B14 6DL,E01008971,E05011130,Birmingham,E01008971
B26 1TH,E01008886,E05011169,Birmingham,E01008886
B13 9PL,E01009185,E05011154,Birmingham,E01009185
B31 4SG,E01009216,E05011152,Birmingham,E01009216
B20 2LZ,E01009262,E05011143,Birmingham,E01009262
B73 6DD,E01009424,E05011178,Birmingham,E01009424
B30 2UX,E01008964,E05011172,Birmingham,E01008964
B1 3FD,E01033623,E05011168,Birmingham,E01033623
B1 3FE,E01033623,E05011168,Birmingham,E01033623
B75 6AN,E01009444,E05011177,Birmingham,E01009444
B17 8EL,E01009139,E05011157,Birmingham,E01009139
B8 2JR,E01009481,E05011183,Birmingham,E01009481
B12 9ER,E01009374,E05011122,Birmingham,E01009374
B30 2QL,E01008953,E05011172,Birmingham,E01008953
B34 6HJ,E01009093,E05011138,Birmingham,E01009093
B21 0UN,E01009358,E05011168,Birmingham,E01009358
B8 2LS,E01009481,E05011183,Birmingham,E01009481
B13 8DJ,E01009184,E05011154,Birmingham,E01009184
B9 5PN,E01009328,E05011127,Birmingham,E01009328
B31 3XG,E01009211,E05011152,Birmingham,E01009211
B6 5BX,E01008910,E05011121,Birmingham,E01008910
B75 6QB,E01009423,E05011177,Birmingham,E01009423
B72 1NJ,E01009453,E05011178,Birmingham,E01009453
B34 6EG,E01009089,E05011131,Birmingham,E01009089
B72 1EP,E01009457,E05011181,Birmingham,E01009457
B31 3XN,E01009211,E05011152,Birmingham,E01009211
B75 7DX,E01009452,E05011176,Birmingham,E01009452
B16 0HN,E01009152,E05011157,Birmingham,E01009152
B29 7PH,E01009293,E05011128,Birmingham,E01009293
B44 8TH,E01009228,E05011159,Birmingham,E01009228
B25 8HS,E01008884,E05011182,Birmingham,E01008884
B5 7RE,E01008982,E05011134,Birmingham,E01008982
B31 2XW,E01008954,E05011129,Birmingham,E01008954
B10 0LP,E01009329,E05011167,Birmingham,E01009329
B10 9PN,E01009327,E05011167,Birmingham,E01009327
B10 0DG,E01009379,E05011127,Birmingham,E01009379
B11 1XB,E01009371,E05011170,Birmingham,E01009371
B42 1HS,E01009245,E05011160,Birmingham,E01009245
B32 3AY,E01008924,E05011123,Birmingham,E01008924
B76 2TU,E01009450,E05011180,Birmingham,E01009450
B16 0LH,E01008986,E05011157,Birmingham,E01008986
B23 5RL,E01009001,E05011135,Birmingham,E01009001
B17 9RE,E01009067,E05011144,Birmingham,E01009067
B27 6DE,E01008894,E05011118,Birmingham,E01008894
B4 6LS,E01034930,E05011156,Birmingham,E01034930
B38 9TF,E01009113,E05011149,Birmingham,E01009113
B24 8HJ,E01009400,E05011139,Birmingham,E01009400
B36 8QX,E01009081,E05011131,Birmingham,E01009081
B33 8QF,E01009513,E05011186,Birmingham,E01009513
B43 6DS,E01009243,E05011160,Birmingham,E01009243
B25 8PP,E01008884,E05011182,Birmingham,E01008884
B24 0PT,E01009105,E05011162,Birmingham,E01009105
B42 2PF,E01009245,E05011160,Birmingham,E01009245
B3 1UQ,E01033623,E05011168,Birmingham,E01033623
B14 7RX,E01009177,E05011130,Birmingham,E01009177
B32 1PE,E01009249,E05011163,Birmingham,E01009249
B33 8DB,E01009512,E05011137,Birmingham,E01009512
B45 9SG,E01009160,E05011164,Birmingham,E01009160
B19 1RH,E01009062,E05011153,Birmingham,E01009062
B21 0TU,E01009359,E05011168,Birmingham,E01009359
B19 1BH,E01009355,E05011142,Birmingham,E01009355
B42 2FT,E01009244,E05011159,Birmingham,E01009244
B28 0JD,E01009034,E05011141,Birmingham,E01009034
B8 2UY,E01009479,E05011183,Birmingham,E01009479
B34 7ND,E01009310,E05011165,Birmingham,E01009310
B13 9TF,E01009187,E05011154,Birmingham,E01009187
B23 5HU,E01034914,E05011161,Birmingham,E01034914
B34 7JQ,E01009304,E05011165,Birmingham,E01009304
B17 0SD,E01009078,E05011144,Birmingham,E01009078
B31 5DL,E01009208,E05011158,Birmingham,E01009208
B11 2NG,E01009339,E05011170,Birmingham,E01009339
B6 5BD,E01008910,E05011121,Birmingham,E01008910
B31 2TY,E01009158,E05011158,Birmingham,E01009158
B23 7RA,E01009412,E05011173,Birmingham,E01009412
B31 1RT,E01009499,E05011119,Birmingham,E01009499
B8 1RJ,E01009479,E05011120,Birmingham,E01009479
B8 3JW,E01009489,E05011120,Birmingham,E01009489
B15 3PQ,E01008991,E05011134,Birmingham,E01008991
B20 2HT,E01009265,E05011143,Birmingham,E01009265
B30 1HG,E01008954,E05011129,Birmingham,E01008954
B76 1LN,E01009439,E05011180,Birmingham,E01009439
B5 7FW,E01009362,E05011126,Birmingham,E01009362
B12 8AX,E01009399,E05011154,Birmingham,E01009399
B13 8PG,E01008964,E05011172,Birmingham,E01008964
B76 1EH,E01009436,E05011180,Birmingham,E01009436
B21 8AL,E01009273,E05011147,Birmingham,E01009273
B12 8NA,E01009375,E05011170,Birmingham,E01009375
B9 5US,E01009475,E05011145,Birmingham,E01009475
B42 1NB,E01009236,E05011160,Birmingham,E01009236
B21 9HE,E01009353,E05011142,Birmingham,E01009353
B21 9JZ,E01009270,E05011142,Birmingham,E01009270
B13 0AP,E01009176,E05011154,Birmingham,E01009176
B31 5JH,E01034942,E05011136,Birmingham,E01034942
B17 0JW,E01033562,E05011144,Birmingham,E01033562
B14 6LD,E01008973,E05011130,Birmingham,E01008973
B21 0EX,E01009351,E05011147,Birmingham,E01009351
B28 8HN,E01009045,E05011140,Birmingham,E01009045
B10 0HY,E01009338,E05011167,Birmingham,E01009338
B31 1DJ,E01008929,E05011123,Birmingham,E01008929
B34 6BL,E01009089,E05011131,Birmingham,E01009089
B21 0SU,E01009359,E05011168,Birmingham,E01009359
B24 9SH,E01009104,E05011162,Birmingham,E01009104
B31 2GP,E01009493,E05011184,Birmingham,E01009493
B24 0NB,E01009098,E05011162,Birmingham,E01009098
B16 8FU,E01034949,E05011151,Birmingham,E01034949
B33 0QG,E01009321,E05011166,Birmingham,E01009321
B29 6GQ,E01009284,E05011129,Birmingham,E01009284
B31 5EF,E01009162,E05011158,Birmingham,E01009162
B25 8XR,E01009518,E05011185,Birmingham,E01009518
B74 2TS,E01009427,E05011174,Birmingham,E01009427
B23 6EE,E01009409,E05011173,Birmingham,E01009409
B28 0PZ,E01009041,E05011141,Birmingham,E01009041
B44 9HP,E01009220,E05011159,Birmingham,E01009220
B38 8NH,E01009114,E05011148,Birmingham,E01009114
B10 9QN,E01009332,E05011127,Birmingham,E01009332
B23 7PR,E01009414,E05011173,Birmingham,E01009414
B26 2TY,E01009322,E05011137,Birmingham,E01009322
B20 3NG,E01034917,E05011125,Birmingham,E01034917
B33 9LP,E01009093,E05011138,Birmingham,E01009093
B11 1NP,E01009371,E05011170,Birmingham,E01009371
B44 0QG,E01009133,E05011150,Birmingham,E01009133
B36 8UT,E01009082,E05011131,Birmingham,E01009082
B34 6EH,E01009089,E05011131,Birmingham,E01009089
B9 4UP,E01034935,E05011126,Birmingham,E01034935
B11 4JN,E01009389,E05011171,Birmingham,E01009389
B21 9QS,E01009275,E05011147,Birmingham,E01009275
B29 7SE,E01009280,E05011128,Birmingham,E01009280
B28 0TE,E01008940,E05011124,Birmingham,E01008940
B8 1TA,E01009192,E05011120,Birmingham,E01009192
B42 2UN,E01009239,E05011160,Birmingham,E01009239
B21 8PF,E01009268,E05011143,Birmingham,E01009268
B29 4PZ,E01009493,E05011184,Birmingham,E01009493
B72 1SW,E01009451,E05011178,Birmingham,E01009451
B12 0DG,E01009365,E05011170,Birmingham,E01009365
B20 2QL,E01009051,E05011125,Birmingham,E01009051
B9 4UR,E01034935,E05011126,Birmingham,E01034935
B42 2BJ,E01009245,E05011160,Birmingham,E01009245
B33 8BA,E01009507,E05011186,Birmingham,E01009507
B18 6DX,E01033559,E05011168,Birmingham,E01033559
B13 9XS,E01009394,E05011154,Birmingham,E01009394
B23 5GF,E01034914,E05011161,Birmingham,E01034914
B24 0RJ,E01009100,E05011162,Birmingham,E01009100
B11 1NA,E01033650,E05011170,Birmingham,E01033650
B14 4JJ,E01008944,E05011124,Birmingham,E01008944
B8 2RL,E01009086,E05011131,Birmingham,E01009086
B13 9NE,E01009395,E05011171,Birmingham,E01009395
B8 2RR,E01009086,E05011131,Birmingham,E01009086
B32 2EP,E01009261,E05011163,Birmingham,E01009261
B27 6SE,E01008891,E05011169,Birmingham,E01008891
B38 8BT,E01009116,E05011148,Birmingham,E01009116
B18 7DZ,E01009345,E05011168,Birmingham,E01009345
B19 2QD,E01008913,E05011156,Birmingham,E01008913
B26 3YA,E01009317,E05011166,Birmingham,E01009317
B76 1JB,E01009440,E05011180,Birmingham,E01009440
B31 1JR,E01008930,E05011123,Birmingham,E01008930
B16 0EZ,E01009153,E05011157,Birmingham,E01009153
B29 5NS,E01009501,E05011184,Birmingham,E01009501
B14 6SQ,E01008966,E05011130,Birmingham,E01008966
B13 8NT,E01009186,E05011154,Birmingham,E01009186
B8 2SU,E01009488,E05011183,Birmingham,E01009488
B73 5LA,E01009456,E05011181,Birmingham,E01009456
B14 5UT,E01008980,E05011133,Birmingham,E01008980
B13 0RN,E01008936,E05011124,Birmingham,E01008936
B44 9BH,E01009223,E05011159,Birmingham,E01009223
B75 5RU,E01009416,E05011177,Birmingham,E01009416
B10 9NW,E01009334,E05011167,Birmingham,E01009334
B73 5JN,E01009462,E05011181,Birmingham,E01009462
B26 2PB,E01009324,E05011166,Birmingham,E01009324
B73 5LZ,E01009462,E05011181,Birmingham,E01009462
B31 4SL,E01009216,E05011152,Birmingham,E01009216
B29 5HW,E01009294,E05011184,Birmingham,E01009294
B28 0PT,E01009036,E05011141,Birmingham,E01009036
B36 8AN,E01009087,E05011131,Birmingham,E01009087
B9 5JG,E01009326,E05011145,Birmingham,E01009326
B13 9LB,E01009185,E05011154,Birmingham,E01009185
B30 2PB,E01008952,E05011172,Birmingham,E01008952
B6 7DN,E01008915,E05011121,Birmingham,E01008915
B27 7BJ,E01009015,E05011118,Birmingham,E01009015
B35 6DN,E01009099,E05011132,Birmingham,E01009099
B28 8NU,E01009023,E05011118,Birmingham,E01009023
B16 8JQ,E01034949,E05011151,Birmingham,E01034949
B8 3NH,E01009491,E05011120,Birmingham,E01009491
B75 7QD,E01009445,E05011176,Birmingham,E01009445
B23 5SY,E01009001,E05011135,Birmingham,E01009001
B73 5XD,E01009472,E05011179,Birmingham,E01009472
B20 2HZ,E01009265,E05011143,Birmingham,E01009265
B29 5TU,E01009502,E05011184,Birmingham,E01009502
B23 7BD,E01009406,E05011173,Birmingham,E01009406
B29 6AH,E01034940,E05011128,Birmingham,E01034940
B20 1JB,E01009279,E05011143,Birmingham,E01009279
B21 0UJ,E01009358,E05011168,Birmingham,E01009358
B35 7HY,E01009103,E05011132,Birmingham,E01009103
B16 9LS,E01008989,E05011134,Birmingham,E01008989
B32 3RL,E01008917,E05011123,Birmingham,E01008917
B19 2ET,E01034925,E05011153,Birmingham,E01034925
B11 4PL,E01009397,E05011170,Birmingham,E01009397
B17 0AN,E01009071,E05011144,Birmingham,E01009071
B17 9JN,E01009065,E05011144,Birmingham,E01009065
B35 6NS,E01009106,E05011132,Birmingham,E01009106
B44 0DH,E01009134,E05011150,Birmingham,E01009134
B29 6UN,E01009280,E05011128,Birmingham,E01009280
B45 0DR,E01009157,E05011136,Birmingham,E01009157
B23 5BG,E01034914,E05011161,Birmingham,E01034914
B11 4PT,E01009399,E05011171,Birmingham,E01009399
B32 1HF,E01009251,E05011163,Birmingham,E01009251
B20 1DF,E01009279,E05011143,Birmingham,E01009279
B29 4DE,E01009504,E05011184,Birmingham,E01009504
B74 2RT,E01009427,E05011174,Birmingham,E01009427
B1 2RT,E01033565,E05011151,Birmingham,E01033565
B76 1TS,E01009437,E05011180,Birmingham,E01009437
B11 3FJ,E01034955,E05011140,Birmingham,E01034955
B19 2EX,E01008909,E05011153,Birmingham,E01008909
B11 1SH,E01009367,E05011170,Birmingham,E01009367
B14 4PB,E01008946,E05011146,Birmingham,E01008946
B8 2BT,E01009478,E05011183,Birmingham,E01009478
B31 3BF,E01009117,E05011148,Birmingham,E01009117
B44 0PH,E01009132,E05011150,Birmingham,E01009132
B11 3SL,E01033643,E05011171,Birmingham,E01033643
B33 9ET,E01009094,E05011138,Birmingham,E01009094
B12 9QU,E01009376,E05011122,Birmingham,E01009376
B74 4JB,E01009417,E05011174,Birmingham,E01009417
B29 7RG,E01009293,E05011128,Birmingham,E01009293
B12 9QF,E01034938,E05011122,Birmingham,E01034938
B15 3LW,E01008991,E05011134,Birmingham,E01008991
B44 8TR,E01009227,E05011159,Birmingham,E01009227
B30 1AS,E01008962,E05011129,Birmingham,E01008962
B29 6WT,E01009280,E05011129,Birmingham,E01009280
B76 2RH,E01009434,E05011180,Birmingham,E01009434
B6 6PT,E01009053,E05011121,Birmingham,E01009053
B33 0SA,E01009322,E05011137,Birmingham,E01009322
B28 0UA,E01009042,E05011141,Birmingham,E01009042
B20 2QQ,E01009051,E05011125,Birmingham,E01009051
B6 6LW,E01009061,E05011121,Birmingham,E01009061
B9 5NF,E01034935,E05011126,Birmingham,E01034935
B32 2LB,E01009070,E05011144,Birmingham,E01009070
B23 7AN,E01009406,E05011173,Birmingham,E01009406
B12 9SY,E01009366,E05011122,Birmingham,E01009366
B19 3DA,E01033638,E05011156,Birmingham,E01033638
B44 8BA,E01009232,E05011150,Birmingham,E01009232
B15 2AN,E01033640,E05011151,Birmingham,E01033640
B75 5TP,E01009416,E05011177,Birmingham,E01009416
B31 1AN,E01008924,E05011123,Birmingham,E01008924
B14 6BA,E01008968,E05011130,Birmingham,E01008968
B12 8HG,E01009397,E05011170,Birmingham,E01009397
B21 0NP,E01009354,E05011168,Birmingham,E01009354
B34 6AA,E01009090,E05011131,Birmingham,E01009090
B30 2DP,E01008955,E05011129,Birmingham,E01008955
B44 8NB,E01009248,E05011159,Birmingham,E01009248
B26 1ND,E01009313,E05011166,Birmingham,E01009313
B8 3BS,E01009195,E05011120,Birmingham,E01009195
B38 9AN,E01009120,E05011149,Birmingham,E01009120
B11 1ND,E01033650,E05011170,Birmingham,E01033650
B11 1LN,E01009368,E05011170,Birmingham,E01009368
B44 0TG,E01009128,E05011150,Birmingham,E01009128
B9 5LW,E01033649,E05011145,Birmingham,E01033649
B28 0EG,E01009031,E05011141,Birmingham,E01009031
B11 1LH,E01009368,E05011170,Birmingham,E01009368
B42 2EG,E01009246,E05011160,Birmingham,E01009246
B23 7RG,E01009412,E05011173,Birmingham,E01009412
B25 8QG,E01008896,E05011186,Birmingham,E01008896
B29 7JN,E01009283,E05011128,Birmingham,E01009283
B28 9QB,E01009035,E05011140,Birmingham,E01009035
B19 1EN,E01008907,E05011153,Birmingham,E01008907
B13 9SW,E01009187,E05011154,Birmingham,E01009187
B30 2JB,E01008955,E05011172,Birmingham,E01008955
B33 9JA,E01009093,E05011138,Birmingham,E01009093
B19 1HE,E01009047,E05011125,Birmingham,E01009047
B21 9EQ,E01009353,E05011142,Birmingham,E01009353
B75 7NH,E01009448,E05011176,Birmingham,E01009448
B31 2DA,E01009218,E05011158,Birmingham,E01009218
B30 2UY,E01008964,E05011172,Birmingham,E01008964
B6 4PP,E01008910,E05011156,Birmingham,E01008910
B26 2RT,E01009314,E05011166,Birmingham,E01009314
B14 4TR,E01008949,E05011146,Birmingham,E01008949
B44 9TS,E01009226,E05011159,Birmingham,E01009226
B31 5PF,E01009158,E05011136,Birmingham,E01009158
B42 1PZ,E01009241,E05011160,Birmingham,E01009241
B27 7EY,E01009021,E05011118,Birmingham,E01009021
B73 5HH,E01009462,E05011179,Birmingham,E01009462
B21 0ER,E01009351,E05011147,Birmingham,E01009351
B14 5DX,E01008948,E05011146,Birmingham,E01008948
B8 2EW,E01009478,E05011183,Birmingham,E01009478
B30 1NS,E01008956,E05011129,Birmingham,E01008956
B17 8TS,E01009260,E05011163,Birmingham,E01009260
B20 1AX,E01009267,E05011143,Birmingham,E01009267
B23 6NY,E01009407,E05011173,Birmingham,E01009407
B29 4NJ,E01009506,E05011184,Birmingham,E01009506
B42 2RH,E01009243,E05011159,Birmingham,E01009243
B75 7BW,E01009432,E05011176,Birmingham,E01009432
B20 2EZ,E01009264,E05011142,Birmingham,E01009264
B21 9NN,E01009273,E05011142,Birmingham,E01009273
B17 8RL,E01009261,E05011163,Birmingham,E01009261
B35 7JS,E01009099,E05011132,Birmingham,E01009099
B74 4LQ,E01009419,E05011175,Birmingham,E01009419
B8 3QD,E01009489,E05011120,Birmingham,E01009489
B35 7FW,E01009103,E05011132,Birmingham,E01009103
B6 6QZ,E01008916,E05011121,Birmingham,E01008916
B14 5BY,E01008942,E05011146,Birmingham,E01008942
B30 1JG,E01008960,E05011129,Birmingham,E01008960
B29 7TD,E01009280,E05011128,Birmingham,E01009280
B9 5UB,E01009475,E05011145,Birmingham,E01009475
B31 4LN,E01009166,E05011152,Birmingham,E01009166
B72 1QY,E01009451,E05011178,Birmingham,E01009451
B23 5LE,E01009472,E05011179,Birmingham,E01009472
B15 3PZ,E01008991,E05011134,Birmingham,E01008991
B7 5PD,E01009202,E05011155,Birmingham,E01009202
B73 6RQ,E01009473,E05011179,Birmingham,E01009473
B7 4NQ,E01009204,E05011155,Birmingham,E01009204
B11 1TN,E01009373,E05011170,Birmingham,E01009373
B8 3LR,E01009488,E05011120,Birmingham,E01009488
B33 8PE,E01009516,E05011185,Birmingham,E01009516
B36 8NT,E01009080,E05011131,Birmingham,E01009080
B32 2DJ,E01009256,E05011163,Birmingham,E01009256
B18 5RA,E01009348,E05011168,Birmingham,E01009348
B73 5QT,E01009456,E05011179,Birmingham,E01009456
B44 9PT,E01009222,E05011159,Birmingham,E01009222
B12 9QP,E01009376,E05011122,Birmingham,E01009376
B28 8FD,E01009014,E05011182,Birmingham,E01009014
B42 2UL,E01009239,E05011160,Birmingham,E01009239
B76 1GR,E01009440,E05011180,Birmingham,E01009440
B15 3BA,E01008991,E05011134,Birmingham,E01008991
B24 9NE,E01009011,E05011135,Birmingham,E01009011
B17 0NU,E01033562,E05011144,Birmingham,E01033562
B31 1RB,E01009499,E05011119,Birmingham,E01009499
B45 9NN,E01009159,E05011164,Birmingham,E01009159
B44 9TW,E01009227,E05011159,Birmingham,E01009227
B11 3HE,E01009014,E05011140,Birmingham,E01009014
B9 5SG,E01009477,E05011145,Birmingham,E01009477
B31 1PB,E01009496,E05011119,Birmingham,E01009496
B75 5LP,E01009423,E05011177,Birmingham,E01009423
B42 1PP,E01009241,E05011160,Birmingham,E01009241
B6 6NX,E01009061,E05011121,Birmingham,E01009061
B21 0PJ,E01034922,E05011168,Birmingham,E01034922
B23 5HW,E01034914,E05011161,Birmingham,E01034914
B23 6NE,E01009006,E05011135,Birmingham,E01009006
B9 5TB,E01009475,E05011145,Birmingham,E01009475
B30 1SY,E01008954,E05011129,Birmingham,E01008954
B19 2SX,E01008905,E05011153,Birmingham,E01008905
B23 6BP,E01033646,E05011139,Birmingham,E01033646
B27 7HE,E01009021,E05011118,Birmingham,E01009021
B25 8HQ,E01008884,E05011182,Birmingham,E01008884
B33 0NX,E01009303,E05011138,Birmingham,E01009303
B75 7SN,E01009432,E05011176,Birmingham,E01009432
B33 0NR,E01009302,E05011138,Birmingham,E01009302
B32 2BE,E01009261,E05011163,Birmingham,E01009261
B32 2AE,E01009261,E05011163,Birmingham,E01009261
B33 9ST,E01009299,E05011138,Birmingham,E01009299
B33 9BP,E01009094,E05011138,Birmingham,E01009094
B7 4HN,E01033561,E05011155,Birmingham,E01033561
B30 2LN,E01008952,E05011172,Birmingham,E01008952
B35 6HN,E01009096,E05011132,Birmingham,E01009096
B30 1ST,E01008958,E05011129,Birmingham,E01008958
B14 6JG,E01008971,E05011130,Birmingham,E01008971
B16 8ND,E01033564,E05011151,Birmingham,E01033564
B42 2HD,E01009239,E05011160,Birmingham,E01009239
B36 8QL,E01009079,E05011131,Birmingham,E01009079
B73 5QU,E01009456,E05011179,Birmingham,E01009456
B23 6AA,E01033646,E05011139,Birmingham,E01033646
B32 2TU,E01009254,E05011163,Birmingham,E01009254
B35 7ER,E01009103,E05011132,Birmingham,E01009103
B15 3XB,E01008991,E05011134,Birmingham,E01008991
B16 9BH,E01008988,E05011157,Birmingham,E01008988
B27 7LA,E01009025,E05011118,Birmingham,E01009025
B29 6EU,E01009289,E05011128,Birmingham,E01009289
B11 3QJ,E01009028,E05011182,Birmingham,E01009028
B29 4PT,E01009493,E05011184,Birmingham,E01009493
B24 9QZ,E01009104,E05011162,Birmingham,E01009104
B75 7DT,E01009432,E05011176,Birmingham,E01009432
B17 8ED,E01009147,E05011157,Birmingham,E01009147
B19 2UZ,E01033638,E05011156,Birmingham,E01033638
B31 1AR,E01008929,E05011123,Birmingham,E01008929
B75 7EJ,E01009446,E05011177,Birmingham,E01009446
B11 3JS,E01034953,E05011171,Birmingham,E01034953
B75 7NX,E01009446,E05011177,Birmingham,E01009446
B29 5EJ,E01009503,E05011184,Birmingham,E01009503
B44 8HH,E01009227,E05011150,Birmingham,E01009227
B20 2JE,E01009265,E05011143,Birmingham,E01009265
B6 6DA,E01034923,E05011121,Birmingham,E01034923
B72 1DH,E01009459,E05011181,Birmingham,E01009459
B33 0ER,E01009297,E05011138,Birmingham,E01009297
B12 8NB,E01009375,E05011170,Birmingham,E01009375
B31 3SJ,E01009212,E05011152,Birmingham,E01009212
B74 4QA,E01009421,E05011174,Birmingham,E01009421
B31 3HY,E01009214,E05011152,Birmingham,E01009214
B8 3ES,E01009476,E05011120,Birmingham,E01009476
B23 7PF,E01009401,E05011139,Birmingham,E01009401
B32 3SE,E01008918,E05011123,Birmingham,E01008918
B9 4LH,E01009200,E05011126,Birmingham,E01009200
B76 1HR,E01009442,E05011180,Birmingham,E01009442
B73 6EA,E01009449,E05011178,Birmingham,E01009449
B26 1EL,E01008891,E05011169,Birmingham,E01008891
B33 8JZ,E01009514,E05011137,Birmingham,E01009514
B13 8LY,E01009183,E05011154,Birmingham,E01009183
B73 6UH,E01009465,E05011179,Birmingham,E01009465
B30 2DB,E01008955,E05011172,Birmingham,E01008955
B75 5PE,E01009416,E05011177,Birmingham,E01009416
B38 9PB,E01009120,E05011149,Birmingham,E01009120
B21 9HG,E01009350,E05011142,Birmingham,E01009350
B17 9DN,E01009065,E05011144,Birmingham,E01009065
B34 7AW,E01009309,E05011165,Birmingham,E01009309
B10 0BY,E01009363,E05011127,Birmingham,E01009363
B23 6LW,E01009006,E05011135,Birmingham,E01009006
B14 7HG,E01009179,E05011130,Birmingham,E01009179
B45 0EL,E01009157,E05011136,Birmingham,E01009157
B72 1AW,E01009003,E05011135,Birmingham,E01009003
B31 3NE,E01009216,E05011152,Birmingham,E01009216
B8 1TD,E01009192,E05011120,Birmingham,E01009192
B44 9AB,E01009225,E05011159,Birmingham,E01009225
B35 6QF,E01009099,E05011132,Birmingham,E01009099
B21 0SF,E01034922,E05011168,Birmingham,E01034922
B31 5HW,E01009162,E05011158,Birmingham,E01009162
B32 2QN,E01009258,E05011163,Birmingham,E01009258
B23 6QG,E01009007,E05011135,Birmingham,E01009007
B31 1AP,E01008924,E05011123,Birmingham,E01008924
B8 2BE,E01009486,E05011183,Birmingham,E01009486
B33 8RN,E01009508,E05011185,Birmingham,E01009508
B9 5RY,E01009476,E05011145,Birmingham,E01009476
B76 9BD,E01009441,E05011180,Birmingham,E01009441
B27 6NQ,E01008893,E05011118,Birmingham,E01008893
B12 8QH,E01033648,E05011170,Birmingham,E01033648
B33 9NB,E01009093,E05011138,Birmingham,E01009093
B24 0QJ,E01009105,E05011162,Birmingham,E01009105
B28 8HY,E01009030,E05011140,Birmingham,E01009030
B35 7BU,E01009097,E05011132,Birmingham,E01009097
B14 7EH,E01009175,E05011130,Birmingham,E01009175
B26 3LJ,E01009320,E05011166,Birmingham,E01009320
B21 9PA,E01009270,E05011142,Birmingham,E01009270
B14 5NA,E01008976,E05011133,Birmingham,E01008976
B27 6BH,E01008894,E05011118,Birmingham,E01008894
B75 6AW,E01009444,E05011177,Birmingham,E01009444
B23 7UU,E01009125,E05011173,Birmingham,E01009125
B26 1HY,E01008888,E05011169,Birmingham,E01008888
B30 2BS,E01008952,E05011172,Birmingham,E01008952
B13 9NG,E01009044,E05011171,Birmingham,E01009044
B74 2PS,E01009430,E05011174,Birmingham,E01009430
B10 9LJ,E01033642,E05011167,Birmingham,E01033642
B32 1JF,E01009251,E05011163,Birmingham,E01009251
B23 5DU,E01009406,E05011161,Birmingham,E01009406
B28 8HZ,E01009030,E05011140,Birmingham,E01009030
B44 9AQ,E01009128,E05011150,Birmingham,E01009128
B31 1QB,E01009499,E05011119,Birmingham,E01009499
B35 7LB,E01009099,E05011132,Birmingham,E01009099
B28 0HU,E01009034,E05011141,Birmingham,E01009034
B13 9QW,E01009176,E05011154,Birmingham,E01009176
B14 7JQ,E01009175,E05011130,Birmingham,E01009175
B31 5JP,E01034942,E05011136,Birmingham,E01034942
B17 9TS,E01009070,E05011144,Birmingham,E01009070
B34 6AR,E01009090,E05011131,Birmingham,E01009090
B42 1LN,E01009237,E05011160,Birmingham,E01009237
B32 2JJ,E01009074,E05011144,Birmingham,E01009074
B75 6UW,E01009428,E05011178,Birmingham,E01009428
B42 2JE,E01009247,E05011160,Birmingham,E01009247
B31 5GR,E01009162,E05011136,Birmingham,E01009162
B31 3NY,E01009217,E05011152,Birmingham,E01009217
B17 9TB,E01009068,E05011144,Birmingham,E01009068
B32 3UF,E01008917,E05011123,Birmingham,E01008917
B21 0AS,E01009349,E05011147,Birmingham,E01009349
B18 4EL,E01009345,E05011157,Birmingham,E01009345
B21 9DT,E01009353,E05011142,Birmingham,E01009353
B1 3LD,E01033623,E05011168,Birmingham,E01033623
B44 0AP,E01009135,E05011150,Birmingham,E01009135
B8 3JT,E01009485,E05011120,Birmingham,E01009485
B76 1NW,E01009437,E05011180,Birmingham,E01009437
B24 0NG,E01009098,E05011162,Birmingham,E01009098
B38 8XB,E01009118,E05011148,Birmingham,E01009118
B20 2RY,E01009263,E05011143,Birmingham,E01009263
B30 2EX,E01008960,E05011129,Birmingham,E01008960
B12 9AT,E01009367,E05011122,Birmingham,E01009367
B12 9LX,E01034939,E05011122,Birmingham,E01034939
B13 0JS,E01008935,E05011124,Birmingham,E01008935
B14 4DS,E01008941,E05011124,Birmingham,E01008941
B25 8XS,E01009518,E05011185,Birmingham,E01009518
B13 0QX,E01008936,E05011124,Birmingham,E01008936
B29 6PR,E01009291,E05011184,Birmingham,E01009291
B24 9PH,E01009102,E05011162,Birmingham,E01009102
B17 8JL,E01009139,E05011157,Birmingham,E01009139
B26 2HP,E01009519,E05011185,Birmingham,E01009519
B29 5BE,E01009505,E05011184,Birmingham,E01009505
B21 0UR,E01009359,E05011168,Birmingham,E01009359
B6 7BU,E01008915,E05011121,Birmingham,E01008915
B11 4ND,E01009389,E05011171,Birmingham,E01009389
B24 0DE,E01009008,E05011135,Birmingham,E01009008
B24 8PL,E01009400,E05011139,Birmingham,E01009400
B30 2EJ,E01008956,E05011129,Birmingham,E01008956
B21 9JG,E01009275,E05011142,Birmingham,E01009275
B23 5XF,E01009135,E05011161,Birmingham,E01009135
B24 9SN,E01009104,E05011162,Birmingham,E01009104
B29 4RD,E01009506,E05011184,Birmingham,E01009506
B44 8AB,E01009232,E05011150,Birmingham,E01009232
B44 9HX,E01009220,E05011159,Birmingham,E01009220
B29 4NL,E01009504,E05011184,Birmingham,E01009504
B31 5JF,E01034942,E05011136,Birmingham,E01034942
B15 2AR,E01033640,E05011151,Birmingham,E01033640
B16 8AH,E01033618,E05011151,Birmingham,E01033618
B12 8SW,E01009377,E05011170,Birmingham,E01009377
B73 5AB,E01009473,E05011179,Birmingham,E01009473
B26 2EL,E01009514,E05011137,Birmingham,E01009514
B73 6EL,E01009449,E05011178,Birmingham,E01009449
B29 6PN,E01009295,E05011184,Birmingham,E01009295
B17 8JP,E01009139,E05011157,Birmingham,E01009139
B11 3NR,E01033643,E05011171,Birmingham,E01033643
B33 0NE,E01009302,E05011138,Birmingham,E01009302
B29 6SD,E01009292,E05011184,Birmingham,E01009292
B29 7SD,E01009280,E05011128,Birmingham,E01009280
B8 3DB,E01009491,E05011120,Birmingham,E01009491
B19 1RZ,E01009047,E05011153,Birmingham,E01009047
B20 1AP,E01009264,E05011143,Birmingham,E01009264
B15 2JJ,E01008997,E05011134,Birmingham,E01008997
B14 7QY,E01009178,E05011130,Birmingham,E01009178
B26 3HS,E01009315,E05011166,Birmingham,E01009315
B29 4JT,E01009504,E05011184,Birmingham,E01009504
B17 0NA,E01009075,E05011144,Birmingham,E01009075
B45 8QU,E01009169,E05011164,Birmingham,E01009169
B3 1BY,E01033622,E05011168,Birmingham,E01033622
B19 1JU,E01009062,E05011153,Birmingham,E01009062
B75 6SU,E01009431,E05011175,Birmingham,E01009431
B13 0AB,E01009179,E05011130,Birmingham,E01009179
B12 8HP,E01009399,E05011170,Birmingham,E01009399
B44 0BN,E01009137,E05011150,Birmingham,E01009137
B1 1WH,E01033616,E05011151,Birmingham,E01033616
B18 4AQ,E01009346,E05011157,Birmingham,E01009346
B17 9GA,E01009068,E05011144,Birmingham,E01009068
B44 0LP,E01009130,E05011150,Birmingham,E01009130
B9 4QP,E01009344,E05011127,Birmingham,E01009344
B20 2JL,E01009264,E05011143,Birmingham,E01009264
B33 8UB,E01009509,E05011186,Birmingham,E01009509
B31 3NH,E01009217,E05011152,Birmingham,E01009217
B74 4DX,E01009419,E05011175,Birmingham,E01009419
B17 8JD,E01009138,E05011157,Birmingham,E01009138
B32 3UG,E01008921,E05011123,Birmingham,E01008921
B18 7AQ,E01009153,E05011157,Birmingham,E01009153
B13 0QZ,E01008936,E05011124,Birmingham,E01008936
B23 5LF,E01009135,E05011161,Birmingham,E01009135
B11 1PN,E01033650,E05011170,Birmingham,E01033650
B28 0JA,E01009036,E05011141,Birmingham,E01009036
B29 4QZ,E01009506,E05011184,Birmingham,E01009506
B26 3UF,E01009315,E05011166,Birmingham,E01009315
B21 9BQ,E01009352,E05011142,Birmingham,E01009352
B20 3TT,E01009056,E05011125,Birmingham,E01009056
B14 4BS,E01008939,E05011124,Birmingham,E01008939
B75 5PH,E01009416,E05011177,Birmingham,E01009416
B12 0SQ,E01034947,E05011126,Birmingham,E01034947
B38 8DX,E01009108,E05011148,Birmingham,E01009108
B24 0EX,E01009009,E05011135,Birmingham,E01009009
B14 5DR,E01008948,E05011146,Birmingham,E01008948
B27 7EX,E01009021,E05011118,Birmingham,E01009021
B44 9DA,E01009224,E05011159,Birmingham,E01009224
B13 0RU,E01008936,E05011124,Birmingham,E01008936
B36 8UG,E01009082,E05011131,Birmingham,E01009082
B20 3DY,E01009051,E05011121,Birmingham,E01009051
B24 9LB,E01009008,E05011135,Birmingham,E01009008
B17 9HW,E01009069,E05011144,Birmingham,E01009069
B7 5BD,E01034928,E05011155,Birmingham,E01034928
B8 1PD,E01009479,E05011120,Birmingham,E01009479
B19 1HL,E01009047,E05011125,Birmingham,E01009047
B29 7SA,E01009282,E05011128,Birmingham,E01009282
B15 2HB,E01008995,E05011134,Birmingham,E01008995
B23 5TZ,E01034915,E05011135,Birmingham,E01034915
B11 3HH,E01009026,E05011140,Birmingham,E01009026
B31 4PS,E01034945,E05011152,Birmingham,E01034945
B14 4TH,E01008949,E05011146,Birmingham,E01008949
B45 0DE,E01034943,E05011136,Birmingham,E01034943
B23 7TS,E01009125,E05011173,Birmingham,E01009125
B24 0HQ,E01009100,E05011162,Birmingham,E01009100
B29 4NP,E01009506,E05011184,Birmingham,E01009506
B12 9QT,E01009376,E05011122,Birmingham,E01009376
B29 5QW,E01009502,E05011184,Birmingham,E01009502
B13 8LB,E01009184,E05011154,Birmingham,E01009184
B27 7DD,E01009020,E05011118,Birmingham,E01009020
B44 9NX,E01009222,E05011159,Birmingham,E01009222
B6 6PP,E01009053,E05011121,Birmingham,E01009053
B9 5XB,E01009477,E05011145,Birmingham,E01009477
B20 2AS,E01009050,E05011143,Birmingham,E01009050
B15 2ND,E01008997,E05011134,Birmingham,E01008997
B72 1BJ,E01009463,E05011181,Birmingham,E01009463
B30 3PD,E01008977,E05011148,Birmingham,E01008977
B23 5XJ,E01009136,E05011161,Birmingham,E01009136
B38 9UG,E01009114,E05011149,Birmingham,E01009114
B42 2GS,E01009239,E05011160,Birmingham,E01009239
B24 0BU,E01009005,E05011135,Birmingham,E01009005
B16 0SX,E01009145,E05011157,Birmingham,E01009145
B45 0JE,E01009161,E05011136,Birmingham,E01009161
B14 5HL,E01008947,E05011146,Birmingham,E01008947
B11 4AH,E01009396,E05011171,Birmingham,E01009396
B32 2TR,E01009261,E05011163,Birmingham,E01009261
B10 0BG,E01009379,E05011127,Birmingham,E01009379
B13 8RB,E01009183,E05011154,Birmingham,E01009183
B29 5JE,E01009291,E05011184,Birmingham,E01009291
B10 9EX,E01009334,E05011167,Birmingham,E01009334
B8 1QW,E01009482,E05011120,Birmingham,E01009482
B8 1JA,E01009483,E05011120,Birmingham,E01009483
B32 1LB,E01009255,E05011163,Birmingham,E01009255
B73 5PS,E01009466,E05011181,Birmingham,E01009466
B44 8SW,E01009228,E05011159,Birmingham,E01009228
B74 4ET,E01009418,E05011175,Birmingham,E01009418
B20 2RB,E01009056,E05011125,Birmingham,E01009056
B27 6LP,E01008890,E05011118,Birmingham,E01008890
B18 4NG,E01009361,E05011168,Birmingham,E01009361
B23 5EH,E01009404,E05011161,Birmingham,E01009404
B38 9AF,E01009107,E05011149,Birmingham,E01009107
B33 8JH,E01009511,E05011137,Birmingham,E01009511
B35 7LR,E01009097,E05011132,Birmingham,E01009097
B23 5XG,E01009136,E05011161,Birmingham,E01009136
B15 2AE,E01033626,E05011151,Birmingham,E01033626
B17 8TQ,E01009260,E05011163,Birmingham,E01009260
B33 8LW,E01009511,E05011137,Birmingham,E01009511
B45 8TF,E01034945,E05011164,Birmingham,E01034945
B31 5HE,E01009158,E05011158,Birmingham,E01009158
B32 2EA,E01009254,E05011163,Birmingham,E01009254
B23 5RN,E01009002,E05011135,Birmingham,E01009002
B75 5LD,E01009423,E05011177,Birmingham,E01009423
B3 1UR,E01033623,E05011168,Birmingham,E01033623
B29 7SQ,E01009282,E05011128,Birmingham,E01009282
B19 1HT,E01009047,E05011153,Birmingham,E01009047
B75 5PN,E01009416,E05011177,Birmingham,E01009416
B23 5ED,E01009404,E05011161,Birmingham,E01009404
B36 8NX,E01009080,E05011131,Birmingham,E01009080
B5 7RG,E01008982,E05011134,Birmingham,E01008982
B20 3LP,E01034917,E05011125,Birmingham,E01034917
B44 0TJ,E01009131,E05011150,Birmingham,E01009131
B23 7QA,E01009414,E05011173,Birmingham,E01009414
B28 8TD,E01009043,E05011140,Birmingham,E01009043
B31 2GL,E01009493,E05011184,Birmingham,E01009493
B6 4TN,E01008910,E05011156,Birmingham,E01008910
B23 5HQ,E01009406,E05011161,Birmingham,E01009406
B8 2BA,E01009486,E05011183,Birmingham,E01009486
B7 5RS,E01009201,E05011155,Birmingham,E01009201
B33 9ED,E01009311,E05011138,Birmingham,E01009311
B18 6PT,E01009347,E05011168,Birmingham,E01009347
B73 6PF,E01009469,E05011179,Birmingham,E01009469
B11 1ER,E01009363,E05011170,Birmingham,E01009363
B29 5PY,E01009503,E05011184,Birmingham,E01009503
B18 7QY,E01009345,E05011157,Birmingham,E01009345
B31 4DX,E01009213,E05011152,Birmingham,E01009213
B31 4DP,E01009213,E05011152,Birmingham,E01009213
B20 2EH,E01009049,E05011143,Birmingham,E01009049
B14 4DE,E01008969,E05011124,Birmingham,E01008969
B7 4ES,E01033561,E05011155,Birmingham,E01033561
B23 5PP,E01009002,E05011135,Birmingham,E01009002
B30 3DN,E01008957,E05011172,Birmingham,E01008957
B16 8FJ,E01033618,E05011151,Birmingham,E01033618
B30 1RT,E01009218,E05011129,Birmingham,E01009218
B23 7AB,E01034914,E05011161,Birmingham,E01034914
B17 8TD,E01009260,E05011163,Birmingham,E01009260
B76 1JZ,E01009461,E05011181,Birmingham,E01009461
B14 7RZ,E01009178,E05011130,Birmingham,E01009178
B32 3EJ,E01008920,E05011123,Birmingham,E01008920
B32 3HX,E01008920,E05011123,Birmingham,E01008920
B31 1RU,E01009498,E05011119,Birmingham,E01009498
B38 8YX,E01009118,E05011148,Birmingham,E01009118
B31 5RB,E01009173,E05011119,Birmingham,E01009173
B20 2EB,E01009050,E05011143,Birmingham,E01009050
B1 2LB,E01033557,E05011151,Birmingham,E01033557
B33 8EW,E01009517,E05011137,Birmingham,E01009517
B33 9DH,E01009095,E05011138,Birmingham,E01009095
B21 9LZ,E01009275,E05011142,Birmingham,E01009275
B8 2BZ,E01009478,E05011183,Birmingham,E01009478
B73 5NG,E01009462,E05011181,Birmingham,E01009462
B31 2UG,E01009162,E05011158,Birmingham,E01009162
B44 8RH,E01009229,E05011159,Birmingham,E01009229
B17 9EJ,E01009067,E05011144,Birmingham,E01009067
B13 8EQ,E01009384,E05011154,Birmingham,E01009384
B45 0NL,E01009155,E05011136,Birmingham,E01009155
B45 0JF,E01009161,E05011136,Birmingham,E01009161
B24 0QG,E01009105,E05011162,Birmingham,E01009105
B33 8AU,E01009515,E05011185,Birmingham,E01009515
B23 5BP,E01034913,E05011161,Birmingham,E01034913
B29 4HB,E01009505,E05011184,Birmingham,E01009505
B32 2RD,E01009255,E05011163,Birmingham,E01009255
B33 0NN,E01009303,E05011138,Birmingham,E01009303
B34 7BT,E01009304,E05011165,Birmingham,E01009304
B31 2FZ,E01034944,E05011152,Birmingham,E01034944
B14 5RE,E01008978,E05011133,Birmingham,E01008978
B23 7RJ,E01009414,E05011173,Birmingham,E01009414
B75 7NY,E01009446,E05011177,Birmingham,E01009446
B34 7JP,E01009308,E05011165,Birmingham,E01009308
B42 1RN,E01009242,E05011160,Birmingham,E01009242
B30 3PX,E01008974,E05011133,Birmingham,E01008974
B33 8LB,E01009511,E05011137,Birmingham,E01009511
B27 7JA,E01009025,E05011118,Birmingham,E01009025
B73 6UA,E01009467,E05011179,Birmingham,E01009467
B12 8QA,E01033648,E05011170,Birmingham,E01033648
B35 6PG,E01009106,E05011132,Birmingham,E01009106
B13 8HE,E01009184,E05011154,Birmingham,E01009184
B10 9EH,E01009329,E05011167,Birmingham,E01009329
B25 8QE,E01008896,E05011186,Birmingham,E01008896
B75 7JY,E01009447,E05011176,Birmingham,E01009447
B42 1QU,E01009240,E05011160,Birmingham,E01009240
B12 9AJ,E01009374,E05011122,Birmingham,E01009374
B1 1QD,E01033615,E05011151,Birmingham,E01033615
B8 2HN,E01009486,E05011183,Birmingham,E01009486
B19 2DH,E01034925,E05011153,Birmingham,E01034925
B33 0UY,E01009512,E05011137,Birmingham,E01009512
B9 5LU,E01033649,E05011145,Birmingham,E01033649
B23 6AS,E01009413,E05011173,Birmingham,E01009413
B8 1SJ,E01009483,E05011120,Birmingham,E01009483
B74 4XA,E01009433,E05011175,Birmingham,E01009433
B31 2SZ,E01009162,E05011158,Birmingham,E01009162
B42 1UB,E01009242,E05011160,Birmingham,E01009242
B33 8LL,E01009512,E05011137,Birmingham,E01009512
B19 1PH,E01033638,E05011153,Birmingham,E01033638
B74 2ES,E01009464,E05011179,Birmingham,E01009464
B1 2NU,E01033627,E05011151,Birmingham,E01033627
B29 5AR,E01009294,E05011184,Birmingham,E01009294
B26 3AQ,E01009314,E05011166,Birmingham,E01009314
B20 1ED,E01009279,E05011143,Birmingham,E01009279
B18 7LJ,E01009347,E05011168,Birmingham,E01009347
B23 5QJ,E01009460,E05011179,Birmingham,E01009460
B12 9JQ,E01009376,E05011122,Birmingham,E01009376
B11 3EB,E01009014,E05011140,Birmingham,E01009014
B72 1HJ,E01009457,E05011181,Birmingham,E01009457
B18 5RY,E01009348,E05011168,Birmingham,E01009348
B74 2YA,E01009427,E05011174,Birmingham,E01009427
B20 3NZ,E01009050,E05011125,Birmingham,E01009050
B33 8AS,E01009507,E05011186,Birmingham,E01009507
B74 4RF,E01009417,E05011174,Birmingham,E01009417
B31 3QD,E01009217,E05011152,Birmingham,E01009217
B35 7EL,E01009103,E05011132,Birmingham,E01009103
B32 3UE,E01008917,E05011123,Birmingham,E01008917
B25 8YW,E01009521,E05011185,Birmingham,E01009521
B24 0GD,E01009100,E05011162,Birmingham,E01009100
B73 6JA,E01009468,E05011178,Birmingham,E01009468
B12 9QR,E01009376,E05011122,Birmingham,E01009376
B16 0AN,E01009153,E05011157,Birmingham,E01009153
B23 6EP,E01009409,E05011173,Birmingham,E01009409
B76 1SP,E01009435,E05011176,Birmingham,E01009435
B8 1SL,E01009483,E05011120,Birmingham,E01009483
B26 2AN,E01009516,E05011185,Birmingham,E01009516
B44 9HL,E01009224,E05011159,Birmingham,E01009224
B20 2AH,E01009049,E05011143,Birmingham,E01009049
B35 7EJ,E01009103,E05011132,Birmingham,E01009103
B28 0NE,E01009039,E05011141,Birmingham,E01009039
B28 8NP,E01009022,E05011118,Birmingham,E01009022
B8 2DG,E01009478,E05011183,Birmingham,E01009478
B75 6UN,E01009428,E05011178,Birmingham,E01009428
B28 0SQ,E01008944,E05011124,Birmingham,E01008944
B32 2LW,E01009073,E05011144,Birmingham,E01009073
B29 6WH,E01009280,E05011129,Birmingham,E01009280
B19 2LR,E01034925,E05011153,Birmingham,E01034925
B7 5UB,E01009201,E05011155,Birmingham,E01009201
B5 6BF,E01033640,E05011126,Birmingham,E01033640
B1 2AH,E01033625,E05011151,Birmingham,E01033625
B38 9LP,E01009109,E05011149,Birmingham,E01009109
B42 2BA,E01009234,E05011160,Birmingham,E01009234
B29 6SY,E01009077,E05011184,Birmingham,E01009077
B1 1RR,E01033615,E05011151,Birmingham,E01033615
B32 4AN,E01008927,E05011123,Birmingham,E01008927
B14 5XB,E01008980,E05011133,Birmingham,E01008980
B33 0HN,E01009303,E05011138,Birmingham,E01009303
B73 5DS,E01009472,E05011179,Birmingham,E01009472
B42 2SL,E01009244,E05011160,Birmingham,E01009244
B12 8LH,E01009375,E05011170,Birmingham,E01009375
B9 5DW,E01009332,E05011127,Birmingham,E01009332
B7 5BN,E01034928,E05011155,Birmingham,E01034928
B38 8HE,E01009111,E05011148,Birmingham,E01009111
B30 1BW,E01008959,E05011129,Birmingham,E01008959
B23 5AL,E01009136,E05011161,Birmingham,E01009136
B43 6DR,E01009245,E05011160,Birmingham,E01009245
B16 8BD,E01033564,E05011151,Birmingham,E01033564
B45 9RS,E01009160,E05011164,Birmingham,E01009160
B42 1JR,E01009235,E05011160,Birmingham,E01009235
B75 6UJ,E01009428,E05011178,Birmingham,E01009428
B45 9NR,E01009167,E05011164,Birmingham,E01009167
B31 3TJ,E01009210,E05011152,Birmingham,E01009210
B74 4QY,E01009422,E05011174,Birmingham,E01009422
B42 1JX,E01009235,E05011160,Birmingham,E01009235
B13 9NY,E01009393,E05011171,Birmingham,E01009393
B11 1XF,E01009371,E05011170,Birmingham,E01009371
B34 6RE,E01009305,E05011165,Birmingham,E01009305
B26 2HW,E01009519,E05011185,Birmingham,E01009519
B17 0AT,E01009071,E05011144,Birmingham,E01009071
B18 4ER,E01009345,E05011157,Birmingham,E01009345
B27 7HU,E01009025,E05011118,Birmingham,E01009025
B24 9ND,E01009011,E05011135,Birmingham,E01009011
B32 2DZ,E01009254,E05011163,Birmingham,E01009254
B44 8DJ,E01009231,E05011150,Birmingham,E01009231
B44 8LJ,E01009226,E05011159,Birmingham,E01009226
B8 2HJ,E01009486,E05011183,Birmingham,E01009486
B35 6JB,E01009106,E05011132,Birmingham,E01009106
B44 8AH,E01009232,E05011150,Birmingham,E01009232
B17 9JH,E01009065,E05011144,Birmingham,E01009065
B31 4AR,E01009209,E05011152,Birmingham,E01009209
B29 4AD,E01009294,E05011184,Birmingham,E01009294
B74 2RR,E01009427,E05011174,Birmingham,E01009427
B28 0EY,E01009031,E05011140,Birmingham,E01009031
B11 2EX,E01009026,E05011170,Birmingham,E01009026
B31 4QS,E01009168,E05011152,Birmingham,E01009168
B33 0LP,E01009302,E05011138,Birmingham,E01009302
B32 1SJ,E01009259,E05011163,Birmingham,E01009259
B8 1RY,E01009483,E05011120,Birmingham,E01009483
B19 1QE,E01008905,E05011153,Birmingham,E01008905
B42 1NU,E01009237,E05011160,Birmingham,E01009237
B11 4HD,E01009392,E05011171,Birmingham,E01009392
B31 5EB,E01009162,E05011158,Birmingham,E01009162
B25 8PW,E01008882,E05011182,Birmingham,E01008882
B31 2BW,E01034944,E05011152,Birmingham,E01034944
B21 9NU,E01009273,E05011142,Birmingham,E01009273
B8 2UX,E01009479,E05011183,Birmingham,E01009479
B17 9ST,E01009067,E05011144,Birmingham,E01009067
B32 3SS,E01008931,E05011123,Birmingham,E01008931
B34 7HT,E01009310,E05011165,Birmingham,E01009310
B24 9BY,E01009012,E05011135,Birmingham,E01009012
B14 4LH,E01008946,E05011146,Birmingham,E01008946
B38 9AH,E01009119,E05011149,Birmingham,E01009119
B74 4HN,E01009421,E05011174,Birmingham,E01009421
B32 3NZ,E01008917,E05011123,Birmingham,E01008917
B7 5HX,E01009201,E05011155,Birmingham,E01009201
B19 1AB,E01034923,E05011153,Birmingham,E01034923
B24 8EL,E01008998,E05011139,Birmingham,E01008998
B13 9JD,E01009389,E05011171,Birmingham,E01009389
B17 8JN,E01009139,E05011157,Birmingham,E01009139
B15 1FL,E01009146,E05011151,Birmingham,E01009146
B33 9ES,E01009094,E05011138,Birmingham,E01009094
B5 7EQ,E01034947,E05011126,Birmingham,E01034947
B1 1TX,E01033557,E05011151,Birmingham,E01033557
B27 6EX,E01008889,E05011118,Birmingham,E01008889
B42 2BB,E01009234,E05011160,Birmingham,E01009234
B76 9RD,E01009441,E05011180,Birmingham,E01009441
B26 2ED,E01009517,E05011137,Birmingham,E01009517
B27 6SB,E01008895,E05011169,Birmingham,E01008895
B13 0RA,E01008936,E05011124,Birmingham,E01008936
B29 6RX,E01009292,E05011184,Birmingham,E01009292
B23 5PH,E01009406,E05011161,Birmingham,E01009406
B14 5AS,E01008974,E05011133,Birmingham,E01008974
B25 8YG,E01009515,E05011186,Birmingham,E01009515
B74 4UQ,E01009418,E05011175,Birmingham,E01009418
B26 2PP,E01009316,E05011166,Birmingham,E01009316
B11 1QJ,E01009373,E05011170,Birmingham,E01009373
B29 5LT,E01009502,E05011184,Birmingham,E01009502
B23 5LJ,E01009403,E05011161,Birmingham,E01009403
B24 9NW,E01009102,E05011162,Birmingham,E01009102
B28 0JQ,E01009036,E05011141,Birmingham,E01009036
B32 4LS,E01008925,E05011123,Birmingham,E01008925
B23 7YN,E01009411,E05011173,Birmingham,E01009411
B13 0LU,E01008939,E05011124,Birmingham,E01008939
B11 1SA,E01009365,E05011170,Birmingham,E01009365
B31 3PL,E01009216,E05011152,Birmingham,E01009216
B11 1SS,E01009365,E05011170,Birmingham,E01009365
B14 5SD,E01008978,E05011133,Birmingham,E01008978
B15 1UJ,E01009146,E05011151,Birmingham,E01009146
B17 9PP,E01009068,E05011144,Birmingham,E01009068
B31 2SB,E01009208,E05011158,Birmingham,E01009208
B13 8AW,E01009182,E05011154,Birmingham,E01009182
B6 5UH,E01008901,E05011155,Birmingham,E01008901
B76 2TB,E01009434,E05011180,Birmingham,E01009434
B28 9PF,E01009033,E05011140,Birmingham,E01009033
B15 2NB,E01008997,E05011134,Birmingham,E01008997
B12 9NX,E01034938,E05011122,Birmingham,E01034938
B45 0DW,E01009157,E05011136,Birmingham,E01009157
B42 1HL,E01009235,E05011160,Birmingham,E01009235
B32 4DP,E01008928,E05011123,Birmingham,E01008928
B23 6LG,E01009405,E05011161,Birmingham,E01009405
B31 5QN,E01009173,E05011119,Birmingham,E01009173
B42 1SJ,E01009242,E05011160,Birmingham,E01009242
B62 0QA,E01008921,E05011123,Birmingham,E01008921
B76 1HS,E01009454,E05011176,Birmingham,E01009454
B44 9BD,E01009220,E05011159,Birmingham,E01009220
B14 4NU,E01008945,E05011146,Birmingham,E01008945
B31 3SU,E01009215,E05011152,Birmingham,E01009215
B15 3NJ,E01008989,E05011134,Birmingham,E01008989
B38 8SD,E01009119,E05011148,Birmingham,E01009119
B10 9RB,E01009334,E05011167,Birmingham,E01009334
B31 1DD,E01008929,E05011123,Birmingham,E01008929
B38 9LZ,E01009120,E05011149,Birmingham,E01009120
B19 1AX,E01009358,E05011168,Birmingham,E01009358
B26 2DR,E01009517,E05011137,Birmingham,E01009517
B14 4DL,E01008939,E05011124,Birmingham,E01008939
B8 1DW,E01034934,E05011120,Birmingham,E01034934
B75 5HB,E01009423,E05011175,Birmingham,E01009423
B7 5QG,E01009202,E05011155,Birmingham,E01009202
B12 0UA,E01009364,E05011126,Birmingham,E01009364
B14 5PU,E01008979,E05011133,Birmingham,E01008979
B28 0LE,E01009040,E05011141,Birmingham,E01009040
B14 4BB,E01008943,E05011146,Birmingham,E01008943
B44 9BU,E01009221,E05011159,Birmingham,E01009221
B35 7EH,E01009103,E05011132,Birmingham,E01009103
B16 9EU,E01009140,E05011151,Birmingham,E01009140
B32 2RG,E01009255,E05011163,Birmingham,E01009255
B42 2RJ,E01009243,E05011159,Birmingham,E01009243
B45 0BG,E01009157,E05011136,Birmingham,E01009157
B29 4LG,E01009506,E05011184,Birmingham,E01009506
B42 2GR,E01009239,E05011160,Birmingham,E01009239
B31 4EG,E01009215,E05011152,Birmingham,E01009215
B20 3PB,E01009057,E05011125,Birmingham,E01009057
B12 9PL,E01034939,E05011122,Birmingham,E01034939
B13 9SD,E01009187,E05011154,Birmingham,E01009187
B30 2JJ,E01008952,E05011172,Birmingham,E01008952
B8 2AH,E01009490,E05011138,Birmingham,E01009490
B12 8LS,E01009375,E05011170,Birmingham,E01009375
B12 8JS,E01009375,E05011170,Birmingham,E01009375
B35 7HE,E01009099,E05011132,Birmingham,E01009099
B28 8EJ,E01009046,E05011140,Birmingham,E01009046
B1 2NW,E01033627,E05011151,Birmingham,E01033627
B5 7LF,E01008995,E05011122,Birmingham,E01008995
B14 7AJ,E01009178,E05011130,Birmingham,E01009178
B45 0NX,E01009161,E05011136,Birmingham,E01009161
B75 5PF,E01009416,E05011177,Birmingham,E01009416
B34 6QW,E01009307,E05011165,Birmingham,E01009307
B6 6DH,E01008901,E05011121,Birmingham,E01008901
B10 0EF,E01009329,E05011167,Birmingham,E01009329
B29 4EE,E01009505,E05011184,Birmingham,E01009505
B8 2HT,E01009481,E05011183,Birmingham,E01009481
B30 3PH,E01008977,E05011148,Birmingham,E01008977
B18 6BB,E01033559,E05011168,Birmingham,E01033559
B31 5DH,E01009208,E05011158,Birmingham,E01009208
B42 2LX,E01009241,E05011160,Birmingham,E01009241
B27 6LZ,E01008890,E05011118,Birmingham,E01008890
B29 5LN,E01009502,E05011184,Birmingham,E01009502
B18 4DF,E01009346,E05011157,Birmingham,E01009346
B42 2LG,E01009239,E05011160,Birmingham,E01009239
B20 1HT,E01009267,E05011143,Birmingham,E01009267
B44 8HX,E01009229,E05011159,Birmingham,E01009229
B15 2QL,E01034937,E05011134,Birmingham,E01034937
B73 5JE,E01009459,E05011181,Birmingham,E01009459
B6 6BU,E01034923,E05011121,Birmingham,E01034923
B32 1NJ,E01009249,E05011163,Birmingham,E01009249
B74 4SL,E01009422,E05011175,Birmingham,E01009422
B13 9UL,E01009189,E05011154,Birmingham,E01009189
B74 4NP,E01009417,E05011174,Birmingham,E01009417
B75 7EB,E01009452,E05011176,Birmingham,E01009452
B20 2BH,E01009355,E05011142,Birmingham,E01009355
B75 7QY,E01009447,E05011176,Birmingham,E01009447
B31 4AA,E01009209,E05011152,Birmingham,E01009209
B31 2DE,E01008958,E05011129,Birmingham,E01008958
B7 5GA,E01009202,E05011155,Birmingham,E01009202
B73 5EH,E01009474,E05011179,Birmingham,E01009474
B8 2HE,E01009478,E05011183,Birmingham,E01009478
B26 2TS,E01009322,E05011137,Birmingham,E01009322
B5 6QP,E01033640,E05011126,Birmingham,E01033640
B26 3JX,E01009320,E05011166,Birmingham,E01009320
B17 9BJ,E01009067,E05011144,Birmingham,E01009067
B27 6TB,E01008890,E05011118,Birmingham,E01008890
B13 9AW,E01033648,E05011154,Birmingham,E01033648
B23 5JD,E01034914,E05011161,Birmingham,E01034914
B20 2EW,E01009270,E05011142,Birmingham,E01009270
B29 5DS,E01009505,E05011184,Birmingham,E01009505
B21 9SU,E01009359,E05011168,Birmingham,E01009359
B26 1HN,E01008885,E05011169,Birmingham,E01008885
B12 8UU,E01009375,E05011170,Birmingham,E01009375
B34 6BT,E01009089,E05011131,Birmingham,E01009089
B23 5WN,E01034915,E05011135,Birmingham,E01034915
B44 0HD,E01034913,E05011161,Birmingham,E01034913
B38 8EP,E01009111,E05011148,Birmingham,E01009111
B1 3AS,E01034950,E05011168,Birmingham,E01034950
B24 8HB,E01008998,E05011139,Birmingham,E01008998
B73 5NQ,E01009462,E05011181,Birmingham,E01009462
B29 7DL,E01034941,E05011128,Birmingham,E01034941
B31 3LW,E01009214,E05011152,Birmingham,E01009214
B25 8YB,E01009515,E05011185,Birmingham,E01009515
B14 4NT,E01008945,E05011146,Birmingham,E01008945
B15 2EH,E01033624,E05011151,Birmingham,E01033624
B23 7AY,E01009414,E05011173,Birmingham,E01009414
B32 3XH,E01008919,E05011123,Birmingham,E01008919
B30 2SJ,E01008964,E05011172,Birmingham,E01008964
B18 5QP,E01009360,E05011168,Birmingham,E01009360
B30 1JE,E01008960,E05011129,Birmingham,E01008960
B14 4DW,E01008939,E05011124,Birmingham,E01008939
B26 2BN,E01009516,E05011185,Birmingham,E01009516
B30 1NG,E01008960,E05011129,Birmingham,E01008960
B28 9NN,E01009033,E05011140,Birmingham,E01009033
B35 6QU,E01009099,E05011132,Birmingham,E01009099
B10 9SP,E01009329,E05011167,Birmingham,E01009329
B32 3TR,E01008918,E05011123,Birmingham,E01008918
B38 8DR,E01009119,E05011148,Birmingham,E01009119
B75 7DL,E01009432,E05011176,Birmingham,E01009432
B12 9NS,E01034938,E05011122,Birmingham,E01034938
B17 9DQ,E01009066,E05011144,Birmingham,E01009066
B16 8EY,E01033618,E05011151,Birmingham,E01033618
B36 8QE,E01009079,E05011131,Birmingham,E01009079
B42 2PW,E01009244,E05011160,Birmingham,E01009244
B28 9DU,E01009032,E05011140,Birmingham,E01009032
B36 8HS,E01009086,E05011131,Birmingham,E01009086
B5 7RW,E01008982,E05011134,Birmingham,E01008982
B38 8NN,E01009111,E05011148,Birmingham,E01009111
B32 1SA,E01009259,E05011163,Birmingham,E01009259
B73 5UN,E01009456,E05011179,Birmingham,E01009456
B45 0ND,E01009155,E05011136,Birmingham,E01009155
B17 9BF,E01009069,E05011144,Birmingham,E01009069
B26 1DB,E01008886,E05011169,Birmingham,E01008886
B17 0HS,E01033562,E05011134,Birmingham,E01033562
B38 8DW,E01009119,E05011148,Birmingham,E01009119
B38 9QQ,E01009110,E05011149,Birmingham,E01009110
B45 8RZ,E01009171,E05011164,Birmingham,E01009171
B25 8NN,E01008882,E05011182,Birmingham,E01008882
B13 8NZ,E01009186,E05011154,Birmingham,E01009186
B74 2PU,E01009430,E05011174,Birmingham,E01009430
B23 5DF,E01009136,E05011161,Birmingham,E01009136
B13 0RS,E01008936,E05011124,Birmingham,E01008936
B28 0TG,E01008944,E05011124,Birmingham,E01008944
B14 5EB,E01008947,E05011146,Birmingham,E01008947
B28 9PP,E01009033,E05011140,Birmingham,E01009033
B33 8NF,,,,
B76 2TG,E01009435,E05011180,Birmingham,E01009435
B19 2XR,E01033638,E05011156,Birmingham,E01033638
B19 2LT,E01008909,E05011156,Birmingham,E01008909
B20 1HA,E01009276,E05011143,Birmingham,E01009276
B38 8ND,E01009111,E05011148,Birmingham,E01009111
B23 7NE,E01009413,E05011173,Birmingham,E01009413
B15 2SW,E01033562,E05011134,Birmingham,E01033562
B23 7FG,E01009411,E05011173,Birmingham,E01009411
B35 7JF,E01009103,E05011132,Birmingham,E01009103
B8 3JG,E01009489,E05011120,Birmingham,E01009489
B19 2EY,E01008909,E05011153,Birmingham,E01008909
B12 9TX,E01009374,E05011122,Birmingham,E01009374
B44 0RA,E01009127,E05011150,Birmingham,E01009127
B38 0BW,E01009120,E05011149,Birmingham,E01009120
B31 4EE,E01009215,E05011152,Birmingham,E01009215
B73 6HE,E01009449,E05011178,Birmingham,E01009449
B24 9PE,E01009011,E05011135,Birmingham,E01009011
B32 3LH,E01033629,E05011123,Birmingham,E01033629
B28 8QJ,E01009023,E05011118,Birmingham,E01009023
B16 0NB,E01009145,E05011157,Birmingham,E01009145
B1 1WJ,E01033616,E05011151,Birmingham,E01033616
B28 8NL,E01009043,E05011140,Birmingham,E01009043
B18 7JQ,E01009348,E05011168,Birmingham,E01009348
B28 0JB,E01009034,E05011141,Birmingham,E01009034
B6 6JY,E01034919,E05011121,Birmingham,E01034919
B33 9PH,E01009311,E05011138,Birmingham,E01009311
B11 3LE,E01034953,E05011171,Birmingham,E01034953
B8 3DH,E01009489,E05011120,Birmingham,E01009489
B16 9DS,E01008987,E05011151,Birmingham,E01008987
B32 3RH,E01008918,E05011123,Birmingham,E01008918
B44 0AR,E01009132,E05011161,Birmingham,E01009132
B32 4JE,E01008928,E05011123,Birmingham,E01008928
B26 3JS,E01009319,E05011166,Birmingham,E01009319
B31 2DZ,E01034944,E05011152,Birmingham,E01034944
B5 7FQ,E01033640,E05011126,Birmingham,E01033640
B8 3EU,E01009492,E05011138,Birmingham,E01009492
B75 6NQ,E01009429,E05011177,Birmingham,E01009429
B30 1DD,E01008960,E05011129,Birmingham,E01008960
B31 3NL,E01009217,E05011152,Birmingham,E01009217
B17 0JB,E01009075,E05011144,Birmingham,E01009075
B20 3JW,E01034917,E05011125,Birmingham,E01034917
B11 2DT,E01008890,E05011182,Birmingham,E01008890
B29 7SP,E01009293,E05011128,Birmingham,E01009293
B11 1PB,E01033650,E05011170,Birmingham,E01033650
B28 9QU,E01009032,E05011140,Birmingham,E01009032
B38 9JU,E01009113,E05011149,Birmingham,E01009113
B14 5TD,,,,
B11 3DL,E01009014,E05011140,Birmingham,E01009014
B31 3AP,E01009205,E05011148,Birmingham,E01009205
B33 0PY,E01009321,E05011166,Birmingham,E01009321
B23 6DN,E01009408,E05011173,Birmingham,E01009408
B42 2HS,E01009243,E05011160,Birmingham,E01009243
B42 1TY,E01009242,E05011160,Birmingham,E01009242
B31 3ER,E01009117,E05011148,Birmingham,E01009117
B27 6HP,E01008890,E05011118,Birmingham,E01008890
B32 1PB,E01009257,E05011163,Birmingham,E01009257
B31 4EA,E01009213,E05011152,Birmingham,E01009213
B26 2TD,E01009323,E05011137,Birmingham,E01009323
B44 9LU,E01009233,E05011159,Birmingham,E01009233
B27 7NL,E01009020,E05011118,Birmingham,E01009020
B11 1LP,E01009368,E05011170,Birmingham,E01009368
B13 9SB,E01009187,E05011154,Birmingham,E01009187
B27 7JU,E01009025,E05011118,Birmingham,E01009025
B29 6DS,E01009289,E05011128,Birmingham,E01009289
B42 1LL,E01009237,E05011160,Birmingham,E01009237
B26 1HJ,E01008885,E05011169,Birmingham,E01008885
B30 3LP,E01009119,E05011149,Birmingham,E01009119
B33 9DX,E01009094,E05011138,Birmingham,E01009094
B25 8SY,E01008897,E05011186,Birmingham,E01008897
B8 1HA,E01009192,E05011120,Birmingham,E01009192
B3 1JL,E01033622,E05011168,Birmingham,E01033622
B33 9QN,E01009298,E05011138,Birmingham,E01009298
B38 8LX,E01009112,E05011148,Birmingham,E01009112
B24 0HX,E01009005,E05011135,Birmingham,E01009005
B38 8NA,E01009111,E05011148,Birmingham,E01009111
B18 5DH,E01009360,E05011168,Birmingham,E01009360
B23 7RW,E01009411,E05011173,Birmingham,E01009411
B23 6HT,E01009408,E05011173,Birmingham,E01009408
B14 7DW,E01009188,E05011130,Birmingham,E01009188
B23 5ER,E01009403,E05011161,Birmingham,E01009403
B31 5RJ,E01009172,E05011119,Birmingham,E01009172
B31 3RX,E01009212,E05011152,Birmingham,E01009212
B7 5LH,E01009202,E05011155,Birmingham,E01009202
B30 2BL,E01008955,E05011172,Birmingham,E01008955
B21 9NS,E01009270,E05011142,Birmingham,E01009270
B17 9EP,E01009067,E05011144,Birmingham,E01009067
B12 8TJ,E01009375,E05011170,Birmingham,E01009375
B27 6SY,E01008895,E05011169,Birmingham,E01008895
B6 6LU,E01009061,E05011121,Birmingham,E01009061
B29 6UX,E01009280,E05011129,Birmingham,E01009280
B21 8DH,E01009271,E05011147,Birmingham,E01009271
B29 5LG,E01009501,E05011184,Birmingham,E01009501
B38 8XQ,E01009118,E05011148,Birmingham,E01009118
B36 8NY,E01009081,E05011131,Birmingham,E01009081
B32 2AH,E01009261,E05011163,Birmingham,E01009261
B25 8JR,E01008887,E05011169,Birmingham,E01008887
B23 7DD,E01009408,E05011173,Birmingham,E01009408
B8 2RA,E01009478,E05011183,Birmingham,E01009478
B9 5TQ,E01009476,E05011145,Birmingham,E01009476
B14 5LH,E01008976,E05011133,Birmingham,E01008976
B30 2NW,E01008952,E05011172,Birmingham,E01008952
B24 0JG,E01009100,E05011162,Birmingham,E01009100
B23 5DZ,E01034915,E05011135,Birmingham,E01034915
B21 9DP,E01009359,E05011142,Birmingham,E01009359
B74 4BA,E01009422,E05011174,Birmingham,E01009422
B23 5PN,E01009002,E05011135,Birmingham,E01009002
B35 6HG,E01009096,E05011132,Birmingham,E01009096
B31 4QA,E01009168,E05011152,Birmingham,E01009168
B29 7AH,E01034941,E05011128,Birmingham,E01034941
B15 2QH,E01034937,E05011134,Birmingham,E01034937
B72 1DS,E01009463,E05011181,Birmingham,E01009463
B33 9EF,E01009311,E05011138,Birmingham,E01009311
B24 8PJ,E01009400,E05011139,Birmingham,E01009400
B1 2SY,E01034951,E05011151,Birmingham,E01034951
B14 5BD,E01008974,E05011133,Birmingham,E01008974
B10 9NR,E01009328,E05011167,Birmingham,E01009328
B26 1QL,E01009312,E05011166,Birmingham,E01009312
B15 3SD,E01008992,E05011134,Birmingham,E01008992
B33 9AY,E01009092,E05011138,Birmingham,E01009092
B34 6AB,E01009090,E05011131,Birmingham,E01009090
B29 5XY,E01009500,E05011184,Birmingham,E01009500
B42 1HJ,E01009235,E05011160,Birmingham,E01009235
B17 0RB,E01009077,E05011144,Birmingham,E01009077
B76 1WE,E01009461,E05011181,Birmingham,E01009461
B14 4JR,E01008945,E05011146,Birmingham,E01008945
B29 6RB,E01009294,E05011184,Birmingham,E01009294
B30 3DB,E01008957,E05011172,Birmingham,E01008957
B5 7RJ,E01034937,E05011134,Birmingham,E01034937
B14 4RE,E01008943,E05011146,Birmingham,E01008943
B44 9JW,E01009222,E05011159,Birmingham,E01009222
B31 1TY,E01008930,E05011123,Birmingham,E01008930
B28 0PG,E01009040,E05011141,Birmingham,E01009040
B28 9EX,E01032589,E05011140,Birmingham,E01032589
B11 3BA,E01034955,E05011140,Birmingham,E01034955
B29 5SX,E01009064,E05011184,Birmingham,E01009064
B3 1DR,E01033565,E05011168,Birmingham,E01033565
B75 7TG,E01009432,E05011178,Birmingham,E01009432
B30 3AB,E01008953,E05011172,Birmingham,E01008953
B13 0QJ,E01008936,E05011124,Birmingham,E01008936
B75 6DJ,E01009428,E05011178,Birmingham,E01009428
B21 9BX,E01009352,E05011142,Birmingham,E01009352
B8 2BY,E01009478,E05011183,Birmingham,E01009478
B28 0JJ,E01009036,E05011141,Birmingham,E01009036
B44 9AS,E01009224,E05011159,Birmingham,E01009224
B73 5AH,E01009473,E05011179,Birmingham,E01009473
B30 2BF,E01009282,E05011128,Birmingham,E01009282
B24 0LF,E01009100,E05011162,Birmingham,E01009100
B12 8JL,E01009397,E05011170,Birmingham,E01009397
B33 8DZ,E01009510,E05011185,Birmingham,E01009510
B19 2RT,E01008913,E05011156,Birmingham,E01008913
B33 8DW,E01009510,E05011185,Birmingham,E01009510
B24 9LG,E01009011,E05011135,Birmingham,E01009011
B8 2QL,E01009480,E05011183,Birmingham,E01009480
B5 7BT,E01034947,E05011126,Birmingham,E01034947
B27 7RJ,E01009022,E05011118,Birmingham,E01009022
B19 2NT,E01008913,E05011156,Birmingham,E01008913
B76 9AX,E01009441,E05011180,Birmingham,E01009441
B75 6HA,E01009447,E05011177,Birmingham,E01009447
B33 9UW,E01009297,E05011138,Birmingham,E01009297
B29 7SB,E01009280,E05011128,Birmingham,E01009280
B23 5YD,E01009136,E05011161,Birmingham,E01009136
B31 1NE,E01009496,E05011119,Birmingham,E01009496
B9 5XU,E01009342,E05011145,Birmingham,E01009342
B13 9TL,E01009187,E05011154,Birmingham,E01009187
B1 1JY,E01033557,E05011151,Birmingham,E01033557
B9 5BA,E01009332,E05011127,Birmingham,E01009332
B30 3PG,E01008977,E05011148,Birmingham,E01008977
B18 5HJ,E01009360,E05011168,Birmingham,E01009360
B11 4PX,E01009396,E05011171,Birmingham,E01009396
B42 1HG,E01009235,E05011160,Birmingham,E01009235
B26 3SR,E01009318,E05011166,Birmingham,E01009318
B75 7HT,E01009448,E05011177,Birmingham,E01009448
B27 6DU,E01008893,E05011118,Birmingham,E01008893
B14 6AL,E01008967,E05011130,Birmingham,E01008967
B32 4JU,E01008927,E05011123,Birmingham,E01008927
B42 1PA,E01009241,E05011160,Birmingham,E01009241
B31 1NG,E01009497,E05011119,Birmingham,E01009497
B36 8QY,E01009081,E05011131,Birmingham,E01009081
B26 1TT,E01009520,E05011185,Birmingham,E01009520
B23 5DW,E01009136,E05011161,Birmingham,E01009136
B13 9NJ,E01009045,E05011171,Birmingham,E01009045
B1 2LS,E01033557,E05011151,Birmingham,E01033557
B73 6RT,E01009467,E05011179,Birmingham,E01009467
B26 1PF,E01009312,E05011166,Birmingham,E01009312
B20 2EX,E01009270,E05011142,Birmingham,E01009270
B23 7JY,E01009401,E05011139,Birmingham,E01009401
B74 4DZ,E01009419,E05011175,Birmingham,E01009419
B29 7AJ,E01034941,E05011128,Birmingham,E01034941
B33 0DJ,E01009299,E05011138,Birmingham,E01009299
B10 0BJ,E01009379,E05011127,Birmingham,E01009379
B28 0BT,E01009037,E05011141,Birmingham,E01009037
B73 6ED,E01009449,E05011178,Birmingham,E01009449
B20 3FG,E01034917,E05011125,Birmingham,E01034917
B32 2NF,E01009073,E05011144,Birmingham,E01009073
B44 0QB,E01009133,E05011150,Birmingham,E01009133
B20 2LA,E01009262,E05011143,Birmingham,E01009262
B29 5UW,E01009500,E05011184,Birmingham,E01009500
B73 6PW,E01009472,E05011179,Birmingham,E01009472
B14 6QL,E01008972,E05011130,Birmingham,E01008972
B33 9HH,E01009095,E05011138,Birmingham,E01009095
B6 6JP,E01034920,E05011121,Birmingham,E01034920
B76 9RE,E01009441,E05011180,Birmingham,E01009441
B9 4PA,E01009199,E05011126,Birmingham,E01009199
B75 6BS,E01009428,E05011178,Birmingham,E01009428
B32 2QW,E01009258,E05011163,Birmingham,E01009258
B17 0TR,E01009064,E05011144,Birmingham,E01009064
B31 5GB,E01034942,E05011136,Birmingham,E01034942
B16 8SW,E01034948,E05011151,Birmingham,E01034948
B11 4RB,E01033643,E05011171,Birmingham,E01033643
B8 3ED,E01009195,E05011120,Birmingham,E01009195
B26 2UF,E01009314,E05011137,Birmingham,E01009314
B74 4LN,E01009418,E05011174,Birmingham,E01009418
B26 1TU,E01009521,E05011185,Birmingham,E01009521
B4 7DW,E01033561,E05011155,Birmingham,E01033561
B14 6HP,E01008966,E05011130,Birmingham,E01008966
B6 6QE,E01008916,E05011121,Birmingham,E01008916
B18 6ES,E01033559,E05011168,Birmingham,E01033559
B23 6AZ,E01009409,E05011139,Birmingham,E01009409
B73 6LU,E01009468,E05011179,Birmingham,E01009468
B30 1XB,E01009281,E05011129,Birmingham,E01009281
B75 7LP,E01009448,E05011176,Birmingham,E01009448
B31 5HR,E01009162,E05011158,Birmingham,E01009162
B20 2NE,E01009278,E05011143,Birmingham,E01009278
B31 4QW,E01009168,E05011152,Birmingham,E01009168
B14 7DA,E01009189,E05011130,Birmingham,E01009189
B26 2TJ,E01009323,E05011137,Birmingham,E01009323
B30 3PJ,E01008977,E05011148,Birmingham,E01008977
B28 9PE,E01009033,E05011140,Birmingham,E01009033
B10 0LB,E01009379,E05011127,Birmingham,E01009379
B30 1SB,E01008954,E05011129,Birmingham,E01008954
B25 8HL,E01008884,E05011182,Birmingham,E01008884
B73 5RT,E01009456,E05011179,Birmingham,E01009456
B30 3EE,E01008961,E05011129,Birmingham,E01008961
B5 7XT,E01008995,E05011122,Birmingham,E01008995
B32 3QW,E01008917,E05011123,Birmingham,E01008917
B72 1LQ,E01009457,E05011181,Birmingham,E01009457
B44 9SS,E01009221,E05011159,Birmingham,E01009221
B10 9LR,E01009326,E05011167,Birmingham,E01009326
B26 2AX,E01009517,E05011185,Birmingham,E01009517
B8 2BN,E01009480,E05011183,Birmingham,E01009480
B34 6DT,E01009089,E05011131,Birmingham,E01009089
B18 5EB,E01009360,E05011168,Birmingham,E01009360
B26 1PB,E01009313,E05011166,Birmingham,E01009313
B36 8BN,E01009087,E05011131,Birmingham,E01009087
B10 9EY,E01009334,E05011167,Birmingham,E01009334
B74 4BL,E01009415,E05011175,Birmingham,E01009415
B13 8DS,E01034939,E05011154,Birmingham,E01034939
B14 6TH,E01008970,E05011130,Birmingham,E01008970
B30 1LY,E01008950,E05011129,Birmingham,E01008950
B1 3BF,E01034950,E05011168,Birmingham,E01034950
B21 8HS,E01009272,E05011143,Birmingham,E01009272
B75 5JD,E01009415,E05011175,Birmingham,E01009415
B38 8TJ,E01009116,E05011148,Birmingham,E01009116
B24 9HU,E01034916,E05011135,Birmingham,E01034916
B75 6TJ,E01009431,E05011175,Birmingham,E01009431
B8 3TJ,E01009192,E05011120,Birmingham,E01009192
B76 1NQ,E01009437,E05011180,Birmingham,E01009437
B38 8XJ,E01009118,E05011148,Birmingham,E01009118
B14 6DH,E01008968,E05011130,Birmingham,E01008968
B6 7PN,E01008901,E05011155,Birmingham,E01008901
B11 3AW,E01009391,E05011171,Birmingham,E01009391
B13 9YN,E01009394,E05011154,Birmingham,E01009394
B23 6JP,E01009407,E05011173,Birmingham,E01009407
B24 9SZ,E01009102,E05011162,Birmingham,E01009102
B33 9HU,E01009093,E05011138,Birmingham,E01009093
B33 8LF,E01009511,E05011137,Birmingham,E01009511
B42 2FF,E01009243,E05011159,Birmingham,E01009243
B20 1BJ,E01009262,E05011143,Birmingham,E01009262
B13 9HS,E01009394,E05011154,Birmingham,E01009394
B23 7PE,E01009000,E05011139,Birmingham,E01009000
B44 8DH,E01009231,E05011150,Birmingham,E01009231
B35 7NT,E01009097,E05011132,Birmingham,E01009097
B30 2YT,E01008952,E05011172,Birmingham,E01008952
B13 9LE,E01009176,E05011154,Birmingham,E01009176
B28 8DJ,E01009046,E05011140,Birmingham,E01009046
B28 9EQ,E01009035,E05011140,Birmingham,E01009035
B7 5NU,E01009201,E05011155,Birmingham,E01009201
B23 6AX,E01033646,E05011139,Birmingham,E01033646
B33 9HX,E01009093,E05011138,Birmingham,E01009093
B31 3XJ,E01009211,E05011152,Birmingham,E01009211
B19 3BU,E01034929,E05011156,Birmingham,E01034929
B23 5HP,E01009123,E05011161,Birmingham,E01009123
B74 4JP,E01009419,E05011174,Birmingham,E01009419
B1 1SZ,E01033557,E05011151,Birmingham,E01033557
B6 6NB,E01009061,E05011121,Birmingham,E01009061
B34 7EQ,E01009304,E05011165,Birmingham,E01009304
B33 9TY,E01009300,E05011138,Birmingham,E01009300
B23 7BJ,E01009123,E05011173,Birmingham,E01009123
B8 3ER,E01009476,E05011120,Birmingham,E01009476
B28 8BA,E01009043,E05011140,Birmingham,E01009043
B30 3QZ,E01008974,E05011133,Birmingham,E01008974
B30 1QD,E01008954,E05011129,Birmingham,E01008954
B9 5LS,E01034935,E05011126,Birmingham,E01034935
B10 9RA,E01009329,E05011167,Birmingham,E01009329
B27 7YE,E01009018,E05011118,Birmingham,E01009018
B75 7AG,E01009424,E05011178,Birmingham,E01009424
B14 6NE,E01008973,E05011130,Birmingham,E01008973
B11 3EN,E01009017,E05011140,Birmingham,E01009017
B26 3BD,E01009316,E05011166,Birmingham,E01009316
B74 4XR,E01009433,E05011175,Birmingham,E01009433
B45 9RD,E01009167,E05011164,Birmingham,E01009167
B20 3SY,E01009047,E05011125,Birmingham,E01009047
B75 7EG,E01009452,E05011176,Birmingham,E01009452
B33 9DJ,E01009095,E05011138,Birmingham,E01009095
B26 2PA,E01009323,E05011166,Birmingham,E01009323
B20 2RU,E01009056,E05011143,Birmingham,E01009056
B31 4DT,E01009213,E05011152,Birmingham,E01009213
B14 4TU,E01008949,E05011146,Birmingham,E01008949
B14 5RN,E01008978,E05011133,Birmingham,E01008978
B12 0AN,E01034947,E05011126,Birmingham,E01034947
B73 6NP,E01009474,E05011179,Birmingham,E01009474
B76 1XJ,E01009443,E05011180,Birmingham,E01009443
B29 4LX,E01009506,E05011184,Birmingham,E01009506
B23 6JJ,E01009408,E05011173,Birmingham,E01009408
B29 7NP,E01009283,E05011128,Birmingham,E01009283
B24 9HQ,E01009012,E05011135,Birmingham,E01009012
B31 1DG,E01033629,E05011123,Birmingham,E01033629
B33 0TS,E01009512,E05011137,Birmingham,E01009512
B76 1JN,E01009442,E05011180,Birmingham,E01009442
B24 0PU,E01009105,E05011162,Birmingham,E01009105
B38 9LU,E01009109,E05011149,Birmingham,E01009109
B27 6JJ,E01008890,E05011118,Birmingham,E01008890
B16 8WL,E01034948,E05011151,Birmingham,E01034948
B45 8SH,E01034944,E05011152,Birmingham,E01034944
B28 0JR,E01009039,E05011141,Birmingham,E01009039
B44 0NP,E01009132,E05011150,Birmingham,E01009132
B14 4NW,E01008945,E05011146,Birmingham,E01008945
B10 0UF,E01009332,E05011127,Birmingham,E01009332
B13 9SR,E01009188,E05011154,Birmingham,E01009188
B8 2SL,E01009478,E05011183,Birmingham,E01009478
B31 3LA,E01009212,E05011152,Birmingham,E01009212
B31 5FH,E01009172,E05011136,Birmingham,E01009172
B32 3PG,E01008923,E05011123,Birmingham,E01008923
B30 2LY,E01009282,E05011128,Birmingham,E01009282
B9 5JW,E01009341,E05011145,Birmingham,E01009341
B8 3PX,E01009492,E05011138,Birmingham,E01009492
B19 2LJ,E01034925,E05011153,Birmingham,E01034925
B13 9BD,E01009383,E05011154,Birmingham,E01009383
B5 7TL,E01008984,E05011134,Birmingham,E01008984
B18 5DG,E01009360,E05011168,Birmingham,E01009360
B14 5NY,E01008976,E05011133,Birmingham,E01008976
B5 7PD,E01008984,E05011134,Birmingham,E01008984
B33 8SH,E01009513,E05011186,Birmingham,E01009513
B73 6RA,E01009473,E05011179,Birmingham,E01009473
B1 2QA,E01034951,E05011151,Birmingham,E01034951
B73 5HU,E01009460,E05011179,Birmingham,E01009460
B33 8AE,E01009507,E05011186,Birmingham,E01009507
B23 7UB,E01009124,E05011173,Birmingham,E01009124
B17 0SP,E01009071,E05011144,Birmingham,E01009071
B13 9HJ,E01009390,E05011154,Birmingham,E01009390
B74 4TH,E01009421,E05011174,Birmingham,E01009421
B32 2AW,E01009261,E05011163,Birmingham,E01009261
B10 0SP,E01009379,E05011127,Birmingham,E01009379
B23 6UU,E01009409,E05011139,Birmingham,E01009409
B76 2TN,E01009450,E05011180,Birmingham,E01009450
B33 0XP,E01009303,E05011138,Birmingham,E01009303
B12 8BT,E01009399,E05011170,Birmingham,E01009399
B24 8LL,E01009400,E05011139,Birmingham,E01009400
B3 1TT,E01033623,E05011168,Birmingham,E01033623
B35 6BP,E01009096,E05011132,Birmingham,E01009096
B28 0RU,E01009037,E05011141,Birmingham,E01009037
B16 0EY,E01009153,E05011157,Birmingham,E01009153
B11 1TH,E01009373,E05011170,Birmingham,E01009373
B38 8PA,E01009108,E05011149,Birmingham,E01009108
B15 2EY,E01033624,E05011151,Birmingham,E01033624
B10 0NZ,E01009379,E05011127,Birmingham,E01009379
B30 1LR,E01008951,E05011129,Birmingham,E01008951
B33 0PT,E01009321,E05011166,Birmingham,E01009321
B32 1JL,E01009257,E05011163,Birmingham,E01009257
B23 5BN,E01034914,E05011161,Birmingham,E01034914
B24 0UA,E01009011,E05011162,Birmingham,E01009011
B10 0US,E01009329,E05011167,Birmingham,E01009329
B38 9SJ,E01009114,E05011149,Birmingham,E01009114
B31 1TH,E01009498,E05011119,Birmingham,E01009498
B45 8SG,E01009171,E05011164,Birmingham,E01009171
B18 6FR,E01033559,E05011168,Birmingham,E01033559
B21 9NT,E01009270,E05011142,Birmingham,E01009270
B31 5DX,E01009158,E05011136,Birmingham,E01009158
B38 9TH,E01009113,E05011149,Birmingham,E01009113
B26 3BT,E01009316,E05011166,Birmingham,E01009316
B17 9LA,E01009069,E05011144,Birmingham,E01009069
B12 9QB,E01034939,E05011122,Birmingham,E01034939
B32 3RZ,E01008918,E05011123,Birmingham,E01008918
B31 3JU,E01009216,E05011152,Birmingham,E01009216
B31 4NP,E01034945,E05011152,Birmingham,E01034945
B31 1DW,E01009495,E05011123,Birmingham,E01009495
B29 5NP,E01009501,E05011184,Birmingham,E01009501
B21 9BT,E01009352,E05011142,Birmingham,E01009352
B23 5UN,E01034915,E05011135,Birmingham,E01034915
B36 8TJ,E01009082,E05011131,Birmingham,E01009082
B31 5RG,E01009172,E05011119,Birmingham,E01009172
B20 2QJ,E01009051,E05011125,Birmingham,E01009051
B11 4DE,E01009393,E05011171,Birmingham,E01009393
B44 0TE,E01009128,E05011150,Birmingham,E01009128
B27 6NS,E01008895,E05011118,Birmingham,E01008895
B30 2LS,E01008955,E05011172,Birmingham,E01008955
B74 2TH,E01009425,E05011174,Birmingham,E01009425
B31 5AJ,E01034942,E05011136,Birmingham,E01034942
B26 1DS,E01008888,E05011169,Birmingham,E01008888
B6 6BT,E01034923,E05011121,Birmingham,E01034923
B14 5YE,E01008979,E05011133,Birmingham,E01008979
B45 9LB,E01009160,E05011164,Birmingham,E01009160
B23 5HE,E01034914,E05011161,Birmingham,E01034914
B31 4SU,E01009170,E05011152,Birmingham,E01009170
B42 1UL,E01009237,E05011160,Birmingham,E01009237
B17 9AE,E01009252,E05011163,Birmingham,E01009252
B5 7PE,E01008984,E05011134,Birmingham,E01008984
B24 9JP,E01009008,E05011135,Birmingham,E01009008
B21 0EL,E01009349,E05011147,Birmingham,E01009349
B27 7BP,E01009020,E05011118,Birmingham,E01009020
B18 5QR,E01009360,E05011168,Birmingham,E01009360
B14 4PN,E01008949,E05011146,Birmingham,E01008949
B25 8YH,E01009515,E05011186,Birmingham,E01009515
B13 9PS,E01009185,E05011154,Birmingham,E01009185
B33 9DL,E01009095,E05011138,Birmingham,E01009095
B31 2LE,E01009218,E05011158,Birmingham,E01009218
B44 0JH,E01009130,E05011150,Birmingham,E01009130
B9 5DQ,E01009332,E05011127,Birmingham,E01009332
B11 3PG,E01009029,E05011182,Birmingham,E01009029
B29 5TE,E01009500,E05011184,Birmingham,E01009500
B6 6LD,E01034923,E05011121,Birmingham,E01034923
B43 6DP,E01009245,E05011160,Birmingham,E01009245
B28 0BB,E01009031,E05011140,Birmingham,E01009031
B32 3PP,E01008923,E05011123,Birmingham,E01008923
B26 1JT,E01008888,E05011169,Birmingham,E01008888
B17 9RN,E01009072,E05011144,Birmingham,E01009072
B32 2JZ,E01009072,E05011144,Birmingham,E01009072
B9 5UZ,E01009477,E05011145,Birmingham,E01009477
B44 0PE,E01009132,E05011150,Birmingham,E01009132
B44 0JJ,E01009128,E05011150,Birmingham,E01009128
B36 8UL,E01009082,E05011131,Birmingham,E01009082
B11 1TY,E01009373,E05011170,Birmingham,E01009373
B31 3HL,E01009214,E05011152,Birmingham,E01009214
B31 1FQ,E01009497,E05011119,Birmingham,E01009497
B23 7TX,E01009125,E05011173,Birmingham,E01009125
B21 9SD,E01034921,E05011168,Birmingham,E01034921
B73 5JG,E01009459,E05011181,Birmingham,E01009459
B15 2JF,E01008997,E05011134,Birmingham,E01008997
B11 2HA,E01009026,E05011182,Birmingham,E01009026
B30 1SR,E01008954,E05011129,Birmingham,E01008954
B42 1RY,E01009241,E05011160,Birmingham,E01009241
B10 9SJ,E01009344,E05011167,Birmingham,E01009344
B20 2AU,E01009263,E05011143,Birmingham,E01009263
B31 3HX,E01009214,E05011152,Birmingham,E01009214
B19 1HP,E01009047,E05011153,Birmingham,E01009047
B35 7DY,E01009103,E05011132,Birmingham,E01009103
B34 7AN,E01009306,E05011165,Birmingham,E01009306
B18 7PW,E01009347,E05011168,Birmingham,E01009347
B16 9JH,E01008986,E05011157,Birmingham,E01008986
B31 1JQ,E01008930,E05011123,Birmingham,E01008930
B14 7QU,E01009178,E05011130,Birmingham,E01009178
B29 5JG,E01009291,E05011184,Birmingham,E01009291
B20 1HE,E01009276,E05011143,Birmingham,E01009276
B11 1LD,E01009365,E05011170,Birmingham,E01009365
B27 7QR,E01009022,E05011118,Birmingham,E01009022
B72 1ET,E01009457,E05011181,Birmingham,E01009457
B44 0RL,E01009128,E05011150,Birmingham,E01009128
B4 6FW,E01034930,E05011156,Birmingham,E01034930
B11 2DB,E01008889,E05011182,Birmingham,E01008889
B26 1SE,E01009520,E05011185,Birmingham,E01009520
B42 2DG,E01009236,E05011160,Birmingham,E01009236
B33 0LR,E01009302,E05011138,Birmingham,E01009302
B12 9DP,E01009366,E05011122,Birmingham,E01009366
B31 5NA,E01009173,E05011119,Birmingham,E01009173
B74 2RG,E01009430,E05011174,Birmingham,E01009430
B38 9UD,E01009114,E05011149,Birmingham,E01009114
B23 7PP,E01009414,E05011173,Birmingham,E01009414
B14 6PS,E01008974,E05011130,Birmingham,E01008974
B29 5DY,E01009503,E05011184,Birmingham,E01009503
B44 8PL,E01009137,E05011150,Birmingham,E01009137
B12 9TS,E01009376,E05011122,Birmingham,E01009376
B32 2SG,E01009255,E05011163,Birmingham,E01009255
B10 0ST,E01009380,E05011127,Birmingham,E01009380
B72 1AR,E01009471,E05011181,Birmingham,E01009471
B8 3HP,E01009491,E05011120,Birmingham,E01009491
B24 0LB,E01009100,E05011162,Birmingham,E01009100
B44 8LP,E01009230,E05011159,Birmingham,E01009230
B9 5JL,E01009341,E05011145,Birmingham,E01009341
B36 8RS,E01009080,E05011131,Birmingham,E01009080
B33 9PU,E01009311,E05011138,Birmingham,E01009311
B33 9HJ,E01009095,E05011138,Birmingham,E01009095
B9 5RN,E01009331,E05011127,Birmingham,E01009331
B11 3DE,E01009014,E05011140,Birmingham,E01009014
B18 4RA,E01009361,E05011168,Birmingham,E01009361
B23 5PD,E01009406,E05011161,Birmingham,E01009406
B30 1BD,E01008962,E05011129,Birmingham,E01008962
B13 0AH,E01008933,E05011124,Birmingham,E01008933
B15 2EL,E01008997,E05011134,Birmingham,E01008997
B73 5EE,E01009472,E05011179,Birmingham,E01009472
B32 4AL,E01008927,E05011123,Birmingham,E01008927
B32 3QU,E01008921,E05011123,Birmingham,E01008921
B11 3QR,E01009026,E05011182,Birmingham,E01009026
B24 0HZ,E01009005,E05011135,Birmingham,E01009005
B23 5RQ,E01009002,E05011135,Birmingham,E01009002
B31 5PD,E01009173,E05011119,Birmingham,E01009173
B75 5EX,E01009423,E05011175,Birmingham,E01009423
B25 8DX,E01008884,E05011182,Birmingham,E01008884
B75 7LN,E01009448,E05011176,Birmingham,E01009448
B29 5RT,E01009500,E05011184,Birmingham,E01009500
B15 3JP,E01008992,E05011134,Birmingham,E01008992
B6 6LT,E01009061,E05011121,Birmingham,E01009061
B44 8LY,E01009227,E05011159,Birmingham,E01009227
B24 0BX,E01009005,E05011135,Birmingham,E01009005
B3 1JH,E01033565,E05011168,Birmingham,E01033565
B11 4AE,E01009396,E05011171,Birmingham,E01009396
B13 9RE,E01009189,E05011154,Birmingham,E01009189
B14 7EW,E01009175,E05011130,Birmingham,E01009175
B27 7BA,E01009015,E05011118,Birmingham,E01009015
B9 4TT,E01009199,E05011126,Birmingham,E01009199
B74 2PL,E01009424,E05011178,Birmingham,E01009424
B9 5UN,E01009476,E05011145,Birmingham,E01009476
B5 7LR,E01008996,E05011122,Birmingham,E01008996
B3 1FJ,E01033622,E05011168,Birmingham,E01033622
B30 3RH,E01008975,E05011133,Birmingham,E01008975
B34 6DA,E01009087,E05011131,Birmingham,E01009087
B44 9TE,E01009134,E05011150,Birmingham,E01009134
B32 1RD,E01009259,E05011163,Birmingham,E01009259
B32 2SL,E01009255,E05011163,Birmingham,E01009255
B24 0SN,E01009100,E05011162,Birmingham,E01009100
B75 6SE,E01009427,E05011174,Birmingham,E01009427
B28 0EP,E01009031,E05011140,Birmingham,E01009031
B20 3QL,E01009059,E05011125,Birmingham,E01009059
B9 5TR,E01009475,E05011145,Birmingham,E01009475
B34 6JG,E01009088,E05011131,Birmingham,E01009088
B9 5LT,E01034935,E05011145,Birmingham,E01034935
B36 8UW,E01009082,E05011131,Birmingham,E01009082
B29 5DG,E01009503,E05011184,Birmingham,E01009503
B29 6QR,E01009292,E05011184,Birmingham,E01009292
B24 0PQ,E01009105,E05011162,Birmingham,E01009105
B28 0DX,E01009037,E05011141,Birmingham,E01009037
B18 4HB,E01009346,E05011157,Birmingham,E01009346
B7 5HB,E01009201,E05011155,Birmingham,E01009201
B23 7LZ,E01009413,E05011173,Birmingham,E01009413
B9 5HD,E01009333,E05011127,Birmingham,E01009333
B16 9AL,E01008987,E05011157,Birmingham,E01008987
B1 2PT,E01033627,E05011151,Birmingham,E01033627
B18 5QX,E01009348,E05011168,Birmingham,E01009348
B1 3DZ,E01033565,E05011168,Birmingham,E01033565
B7 5NJ,E01009201,E05011155,Birmingham,E01009201
B44 0TR,E01009131,E05011150,Birmingham,E01009131
B15 2SH,E01033562,E05011134,Birmingham,E01033562
B25 8TW,E01008881,E05011186,Birmingham,E01008881
B73 5AF,E01009473,E05011179,Birmingham,E01009473
B11 3QG,E01009028,E05011182,Birmingham,E01009028
B11 1EL,E01009363,E05011170,Birmingham,E01009363
B31 4BZ,E01009215,E05011152,Birmingham,E01009215
B13 9SE,E01009185,E05011154,Birmingham,E01009185
B23 7YE,E01009411,E05011173,Birmingham,E01009411
B9 5PW,E01009328,E05011127,Birmingham,E01009328
B13 9TA,E01009189,E05011154,Birmingham,E01009189
B45 9LU,E01009164,E05011164,Birmingham,E01009164
B11 3JG,E01009014,E05011140,Birmingham,E01009014
B28 0UJ,E01009041,E05011141,Birmingham,E01009041
B9 5AD,E01009344,E05011127,Birmingham,E01009344
B31 4HW,E01009213,E05011152,Birmingham,E01009213
B19 3BL,E01033638,E05011156,Birmingham,E01033638
B31 2PS,E01009219,E05011158,Birmingham,E01009219
B45 0PD,E01034942,E05011136,Birmingham,E01034942
B29 7HW,E01009288,E05011128,Birmingham,E01009288
B44 8SY,E01009228,E05011159,Birmingham,E01009228
B28 9LG,E01009035,E05011140,Birmingham,E01009035
B62 0EZ,E01008921,E05011123,Birmingham,E01008921
B5 7QJ,E01008982,E05011134,Birmingham,E01008982
B30 2PR,E01008952,E05011172,Birmingham,E01008952
B16 9JA,E01008988,E05011157,Birmingham,E01008988
B7 5LQ,E01009202,E05011155,Birmingham,E01009202
B44 8PQ,E01009223,E05011159,Birmingham,E01009223
B6 6QY,E01008916,E05011121,Birmingham,E01008916
B15 2BW,E01008994,E05011134,Birmingham,E01008994
B8 2JG,E01009481,E05011183,Birmingham,E01009481
B44 8DN,E01009232,E05011150,Birmingham,E01009232
B30 2LZ,E01009282,E05011128,Birmingham,E01009282
B6 6JN,E01034920,E05011121,Birmingham,E01034920
B75 7AS,E01009424,E05011178,Birmingham,E01009424
B44 0NE,E01009131,E05011150,Birmingham,E01009131
B42 2PA,E01009243,E05011160,Birmingham,E01009243
B25 8QY,E01008896,E05011186,Birmingham,E01008896
B73 5JQ,E01009459,E05011181,Birmingham,E01009459
B31 4NF,E01034945,E05011152,Birmingham,E01034945
B36 8LJ,E01009083,E05011131,Birmingham,E01009083
B45 9NQ,E01009167,E05011164,Birmingham,E01009167
B28 0DB,E01009037,E05011141,Birmingham,E01009037
B20 2LD,E01009262,E05011143,Birmingham,E01009262
B24 9LJ,E01009011,E05011135,Birmingham,E01009011
B21 9PT,E01009266,E05011147,Birmingham,E01009266
B30 2XG,E01008964,E05011172,Birmingham,E01008964
B31 3DR,E01009117,E05011148,Birmingham,E01009117
B45 0HA,E01034943,E05011136,Birmingham,E01034943
B29 6LE,E01009281,E05011129,Birmingham,E01009281
B20 3NT,E01009050,E05011125,Birmingham,E01009050
B33 9FJ,E01009300,E05011138,Birmingham,E01009300
B44 8UB,E01009228,E05011159,Birmingham,E01009228
B74 4PY,E01009421,E05011174,Birmingham,E01009421
B74 4QR,E01009422,E05011174,Birmingham,E01009422
B8 1HU,E01009489,E05011120,Birmingham,E01009489
B36 8LT,E01009083,E05011131,Birmingham,E01009083
B73 5SP,E01009456,E05011179,Birmingham,E01009456
B19 3AZ,E01033638,E05011156,Birmingham,E01033638
B13 9BX,E01009389,E05011154,Birmingham,E01009389
B13 0NL,E01008938,E05011124,Birmingham,E01008938
B7 5DB,E01009201,E05011155,Birmingham,E01009201
B19 1TW,E01008905,E05011153,Birmingham,E01008905
B44 8LA,E01009230,E05011150,Birmingham,E01009230
B19 1QJ,E01008905,E05011153,Birmingham,E01008905
B14 5DF,E01008947,E05011146,Birmingham,E01008947
B44 0LU,E01009134,E05011150,Birmingham,E01009134
B44 0BG,E01009137,E05011150,Birmingham,E01009137
B14 5LL,E01008976,E05011133,Birmingham,E01008976
B44 9LB,E01009222,E05011159,Birmingham,E01009222
B32 2BU,E01009073,E05011144,Birmingham,E01009073
B35 7QQ,E01009101,E05011132,Birmingham,E01009101
B6 4TQ,E01008910,E05011156,Birmingham,E01008910
B10 9NB,E01033642,E05011167,Birmingham,E01033642
B15 3HE,E01008990,E05011134,Birmingham,E01008990
B31 1EJ,E01008929,E05011123,Birmingham,E01008929
B27 7LH,E01009025,E05011118,Birmingham,E01009025
B35 6BL,E01009096,E05011132,Birmingham,E01009096
B73 6RX,E01009467,E05011179,Birmingham,E01009467
B28 0HP,E01009034,E05011140,Birmingham,E01009034
B5 4AW,E01033625,E05011151,Birmingham,E01033625
B18 5PL,E01009347,E05011168,Birmingham,E01009347
B5 7NB,E01008995,E05011122,Birmingham,E01008995
B45 9NF,E01009164,E05011164,Birmingham,E01009164
B73 5HQ,E01009460,E05011179,Birmingham,E01009460
B45 0EG,E01009157,E05011136,Birmingham,E01009157
B72 1SR,E01009451,E05011178,Birmingham,E01009451
B28 0QB,E01009041,E05011141,Birmingham,E01009041
B27 7NT,E01009022,E05011118,Birmingham,E01009022
B23 7YJ,E01009411,E05011173,Birmingham,E01009411
B74 4NT,E01009421,E05011174,Birmingham,E01009421
B9 4JQ,E01009200,E05011126,Birmingham,E01009200
B20 1BA,E01009267,E05011143,Birmingham,E01009267
B26 3DY,E01009315,E05011166,Birmingham,E01009315
B73 6PZ,E01009470,E05011179,Birmingham,E01009470
B28 9PA,E01032589,E05011140,Birmingham,E01032589
B76 9AU,E01009441,E05011180,Birmingham,E01009441
B32 3DH,E01008920,E05011123,Birmingham,E01008920
B24 9TA,E01009102,E05011162,Birmingham,E01009102
B32 1PL,E01009249,E05011163,Birmingham,E01009249
B34 7AL,E01009306,E05011165,Birmingham,E01009306
B29 7RR,E01009293,E05011128,Birmingham,E01009293
B36 8JE,E01009085,E05011131,Birmingham,E01009085
B11 4AS,E01009391,E05011171,Birmingham,E01009391
B15 2GJ,E01008995,E05011134,Birmingham,E01008995
B44 9AE,E01009225,E05011159,Birmingham,E01009225
B31 2EQ,E01008954,E05011129,Birmingham,E01008954
B11 3JX,E01034953,E05011171,Birmingham,E01034953
B12 9TH,E01009374,E05011122,Birmingham,E01009374
B7 5NF,E01009201,E05011155,Birmingham,E01009201
B29 6PL,E01009295,E05011184,Birmingham,E01009295
B73 5JB,E01009459,E05011181,Birmingham,E01009459
B75 7LA,E01009452,E05011176,Birmingham,E01009452
B17 8DS,E01009147,E05011157,Birmingham,E01009147
B14 7SY,E01009177,E05011130,Birmingham,E01009177
B8 1RG,E01009482,E05011120,Birmingham,E01009482
B8 2JL,E01009487,E05011183,Birmingham,E01009487
B20 3NU,E01009051,E05011125,Birmingham,E01009051
B33 9TP,E01009300,E05011138,Birmingham,E01009300
B32 1AN,E01009250,E05011163,Birmingham,E01009250
B11 4NF,E01009382,E05011171,Birmingham,E01009382
B20 3AN,E01009054,E05011121,Birmingham,E01009054
B75 5EA,E01009423,E05011175,Birmingham,E01009423
B24 0HR,E01009005,E05011135,Birmingham,E01009005
B44 0UH,E01009128,E05011150,Birmingham,E01009128
B31 5HG,E01009158,E05011136,Birmingham,E01009158
B10 9DF,E01009335,E05011167,Birmingham,E01009335
B73 5LF,E01009456,E05011179,Birmingham,E01009456
B26 3DN,E01009315,E05011166,Birmingham,E01009315
B45 9PX,E01009167,E05011164,Birmingham,E01009167
B31 2QX,E01009207,E05011158,Birmingham,E01009207
B20 3SW,E01009048,E05011125,Birmingham,E01009048
B38 9RN,E01009113,E05011149,Birmingham,E01009113
B8 2PB,E01009492,E05011138,Birmingham,E01009492
B38 9UU,E01009115,E05011149,Birmingham,E01009115
B19 2HD,E01008911,E05011156,Birmingham,E01008911
B42 2BW,E01009244,E05011159,Birmingham,E01009244
B35 7BY,E01009103,E05011132,Birmingham,E01009103
B32 4JG,E01008928,E05011123,Birmingham,E01008928
B17 9SG,E01009068,E05011144,Birmingham,E01009068
B73 5EG,E01009472,E05011179,Birmingham,E01009472
B35 6NJ,E01009106,E05011132,Birmingham,E01009106
B31 2JE,E01009219,E05011158,Birmingham,E01009219
B44 0LN,E01009130,E05011150,Birmingham,E01009130
B27 7LD,E01009025,E05011118,Birmingham,E01009025
B73 5XL,E01009474,E05011179,Birmingham,E01009474
B75 5TG,E01009416,E05011177,Birmingham,E01009416
B45 0LY,E01009155,E05011136,Birmingham,E01009155
B13 9AL,E01033648,E05011170,Birmingham,E01033648
B26 3GD,E01009317,E05011166,Birmingham,E01009317
B74 2NU,E01009424,E05011178,Birmingham,E01009424
B33 8JQ,E01009511,E05011137,Birmingham,E01009511
B73 6DW,E01009449,E05011178,Birmingham,E01009449
B34 7EP,E01009304,E05011165,Birmingham,E01009304
B8 2AA,E01009492,E05011138,Birmingham,E01009492
B20 2SA,E01009049,E05011125,Birmingham,E01009049
B17 0AU,E01009071,E05011144,Birmingham,E01009071
B45 9RW,E01009160,E05011164,Birmingham,E01009160
B13 9ER,E01009187,E05011154,Birmingham,E01009187
B45 9YF,E01009159,E05011164,Birmingham,E01009159
B13 0HR,E01008932,E05011124,Birmingham,E01008932
B75 5JH,E01009415,E05011175,Birmingham,E01009415
B42 1JS,E01009235,E05011160,Birmingham,E01009235
B29 5UJ,E01008924,E05011123,Birmingham,E01008924
B31 5JA,E01034942,E05011136,Birmingham,E01034942
B44 0TT,E01009128,E05011150,Birmingham,E01009128
B4 6FQ,E01033617,E05011151,Birmingham,E01033617
B28 8BQ,E01009043,E05011140,Birmingham,E01009043
B31 2AU,E01009218,E05011158,Birmingham,E01009218
B36 8AH,E01009084,E05011131,Birmingham,E01009084
B23 5LX,E01009404,E05011161,Birmingham,E01009404
B19 1JP,E01009060,E05011153,Birmingham,E01009060
B14 7EG,E01009175,E05011130,Birmingham,E01009175
B25 8AL,E01008883,E05011169,Birmingham,E01008883
B8 1PA,E01009484,E05011120,Birmingham,E01009484
B17 9LQ,E01009068,E05011144,Birmingham,E01009068
B34 7PR,E01009310,E05011165,Birmingham,E01009310
B15 2JN,E01008997,E05011134,Birmingham,E01008997
B33 0LJ,E01009301,E05011138,Birmingham,E01009301
B10 9DN,E01009335,E05011167,Birmingham,E01009335
B31 5JD,E01034942,E05011136,Birmingham,E01034942
B24 0LD,E01009011,E05011162,Birmingham,E01009011
B32 3PY,E01008923,E05011123,Birmingham,E01008923
B30 1UX,E01009281,E05011129,Birmingham,E01009281
B28 0ND,E01009039,E05011141,Birmingham,E01009039
B75 6DQ,E01009430,E05011178,Birmingham,E01009430
B16 8TA,E01009143,E05011151,Birmingham,E01009143
B20 2DH,E01009263,E05011143,Birmingham,E01009263
B30 1HD,E01008958,E05011129,Birmingham,E01008958
B23 7NT,E01009413,E05011139,Birmingham,E01009413
B30 1BN,E01008959,E05011129,Birmingham,E01008959
B45 0LQ,E01009161,E05011136,Birmingham,E01009161
B25 8PL,E01008882,E05011182,Birmingham,E01008882
B26 1DX,E01008885,E05011169,Birmingham,E01008885
B31 2RL,E01009209,E05011158,Birmingham,E01009209
B76 9QW,E01009450,E05011180,Birmingham,E01009450
B23 7BY,E01009126,E05011173,Birmingham,E01009126
B10 9PL,E01033642,E05011167,Birmingham,E01033642
B32 4EY,E01008928,E05011123,Birmingham,E01008928
B12 8SS,E01009375,E05011170,Birmingham,E01009375
B12 8BJ,E01009383,E05011154,Birmingham,E01009383
B4 6HG,E01033617,E05011156,Birmingham,E01033617
B21 8AP,E01009273,E05011147,Birmingham,E01009273
B28 8DN,E01009030,E05011140,Birmingham,E01009030
B34 6BX,E01009087,E05011131,Birmingham,E01009087
B14 4ND,E01008942,E05011146,Birmingham,E01008942
B31 3DH,E01009117,E05011148,Birmingham,E01009117
B44 8ET,E01009231,E05011150,Birmingham,E01009231
B6 6QP,E01009053,E05011121,Birmingham,E01009053
B5 7XH,E01008984,E05011134,Birmingham,E01008984
B33 0DH,E01009301,E05011138,Birmingham,E01009301
B28 9PG,E01009033,E05011140,Birmingham,E01009033
B17 9EB,E01009067,E05011144,Birmingham,E01009067
B38 8LF,E01009112,E05011148,Birmingham,E01009112
B15 2GQ,E01033624,E05011151,Birmingham,E01033624
B75 5UH,E01009416,E05011177,Birmingham,E01009416
B31 3SS,E01009215,E05011152,Birmingham,E01009215
B27 7NJ,E01009020,E05011118,Birmingham,E01009020
B14 6TW,E01008966,E05011130,Birmingham,E01008966
B1 3HE,E01033623,E05011168,Birmingham,E01033623
B18 5NR,E01009358,E05011168,Birmingham,E01009358
B38 9QF,E01009107,E05011149,Birmingham,E01009107
B3 2ES,E01033620,E05011151,Birmingham,E01033620
B36 8NH,E01009083,E05011131,Birmingham,E01009083
B18 4LE,E01009346,E05011157,Birmingham,E01009346
B2 5EE,E01033620,E05011151,Birmingham,E01033620
B12 8PA,E01009375,E05011170,Birmingham,E01009375
B32 2HJ,E01009254,E05011163,Birmingham,E01009254
B35 6DJ,E01009096,E05011132,Birmingham,E01009096
B27 7UL,E01009018,E05011118,Birmingham,E01009018
B75 7TN,E01009424,E05011178,Birmingham,E01009424
B26 1QU,E01009520,E05011166,Birmingham,E01009520
B73 6BS,E01009449,E05011178,Birmingham,E01009449
B42 1PQ,E01009241,E05011160,Birmingham,E01009241
B76 1JS,E01009461,E05011181,Birmingham,E01009461
B15 3JF,E01008992,E05011134,Birmingham,E01008992
B33 8ET,E01009508,E05011137,Birmingham,E01009508
B8 1LR,E01034933,E05011120,Birmingham,E01034933
B76 1HY,E01009440,E05011180,Birmingham,E01009440
B27 6LL,E01008893,E05011118,Birmingham,E01008893
B72 1LJ,E01009457,E05011181,Birmingham,E01009457
B27 6SZ,E01008893,E05011169,Birmingham,E01008893
B24 0TB,E01009098,E05011162,Birmingham,E01009098
B33 9UU,E01009297,E05011138,Birmingham,E01009297
B32 3NT,E01033629,E05011123,Birmingham,E01033629
B17 0BA,E01009071,E05011144,Birmingham,E01009071
B14 6NN,E01008972,E05011130,Birmingham,E01008972
B32 1RT,E01009259,E05011163,Birmingham,E01009259
B34 6EP,E01009091,E05011138,Birmingham,E01009091
B6 6NG,E01009061,E05011121,Birmingham,E01009061
B14 6DA,E01008981,E05011130,Birmingham,E01008981
B24 0LG,E01009098,E05011162,Birmingham,E01009098
B28 0NP,E01009039,E05011141,Birmingham,E01009039
B75 6HB,E01009446,E05011177,Birmingham,E01009446
B8 3SH,E01034932,E05011120,Birmingham,E01034932
B30 3PB,E01008977,E05011148,Birmingham,E01008977
B19 1BL,E01009355,E05011153,Birmingham,E01009355
B11 1JA,E01009365,E05011170,Birmingham,E01009365
B76 1SA,E01009436,E05011180,Birmingham,E01009436
B28 0UR,E01009041,E05011141,Birmingham,E01009041
B23 6UJ,E01009007,E05011135,Birmingham,E01009007
B11 4HN,E01009392,E05011171,Birmingham,E01009392
B23 6GN,E01033630,E05011173,Birmingham,E01033630
B27 6DB,E01008894,E05011118,Birmingham,E01008894
B15 2JP,E01034936,E05011134,Birmingham,E01034936
B13 8PP,E01008963,E05011172,Birmingham,E01008963
B9 5FN,E01009197,E05011145,Birmingham,E01009197
B21 0BD,E01009349,E05011147,Birmingham,E01009349
B17 8SW,E01009260,E05011163,Birmingham,E01009260
B42 2HG,E01009247,E05011160,Birmingham,E01009247
B38 8DU,E01009108,E05011148,Birmingham,E01009108
B17 9BN,E01009067,E05011144,Birmingham,E01009067
B8 3SB,E01009477,E05011138,Birmingham,E01009477
B27 7TZ,E01009029,E05011182,Birmingham,E01009029
B14 4BA,E01008939,E05011146,Birmingham,E01008939
B5 7RP,E01008982,E05011134,Birmingham,E01008982
B9 5XS,E01009342,E05011145,Birmingham,E01009342
B19 2LE,E01008911,E05011156,Birmingham,E01008911
B19 2NL,E01008913,E05011156,Birmingham,E01008913
B24 0EE,E01009005,E05011135,Birmingham,E01009005
B29 6EN,E01009290,E05011128,Birmingham,E01009290
B17 0BB,E01009071,E05011144,Birmingham,E01009071
B19 3XH,E01034929,E05011156,Birmingham,E01034929
B44 8LF,E01009230,E05011150,Birmingham,E01009230
B6 6AE,E01009060,E05011121,Birmingham,E01009060
B44 8RU,E01009229,E05011159,Birmingham,E01009229
B5 7DF,E01033640,E05011126,Birmingham,E01033640
B31 3RH,E01009212,E05011152,Birmingham,E01009212
B44 9UX,E01009225,E05011159,Birmingham,E01009225
B44 9BA,E01009220,E05011159,Birmingham,E01009220
B16 8EN,E01009141,E05011151,Birmingham,E01009141
B24 0JX,E01009100,E05011162,Birmingham,E01009100
B18 5BW,E01033559,E05011168,Birmingham,E01033559
B7 4NY,E01034928,E05011155,Birmingham,E01034928
B74 2RS,E01009427,E05011174,Birmingham,E01009427
B29 7HB,E01009283,E05011128,Birmingham,E01009283
B75 7EZ,E01009448,E05011176,Birmingham,E01009448
B38 8BJ,E01009116,E05011148,Birmingham,E01009116
B73 5RW,E01009458,E05011179,Birmingham,E01009458
B20 2SH,E01009056,E05011125,Birmingham,E01009056
B75 5BL,E01009423,E05011175,Birmingham,E01009423
B30 2PY,E01008952,E05011172,Birmingham,E01008952
B15 3LL,E01008990,E05011134,Birmingham,E01008990
B24 9RE,E01009104,E05011162,Birmingham,E01009104
B31 3NJ,E01009217,E05011152,Birmingham,E01009217
B27 7ES,E01009021,E05011118,Birmingham,E01009021
B29 7EX,E01009283,E05011128,Birmingham,E01009283
B16 0LN,E01008986,E05011157,Birmingham,E01008986
B33 9UT,E01009297,E05011138,Birmingham,E01009297
B14 4HE,E01008941,E05011124,Birmingham,E01008941
B38 8NX,E01009108,E05011149,Birmingham,E01009108
B42 2NB,E01009241,E05011160,Birmingham,E01009241
B75 6JH,E01009446,E05011177,Birmingham,E01009446
B42 1QR,E01009240,E05011160,Birmingham,E01009240
B21 0RE,E01034922,E05011168,Birmingham,E01034922
B20 2NS,E01009262,E05011143,Birmingham,E01009262
B23 6JR,E01009407,E05011173,Birmingham,E01009407
B32 4ET,E01008923,E05011123,Birmingham,E01008923
B73 6SE,E01009467,E05011179,Birmingham,E01009467
B25 8DT,E01008884,E05011182,Birmingham,E01008884
B8 1EE,E01034934,E05011120,Birmingham,E01034934
B30 2HB,E01008960,E05011129,Birmingham,E01008960
B15 2BS,E01033624,E05011151,Birmingham,E01033624
B25 8RU,E01009513,E05011186,Birmingham,E01009513
B5 7HP,E01034947,E05011126,Birmingham,E01034947
B23 5BQ,E01034914,E05011161,Birmingham,E01034914
B31 1NT,E01009495,E05011119,Birmingham,E01009495
B45 8DU,E01009171,E05011164,Birmingham,E01009171
B5 7FE,E01033640,E05011126,Birmingham,E01033640
B26 1NA,E01009313,E05011166,Birmingham,E01009313
B10 9TB,E01033642,E05011167,Birmingham,E01033642
B45 0NU,E01009161,E05011136,Birmingham,E01009161
B28 0AT,E01009031,E05011140,Birmingham,E01009031
B23 6UL,E01009007,E05011135,Birmingham,E01009007
B30 2QD,E01008953,E05011172,Birmingham,E01008953
B23 5ST,E01009006,E05011135,Birmingham,E01009006
B74 4RG,E01009417,E05011174,Birmingham,E01009417
B34 7HR,E01009310,E05011165,Birmingham,E01009310
B12 9HD,E01009366,E05011122,Birmingham,E01009366
B25 8TE,E01008897,E05011186,Birmingham,E01008897
B20 3DT,E01009051,E05011121,Birmingham,E01009051
B30 2RH,E01008965,E05011172,Birmingham,E01008965
B8 3HA,E01009195,E05011120,Birmingham,E01009195
B29 7HG,E01009283,E05011128,Birmingham,E01009283
B36 8TB,E01009082,E05011131,Birmingham,E01009082
B21 8HB,E01009266,E05011147,Birmingham,E01009266
B33 0GA,E01009512,E05011137,Birmingham,E01009512
B18 4ES,E01009345,E05011157,Birmingham,E01009345
B76 1HT,E01009454,E05011176,Birmingham,E01009454
B14 5LU,E01008976,E05011133,Birmingham,E01008976
B36 8NN,E01009083,E05011131,Birmingham,E01009083
B31 3PT,E01009217,E05011152,Birmingham,E01009217
B16 9NU,E01008990,E05011134,Birmingham,E01008990
B24 0HL,E01009005,E05011135,Birmingham,E01009005
B75 6UA,E01009429,E05011175,Birmingham,E01009429
B17 0RF,E01009077,E05011144,Birmingham,E01009077
B8 1ET,E01034932,E05011120,Birmingham,E01034932
B13 0EP,E01008934,E05011124,Birmingham,E01008934
B16 0AU,E01009153,E05011151,Birmingham,E01009153
B44 9AP,E01009224,E05011159,Birmingham,E01009224
B34 6PQ,E01009305,E05011131,Birmingham,E01009305
B29 6BY,E01009290,E05011128,Birmingham,E01009290
B73 6TG,E01009465,E05011179,Birmingham,E01009465
B33 0PD,E01009303,E05011138,Birmingham,E01009303
B18 4QP,E01009359,E05011168,Birmingham,E01009359
B31 5QF,E01009172,E05011119,Birmingham,E01009172
B6 7DX,E01008899,E05011121,Birmingham,E01008899
B33 8HA,E01009508,E05011137,Birmingham,E01009508
B32 1SF,E01009259,E05011163,Birmingham,E01009259
B32 4DD,E01008928,E05011123,Birmingham,E01008928
B72 1NR,E01009453,E05011178,Birmingham,E01009453
B29 4JJ,E01009496,E05011119,Birmingham,E01009496
B31 2TD,E01009162,E05011152,Birmingham,E01009162
B45 0JA,E01034943,E05011136,Birmingham,E01034943
B29 7LU,E01009288,E05011128,Birmingham,E01009288
B16 8XN,E01009143,E05011151,Birmingham,E01009143
B8 1PP,E01009483,E05011120,Birmingham,E01009483
B75 6ED,E01009430,E05011178,Birmingham,E01009430
B17 0HH,E01009069,E05011144,Birmingham,E01009069
B30 1TU,E01009281,E05011129,Birmingham,E01009281
B32 3TS,E01008918,E05011123,Birmingham,E01008918
B33 8RD,E01009508,E05011185,Birmingham,E01009508
B9 5ND,E01034935,E05011145,Birmingham,E01034935
B24 0JA,E01009005,E05011135,Birmingham,E01009005
B44 0LJ,E01009130,E05011150,Birmingham,E01009130
B76 1HF,E01009442,E05011180,Birmingham,E01009442
B6 5LL,E01008901,E05011155,Birmingham,E01008901
B14 5TB,E01008978,E05011133,Birmingham,E01008978
B14 5UA,E01008948,E05011146,Birmingham,E01008948
B42 2AT,E01009234,E05011160,Birmingham,E01009234
B45 8XR,E01009165,E05011164,Birmingham,E01009165
B34 6TA,E01009307,E05011165,Birmingham,E01009307
B45 9NB,E01009164,E05011164,Birmingham,E01009164
B24 8EX,E01008999,E05011139,Birmingham,E01008999
B33 9NA,E01009093,E05011138,Birmingham,E01009093
B44 8HF,E01009231,E05011150,Birmingham,E01009231
B76 1NL,E01009437,E05011180,Birmingham,E01009437
B32 1LY,E01009257,E05011163,Birmingham,E01009257
B23 5FL,E01034913,E05011161,Birmingham,E01034913
B8 3QF,E01009484,E05011120,Birmingham,E01009484
B14 4EF,E01008941,E05011124,Birmingham,E01008941
B31 5HT,E01009158,E05011136,Birmingham,E01009158
B76 1HP,E01009442,E05011180,Birmingham,E01009442
B3 3BZ,E01033620,E05011168,Birmingham,E01033620
B18 5JX,E01009359,E05011168,Birmingham,E01009359
B27 7AT,E01009025,E05011118,Birmingham,E01009025
B28 9LX,E01032589,E05011140,Birmingham,E01032589
B38 9FR,E01009120,E05011149,Birmingham,E01009120
B23 7BX,E01009126,E05011173,Birmingham,E01009126
B30 1HB,E01008958,E05011129,Birmingham,E01008958
B38 9HU,E01009110,E05011149,Birmingham,E01009110
B29 6GE,E01009284,E05011129,Birmingham,E01009284
B32 2HB,E01009261,E05011163,Birmingham,E01009261
B29 4LN,E01009506,E05011184,Birmingham,E01009506
B23 5XT,E01009136,E05011161,Birmingham,E01009136
B11 2NB,E01009339,E05011170,Birmingham,E01009339
B42 2FS,E01009244,E05011159,Birmingham,E01009244
B30 1RF,E01008950,E05011129,Birmingham,E01008950
B29 6NR,E01009295,E05011184,Birmingham,E01009295
B26 1LJ,E01009313,E05011166,Birmingham,E01009313
B33 0DP,E01009299,E05011138,Birmingham,E01009299
B17 0QQ,E01009077,E05011144,Birmingham,E01009077
B30 3PL,E01008977,E05011148,Birmingham,E01008977
B14 7SS,E01009178,E05011130,Birmingham,E01009178
B26 2TH,E01009322,E05011137,Birmingham,E01009322
B74 4NX,E01009419,E05011174,Birmingham,E01009419
B44 0TN,E01009131,E05011150,Birmingham,E01009131
B31 5JJ,E01034942,E05011136,Birmingham,E01034942
B38 8NT,E01009108,E05011149,Birmingham,E01009108
B9 5JT,E01009341,E05011145,Birmingham,E01009341
B27 6HB,E01008892,E05011118,Birmingham,E01008892
B6 6NT,E01034919,E05011121,Birmingham,E01034919
B31 2FH,E01009493,E05011184,Birmingham,E01009493
B20 2JD,E01009265,E05011143,Birmingham,E01009265
B10 0EU,E01009338,E05011167,Birmingham,E01009338
B20 2PE,E01009265,E05011143,Birmingham,E01009265
B26 1TF,E01008886,E05011169,Birmingham,E01008886
B8 1QL,E01009482,E05011120,Birmingham,E01009482
B8 2RY,E01009480,E05011183,Birmingham,E01009480
B14 5QA,E01008979,E05011133,Birmingham,E01008979
B14 4HU,E01008944,E05011124,Birmingham,E01008944
B13 0BU,E01008934,E05011124,Birmingham,E01008934
B32 4HB,E01008928,E05011123,Birmingham,E01008928
B27 6ED,E01008893,E05011118,Birmingham,E01008893
B23 5YL,E01009135,E05011161,Birmingham,E01009135
B29 5QU,E01009501,E05011184,Birmingham,E01009501
B33 8HR,E01009514,E05011137,Birmingham,E01009514
B20 3BQ,E01034918,E05011121,Birmingham,E01034918
B3 1RR,E01033623,E05011168,Birmingham,E01033623
B75 7NG,E01009448,E05011176,Birmingham,E01009448
B20 1EL,E01009276,E05011143,Birmingham,E01009276
B24 8DY,E01008998,E05011139,Birmingham,E01008998
B17 8NL,E01009147,E05011157,Birmingham,E01009147
B31 3BZ,E01009211,E05011152,Birmingham,E01009211
B16 9DT,E01008988,E05011157,Birmingham,E01008988
B10 0DE,E01009363,E05011127,Birmingham,E01009363
B21 8PH,E01009272,E05011143,Birmingham,E01009272
B32 2RX,E01009255,E05011163,Birmingham,E01009255
B17 8RQ,E01009252,E05011163,Birmingham,E01009252
B33 8JR,E01009511,E05011137,Birmingham,E01009511
B75 5ED,E01009423,E05011175,Birmingham,E01009423
B75 7BY,E01009445,E05011176,Birmingham,E01009445
B30 3NR,E01008975,E05011133,Birmingham,E01008975
B21 9RQ,E01009266,E05011143,Birmingham,E01009266
B42 2LE,E01009239,E05011160,Birmingham,E01009239
B1 2NT,E01033627,E05011151,Birmingham,E01033627
B74 4XY,E01009433,E05011175,Birmingham,E01009433
B34 6BN,E01009087,E05011131,Birmingham,E01009087
B33 0JB,E01009297,E05011138,Birmingham,E01009297
B23 5AB,E01034913,E05011161,Birmingham,E01034913
B28 8QA,E01009023,E05011118,Birmingham,E01009023
B27 6QT,E01009018,E05011118,Birmingham,E01009018
B23 6PB,E01009407,E05011173,Birmingham,E01009407
B23 5HX,E01009123,E05011161,Birmingham,E01009123
B21 9EU,E01009353,E05011142,Birmingham,E01009353
B19 1JH,E01009062,E05011153,Birmingham,E01009062
B75 5HT,E01009415,E05011175,Birmingham,E01009415
B4 6LP,E01034930,E05011156,Birmingham,E01034930
B26 2LN,E01009519,E05011185,Birmingham,E01009519
B30 1QS,E01008950,E05011129,Birmingham,E01008950
B9 4QJ,E01009199,E05011126,Birmingham,E01009199
B30 1BE,E01008962,E05011129,Birmingham,E01008962
B19 3UJ,E01034929,E05011156,Birmingham,E01034929
B73 6XF,E01009469,E05011179,Birmingham,E01009469
B18 7AY,E01009153,E05011157,Birmingham,E01009153
B20 3ST,E01009048,E05011125,Birmingham,E01009048
B44 8AP,E01009232,E05011150,Birmingham,E01009232
B29 5HQ,E01009503,E05011184,Birmingham,E01009503
B14 6NZ,E01008973,E05011130,Birmingham,E01008973
B32 1EL,E01009251,E05011163,Birmingham,E01009251
B16 8HF,E01034948,E05011151,Birmingham,E01034948
B38 8ES,E01009118,E05011148,Birmingham,E01009118
B36 8NJ,E01009083,E05011131,Birmingham,E01009083
B34 7NR,E01009308,E05011165,Birmingham,E01009308
B12 0EW,E01034947,E05011126,Birmingham,E01034947
B75 7TE,E01009424,E05011178,Birmingham,E01009424
B11 3EL,E01009014,E05011140,Birmingham,E01009014
B24 9JY,E01009008,E05011135,Birmingham,E01009008
B11 4EX,E01009382,E05011171,Birmingham,E01009382
B29 6QL,E01009292,E05011184,Birmingham,E01009292
B44 9SJ,E01009226,E05011159,Birmingham,E01009226
B72 1BX,E01009471,E05011181,Birmingham,E01009471
B13 9XW,E01009394,E05011154,Birmingham,E01009394
B29 5QD,E01009503,E05011184,Birmingham,E01009503
B32 3AA,E01008918,E05011123,Birmingham,E01008918
B7 5LD,E01009202,E05011155,Birmingham,E01009202
B13 8LJ,E01009184,E05011154,Birmingham,E01009184
B28 0XR,E01008944,E05011124,Birmingham,E01008944
B8 3LL,E01009488,E05011120,Birmingham,E01009488
B38 8SN,E01009116,E05011148,Birmingham,E01009116
B14 5EX,E01008943,E05011146,Birmingham,E01008943
B32 1HN,E01009251,E05011163,Birmingham,E01009251
B24 8NA,E01009400,E05011139,Birmingham,E01009400
B74 4TF,E01009421,E05011174,Birmingham,E01009421
B23 7UA,E01009124,E05011173,Birmingham,E01009124
B31 4DD,E01009215,E05011152,Birmingham,E01009215
B10 9PY,E01009328,E05011167,Birmingham,E01009328
B38 8XU,E01009118,E05011148,Birmingham,E01009118
B14 6JX,E01008973,E05011133,Birmingham,E01008973
B45 0HU,E01009161,E05011136,Birmingham,E01009161
B31 4NL,E01034945,E05011152,Birmingham,E01034945
B74 4EF,E01009418,E05011175,Birmingham,E01009418
B31 3AL,E01009205,E05011148,Birmingham,E01009205
B21 8HT,E01009272,E05011143,Birmingham,E01009272
B15 3PA,E01008991,E05011134,Birmingham,E01008991
B8 3AB,E01034931,E05011120,Birmingham,E01034931
B20 2AA,E01009263,E05011143,Birmingham,E01009263
B44 8DE,E01009231,E05011150,Birmingham,E01009231
B33 0BW,E01009299,E05011138,Birmingham,E01009299
B23 7RU,E01009125,E05011173,Birmingham,E01009125
B29 7NQ,E01009288,E05011128,Birmingham,E01009288
B14 4AX,E01008945,E05011146,Birmingham,E01008945
B5 7JE,E01009362,E05011126,Birmingham,E01009362
B29 5NT,E01009501,E05011184,Birmingham,E01009501
B16 9PT,E01008987,E05011157,Birmingham,E01008987
B31 2JR,E01009218,E05011158,Birmingham,E01009218
B26 2NY,E01009323,E05011166,Birmingham,E01009323
B44 0TU,E01009128,E05011150,Birmingham,E01009128
B35 6JG,E01009106,E05011132,Birmingham,E01009106
B32 3LA,E01033629,E05011123,Birmingham,E01033629
B45 0DQ,E01009157,E05011136,Birmingham,E01009157
B21 9PH,E01009270,E05011142,Birmingham,E01009270
B11 1PF,E01033650,E05011170,Birmingham,E01033650
B24 8DU,E01009000,E05011139,Birmingham,E01009000
B32 3RW,E01008918,E05011123,Birmingham,E01008918
B6 4HA,E01034929,E05011156,Birmingham,E01034929
B12 8HQ,E01009397,E05011170,Birmingham,E01009397
B24 8JG,E01008999,E05011139,Birmingham,E01008999
B31 1SG,E01009498,E05011119,Birmingham,E01009498
B38 8PP,E01009114,E05011148,Birmingham,E01009114
B42 2TP,E01009239,E05011160,Birmingham,E01009239
B23 5UJ,E01034915,E05011135,Birmingham,E01034915
B45 8QL,E01009164,E05011164,Birmingham,E01009164
B9 9NF,,,,
B14 5YQ,E01008979,E05011133,Birmingham,E01008979
B38 9QS,E01009107,E05011149,Birmingham,E01009107
B45 9NX,E01009167,E05011164,Birmingham,E01009167
B44 0EL,E01009122,E05011150,Birmingham,E01009122
B38 8EQ,E01009111,E05011148,Birmingham,E01009111
B32 1QR,E01009250,E05011163,Birmingham,E01009250
B29 5LJ,E01009502,E05011184,Birmingham,E01009502
B76 1FW,E01009435,E05011176,Birmingham,E01009435
B42 2BT,E01009245,E05011160,Birmingham,E01009245
B14 6HA,E01008967,E05011130,Birmingham,E01008967
B28 8EA,E01009043,E05011140,Birmingham,E01009043
B76 2SY,E01009450,E05011180,Birmingham,E01009450
B20 2FY,E01009049,E05011125,Birmingham,E01009049
B29 5HH,E01009503,E05011184,Birmingham,E01009503
B31 4ET,E01009215,E05011152,Birmingham,E01009215
B14 7DY,E01009189,E05011130,Birmingham,E01009189
B75 5EW,E01009423,E05011175,Birmingham,E01009423
B21 0AP,E01009349,E05011147,Birmingham,E01009349
B23 7HZ,E01009124,E05011173,Birmingham,E01009124
B32 3DR,E01008918,E05011123,Birmingham,E01008918
B8 1QD,E01009482,E05011120,Birmingham,E01009482
B38 9RU,E01009115,E05011149,Birmingham,E01009115
B33 9JL,E01009092,E05011138,Birmingham,E01009092
B32 1RP,E01009253,E05011163,Birmingham,E01009253
B21 8JH,E01009272,E05011143,Birmingham,E01009272
B17 9NJ,E01009069,E05011144,Birmingham,E01009069
B32 1EP,E01009251,E05011163,Birmingham,E01009251
B6 6EN,E01034920,E05011121,Birmingham,E01034920
B33 8AP,E01009507,E05011186,Birmingham,E01009507
B45 0BH,E01034943,E05011136,Birmingham,E01034943
B28 8PU,E01009023,E05011118,Birmingham,E01009023
B14 4NN,E01008945,E05011146,Birmingham,E01008945
B23 5DY,E01009404,E05011161,Birmingham,E01009404
B28 0EN,E01009037,E05011141,Birmingham,E01009037
B75 5ET,E01009423,E05011175,Birmingham,E01009423
B45 0LU,E01009155,E05011136,Birmingham,E01009155
B44 0SB,E01009129,E05011150,Birmingham,E01009129
B28 0EQ,E01009037,E05011141,Birmingham,E01009037
B75 5UG,E01009416,E05011177,Birmingham,E01009416
B6 5DE,E01008910,E05011156,Birmingham,E01008910
B10 9NH,E01009327,E05011167,Birmingham,E01009327
B73 5ND,E01009463,E05011181,Birmingham,E01009463
B35 7NG,E01009097,E05011132,Birmingham,E01009097
B73 6RR,E01009467,E05011179,Birmingham,E01009467
B33 8LN,E01009511,E05011137,Birmingham,E01009511
B34 7EG,E01009304,E05011165,Birmingham,E01009304
B14 7QP,E01009177,E05011130,Birmingham,E01009177
B33 8BH,E01009509,E05011186,Birmingham,E01009509
B34 7NJ,E01009308,E05011165,Birmingham,E01009308
B34 7BS,E01009304,E05011165,Birmingham,E01009304
B30 2HW,E01008955,E05011129,Birmingham,E01008955
B11 1JR,E01009363,E05011170,Birmingham,E01009363
B13 8LU,E01009183,E05011154,Birmingham,E01009183
B29 4EJ,E01009505,E05011184,Birmingham,E01009505
B6 6AZ,E01034923,E05011121,Birmingham,E01034923
B19 1EJ,E01008907,E05011153,Birmingham,E01008907
B15 2PN,E01033562,E05011134,Birmingham,E01033562
B19 1JJ,E01009062,E05011153,Birmingham,E01009062
B76 2TQ,E01009435,E05011180,Birmingham,E01009435
B6 7AR,E01008915,E05011121,Birmingham,E01008915
B12 8UE,E01009367,E05011170,Birmingham,E01009367
B7 4NJ,E01009204,E05011155,Birmingham,E01009204
B23 6GR,E01034916,E05011135,Birmingham,E01034916
B34 7HN,E01009310,E05011165,Birmingham,E01009310
B38 9RQ,E01009115,E05011149,Birmingham,E01009115
B13 9HA,E01009185,E05011154,Birmingham,E01009185
B44 8PN,E01009137,E05011150,Birmingham,E01009137
B44 9EL,E01009225,E05011159,Birmingham,E01009225
B24 9DB,E01009012,E05011135,Birmingham,E01009012
B18 7LA,E01009348,E05011168,Birmingham,E01009348
B44 0TD,E01009127,E05011150,Birmingham,E01009127
B24 9EU,E01034916,E05011135,Birmingham,E01034916
B33 9RL,E01009298,E05011138,Birmingham,E01009298
B36 8ND,E01009083,E05011131,Birmingham,E01009083
B29 5DW,E01009501,E05011184,Birmingham,E01009501
B14 5YB,E01008979,E05011133,Birmingham,E01008979
B23 7SG,E01009414,E05011173,Birmingham,E01009414
B17 8HP,E01009139,E05011157,Birmingham,E01009139
B11 3BP,E01034955,E05011140,Birmingham,E01034955
B17 8SD,E01009252,E05011163,Birmingham,E01009252
B72 1SP,E01009451,E05011178,Birmingham,E01009451
B75 7RF,E01009445,E05011176,Birmingham,E01009445
B14 5DY,E01008947,E05011146,Birmingham,E01008947
B19 1RY,E01009047,E05011153,Birmingham,E01009047
B19 2XY,E01008906,E05011153,Birmingham,E01008906
B24 0RW,E01009100,E05011162,Birmingham,E01009100
B31 4RR,E01009168,E05011152,Birmingham,E01009168
B32 4JY,E01008927,E05011123,Birmingham,E01008927
B18 6NY,E01033559,E05011168,Birmingham,E01033559
B42 2BL,E01009246,E05011160,Birmingham,E01009246
B76 2UN,E01009455,E05011176,Birmingham,E01009455
B11 1QN,E01009371,E05011170,Birmingham,E01009371
B5 7JG,E01034947,E05011126,Birmingham,E01034947
B1 3BP,E01033565,E05011168,Birmingham,E01033565
B18 6HQ,E01033559,E05011168,Birmingham,E01033559
B74 4ED,E01009433,E05011175,Birmingham,E01009433
B29 7QS,E01009293,E05011128,Birmingham,E01009293
B44 0LE,E01009130,E05011150,Birmingham,E01009130
B28 0RQ,E01009042,E05011141,Birmingham,E01009042
B44 8UD,E01009228,E05011159,Birmingham,E01009228
B75 7RN,E01009446,E05011177,Birmingham,E01009446
B31 1DS,E01009495,E05011123,Birmingham,E01009495
B42 1EU,E01009246,E05011160,Birmingham,E01009246
B24 0JJ,E01009098,E05011162,Birmingham,E01009098
B75 6AL,E01009444,E05011178,Birmingham,E01009444
B44 8JJ,E01009227,E05011150,Birmingham,E01009227
B75 7LQ,E01009448,E05011176,Birmingham,E01009448
B35 6HU,E01009106,E05011132,Birmingham,E01009106
B30 2HN,E01008955,E05011129,Birmingham,E01008955
B32 2QE,E01009258,E05011163,Birmingham,E01009258
B5 6HX,E01034947,E05011126,Birmingham,E01034947
B23 6DH,E01009409,E05011173,Birmingham,E01009409
B75 5TB,E01009416,E05011177,Birmingham,E01009416
B20 2LH,E01009262,E05011143,Birmingham,E01009262
B17 0TZ,E01009072,E05011144,Birmingham,E01009072
B33 9TJ,E01009300,E05011138,Birmingham,E01009300
B29 4AG,E01009294,E05011184,Birmingham,E01009294
B76 2QH,E01009437,E05011180,Birmingham,E01009437
B75 6AE,E01009444,E05011178,Birmingham,E01009444
B14 7QS,E01009177,E05011130,Birmingham,E01009177
B13 0AQ,E01008932,E05011124,Birmingham,E01008932
B42 2EH,E01009246,E05011160,Birmingham,E01009246
B32 1PH,E01009257,E05011163,Birmingham,E01009257
B32 2UZ,E01008919,E05011144,Birmingham,E01008919
B27 6JW,E01008890,E05011118,Birmingham,E01008890
B32 4LJ,E01008925,E05011123,Birmingham,E01008925
B35 7EW,E01009103,E05011132,Birmingham,E01009103
B1 1SL,E01033557,E05011151,Birmingham,E01033557
B31 5BA,E01009207,E05011158,Birmingham,E01009207
B8 1SG,E01009483,E05011120,Birmingham,E01009483
B26 1PD,E01009313,E05011166,Birmingham,E01009313
B27 6HN,E01008892,E05011118,Birmingham,E01008892
B23 5NY,E01009404,E05011161,Birmingham,E01009404
B18 6DD,E01033559,E05011168,Birmingham,E01033559
B8 1HE,E01009192,E05011120,Birmingham,E01009192
B13 9QD,E01009176,E05011154,Birmingham,E01009176
B33 0XS,E01009302,E05011138,Birmingham,E01009302
B72 1QB,E01009449,E05011178,Birmingham,E01009449
B45 8SE,E01009171,E05011164,Birmingham,E01009171
B16 8EJ,E01009141,E05011151,Birmingham,E01009141
B23 5QP,E01009460,E05011179,Birmingham,E01009460
B11 3FH,E01009014,E05011140,Birmingham,E01009014
B30 1NU,E01008956,E05011129,Birmingham,E01008956
B32 1RA,E01009250,E05011163,Birmingham,E01009250
B36 8AD,E01009090,E05011131,Birmingham,E01009090
B27 7SX,E01009016,E05011182,Birmingham,E01009016
B32 1AW,E01009250,E05011163,Birmingham,E01009250
B30 2RL,E01008965,E05011172,Birmingham,E01008965
B23 6DQ,E01009409,E05011139,Birmingham,E01009409
B17 8LQ,E01009138,E05011157,Birmingham,E01009138
B18 4QT,E01009359,E05011168,Birmingham,E01009359
B15 3RX,E01008992,E05011134,Birmingham,E01008992
B75 7RD,E01009447,E05011176,Birmingham,E01009447
B34 7NE,E01009308,E05011165,Birmingham,E01009308
B9 5LF,E01034935,E05011126,Birmingham,E01034935
B23 7BT,E01009126,E05011173,Birmingham,E01009126
B19 3XL,E01034929,E05011156,Birmingham,E01034929
B74 4RJ,E01009417,E05011174,Birmingham,E01009417
B8 1HF,E01009192,E05011120,Birmingham,E01009192
B25 8PS,E01008882,E05011182,Birmingham,E01008882
B42 2EW,E01009247,E05011160,Birmingham,E01009247
B38 9UX,E01009115,E05011149,Birmingham,E01009115
B11 3LH,E01009391,E05011171,Birmingham,E01009391
B6 5NG,E01034924,E05011121,Birmingham,E01034924
B12 8TL,E01009375,E05011170,Birmingham,E01009375
B74 2SD,E01009430,E05011174,Birmingham,E01009430
B42 2QW,E01009248,E05011159,Birmingham,E01009248
B23 7RP,E01009410,E05011173,Birmingham,E01009410
B75 7RS,E01009432,E05011178,Birmingham,E01009432
B24 0JF,E01009011,E05011162,Birmingham,E01009011
B28 9BL,E01009031,E05011140,Birmingham,E01009031
B19 2LU,E01008909,E05011156,Birmingham,E01008909
B10 9DW,E01009337,E05011167,Birmingham,E01009337
B38 8RN,E01009119,E05011149,Birmingham,E01009119
B30 1HN,E01008956,E05011129,Birmingham,E01008956
B34 6DX,E01009089,E05011131,Birmingham,E01009089
B26 2AF,E01009518,E05011185,Birmingham,E01009518
B42 2BQ,E01009247,E05011160,Birmingham,E01009247
B33 8AB,E01009507,E05011186,Birmingham,E01009507
B31 3XL,E01009211,E05011152,Birmingham,E01009211
B24 9SU,E01009102,E05011162,Birmingham,E01009102
B38 8AR,E01009117,E05011148,Birmingham,E01009117
B35 6QD,E01009101,E05011132,Birmingham,E01009101
B42 2AL,E01009248,E05011159,Birmingham,E01009248
B42 2SB,E01009244,E05011159,Birmingham,E01009244
B13 9NF,E01009395,E05011171,Birmingham,E01009395
B18 6JA,E01033559,E05011168,Birmingham,E01033559
B45 9LQ,E01009164,E05011164,Birmingham,E01009164
B27 7HS,E01009025,E05011118,Birmingham,E01009025
B25 8XN,E01009521,E05011185,Birmingham,E01009521
B17 8HJ,E01009139,E05011157,Birmingham,E01009139
B20 2AF,E01009049,E05011143,Birmingham,E01009049
B13 8AY,E01009384,E05011154,Birmingham,E01009384
B16 0DJ,E01009153,E05011157,Birmingham,E01009153
B1 3EW,E01033565,E05011168,Birmingham,E01033565
B11 4ES,E01009392,E05011171,Birmingham,E01009392
B29 7PZ,E01009296,E05011128,Birmingham,E01009296
B30 3AP,E01008953,E05011172,Birmingham,E01008953
B31 1UA,E01008930,E05011123,Birmingham,E01008930
B14 5HT,E01008948,E05011146,Birmingham,E01008948
B36 8JG,E01009085,E05011131,Birmingham,E01009085
B34 6JQ,E01009088,E05011131,Birmingham,E01009088
B75 7NJ,E01009448,E05011176,Birmingham,E01009448
B73 6PL,E01009470,E05011179,Birmingham,E01009470
B35 6ND,E01009106,E05011132,Birmingham,E01009106
B26 2AE,E01009518,E05011185,Birmingham,E01009518
B31 5AX,E01009207,E05011158,Birmingham,E01009207
B28 9NE,E01009033,E05011140,Birmingham,E01009033
B13 9HR,E01009394,E05011154,Birmingham,E01009394
B30 2AD,E01009281,E05011129,Birmingham,E01009281
B1 3BE,E01034950,E05011168,Birmingham,E01034950
B17 0RL,E01009077,E05011144,Birmingham,E01009077
B29 5SU,E01009064,E05011184,Birmingham,E01009064
B24 0PP,E01009098,E05011162,Birmingham,E01009098
B33 0AW,E01009301,E05011138,Birmingham,E01009301
B24 8BX,E01009104,E05011162,Birmingham,E01009104
B38 9RB,E01009110,E05011149,Birmingham,E01009110
B44 8DG,E01009231,E05011150,Birmingham,E01009231
B29 6AU,E01034940,E05011128,Birmingham,E01034940
B42 2AA,E01009244,E05011159,Birmingham,E01009244
B23 5JR,E01009001,E05011135,Birmingham,E01009001
B16 0HL,E01009152,E05011157,Birmingham,E01009152
B23 5RZ,E01009002,E05011135,Birmingham,E01009002
B17 9DP,E01009065,E05011144,Birmingham,E01009065
B16 9SE,E01008988,E05011157,Birmingham,E01008988
B25 8NU,E01008882,E05011182,Birmingham,E01008882
B10 9AN,E01009344,E05011167,Birmingham,E01009344
B76 1EA,E01009439,E05011180,Birmingham,E01009439
B14 4RA,E01008943,E05011146,Birmingham,E01008943
B18 6PP,E01009347,E05011168,Birmingham,E01009347
B27 6JX,E01008890,E05011118,Birmingham,E01008890
B13 8BN,E01009384,E05011154,Birmingham,E01009384
B24 8EE,E01008998,E05011139,Birmingham,E01008998
B14 4LG,E01008946,E05011146,Birmingham,E01008946
B11 4QS,E01009371,E05011170,Birmingham,E01009371
B9 5UT,E01009475,E05011145,Birmingham,E01009475
B44 0JR,E01009128,E05011150,Birmingham,E01009128
B27 6HE,E01008892,E05011118,Birmingham,E01008892
B30 2HX,E01008955,E05011172,Birmingham,E01008955
B33 0AE,E01009299,E05011138,Birmingham,E01009299
B11 1US,E01009371,E05011170,Birmingham,E01009371
B30 2XB,E01008964,E05011172,Birmingham,E01008964
B35 6JS,E01009096,E05011132,Birmingham,E01009096
B23 6PP,E01009405,E05011173,Birmingham,E01009405
B31 2PE,E01009206,E05011158,Birmingham,E01009206
B5 7QD,E01008996,E05011122,Birmingham,E01008996
B10 9JX,E01009325,E05011167,Birmingham,E01009325
B32 3JA,E01033629,E05011123,Birmingham,E01033629
B26 1QN,E01009520,E05011166,Birmingham,E01009520
B17 0NQ,E01009075,E05011144,Birmingham,E01009075
B72 1JR,E01009471,E05011181,Birmingham,E01009471
B14 4TJ,E01008949,E05011146,Birmingham,E01008949
B13 0SA,E01008968,E05011124,Birmingham,E01008968
B38 9TY,E01009115,E05011149,Birmingham,E01009115
B10 9AG,E01009328,E05011167,Birmingham,E01009328
B42 1SW,E01009242,E05011160,Birmingham,E01009242
B19 1LX,E01009060,E05011153,Birmingham,E01009060
B14 5JB,E01008948,E05011146,Birmingham,E01008948
B30 1HA,E01009218,E05011129,Birmingham,E01009218
B18 5JZ,E01009359,E05011168,Birmingham,E01009359
B38 9DB,,,,
B26 2HY,E01009519,E05011185,Birmingham,E01009519
B72 1TT,E01009424,E05011178,Birmingham,E01009424
B76 1YD,E01009442,E05011180,Birmingham,E01009442
B31 3LX,E01009212,E05011152,Birmingham,E01009212
B18 4HD,E01009346,E05011157,Birmingham,E01009346
B8 2AW,E01009490,E05011183,Birmingham,E01009490
B38 8LA,E01009112,E05011148,Birmingham,E01009112
B20 1EY,E01009276,E05011143,Birmingham,E01009276
B16 0NH,E01009140,E05011157,Birmingham,E01009140
B13 0SF,E01009179,E05011130,Birmingham,E01009179
B25 8UP,E01008881,E05011169,Birmingham,E01008881
B11 1ST,E01009367,E05011170,Birmingham,E01009367
B20 2PU,E01009355,E05011142,Birmingham,E01009355
B19 1SH,E01009062,E05011153,Birmingham,E01009062
B38 9AJ,E01009120,E05011149,Birmingham,E01009120
B35 7EZ,E01009101,E05011132,Birmingham,E01009101
B25 8BE,E01008883,E05011182,Birmingham,E01008883
B23 7AE,E01034914,E05011161,Birmingham,E01034914
B18 7PS,E01009348,E05011168,Birmingham,E01009348
B76 2NU,E01009452,E05011176,Birmingham,E01009452
B5 7UX,E01008997,E05011134,Birmingham,E01008997
B30 1EB,E01008959,E05011129,Birmingham,E01008959
B30 2SA,E01008965,E05011172,Birmingham,E01008965
B16 9RD,E01008988,E05011157,Birmingham,E01008988
B23 6TU,E01009007,E05011135,Birmingham,E01009007
B26 1DA,E01008886,E05011169,Birmingham,E01008886
B33 9DW,E01009095,E05011138,Birmingham,E01009095
B76 2RP,E01009434,E05011180,Birmingham,E01009434
B17 0JE,E01009075,E05011144,Birmingham,E01009075
B17 8QN,E01009066,E05011144,Birmingham,E01009066
B36 8AU,E01009083,E05011131,Birmingham,E01009083
B8 3LX,E01009488,E05011120,Birmingham,E01009488
B11 4EJ,E01009392,E05011171,Birmingham,E01009392
B20 2ES,E01009265,E05011142,Birmingham,E01009265
B30 3RY,E01008972,E05011133,Birmingham,E01008972
B36 8HQ,E01009085,E05011131,Birmingham,E01009085
B29 6PQ,E01009284,E05011184,Birmingham,E01009284
B38 8HQ,E01009112,E05011148,Birmingham,E01009112
B31 3RS,E01009212,E05011152,Birmingham,E01009212
B10 0LD,E01009380,E05011127,Birmingham,E01009380
B35 7QA,E01009101,E05011132,Birmingham,E01009101
B31 2PN,E01009219,E05011158,Birmingham,E01009219
B26 3SE,E01009319,E05011166,Birmingham,E01009319
B35 6JL,E01009096,E05011132,Birmingham,E01009096
B36 8DB,E01009083,E05011131,Birmingham,E01009083
B33 9TH,E01009300,E05011138,Birmingham,E01009300
B12 0YH,E01009362,E05011126,Birmingham,E01009362
B12 9NW,E01034938,E05011122,Birmingham,E01034938
B76 1RQ,E01009436,E05011180,Birmingham,E01009436
B31 5FX,E01009172,E05011136,Birmingham,E01009172
B26 3SP,E01009318,E05011166,Birmingham,E01009318
B7 5SR,E01009202,E05011155,Birmingham,E01009202
B17 0LU,E01009075,E05011144,Birmingham,E01009075
B14 6PU,E01008973,E05011130,Birmingham,E01008973
B74 2NX,E01009430,E05011174,Birmingham,E01009430
B15 2AY,E01033624,E05011151,Birmingham,E01033624
B44 9TL,E01009134,E05011150,Birmingham,E01009134
B24 9NU,E01009102,E05011162,Birmingham,E01009102
B72 1AN,E01009005,E05011135,Birmingham,E01009005
B17 0JX,E01009075,E05011144,Birmingham,E01009075
B35 7ET,E01009103,E05011132,Birmingham,E01009103
B16 9AU,E01008987,E05011157,Birmingham,E01008987
B32 2SZ,E01009256,E05011163,Birmingham,E01009256
B26 2LJ,E01009520,E05011185,Birmingham,E01009520
B23 5FF,E01009136,E05011161,Birmingham,E01009136
B16 8XQ,E01009143,E05011151,Birmingham,E01009143
B17 8HN,E01009139,E05011157,Birmingham,E01009139
B34 6TE,E01009307,E05011165,Birmingham,E01009307
B17 9AY,E01009252,E05011163,Birmingham,E01009252
B74 4AE,E01009425,E05011174,Birmingham,E01009425
B32 4AD,E01008923,E05011123,Birmingham,E01008923
B75 5LH,E01009420,E05011177,Birmingham,E01009420
B20 1JT,E01032591,E05011143,Birmingham,E01032591
B73 6NN,E01009474,E05011179,Birmingham,E01009474
B74 4NU,E01009421,E05011174,Birmingham,E01009421
B36 8DY,E01009085,E05011131,Birmingham,E01009085
B28 8QN,E01009023,E05011118,Birmingham,E01009023
B76 1EG,E01009439,E05011180,Birmingham,E01009439
B45 8RL,E01009169,E05011164,Birmingham,E01009169
B24 9JL,E01034916,E05011135,Birmingham,E01034916
B14 7NL,E01008966,E05011130,Birmingham,E01008966
B73 5SW,E01009466,E05011179,Birmingham,E01009466
B11 1PX,E01033650,E05011170,Birmingham,E01033650
B31 1AU,E01033629,E05011123,Birmingham,E01033629
B73 6SJ,E01009467,E05011179,Birmingham,E01009467
B29 6SA,E01009291,E05011184,Birmingham,E01009291
B19 2NA,E01008909,E05011153,Birmingham,E01008909
B30 2AT,E01009280,E05011129,Birmingham,E01009280
B35 6PS,E01009106,E05011132,Birmingham,E01009106
B19 1HH,E01009048,E05011153,Birmingham,E01009048
B26 2SE,E01009324,E05011166,Birmingham,E01009324
B8 2SY,E01009486,E05011183,Birmingham,E01009486
B32 4EJ,E01008923,E05011123,Birmingham,E01008923
B31 4QU,E01009168,E05011152,Birmingham,E01009168
B33 8LJ,E01009512,E05011137,Birmingham,E01009512
B35 7NA,E01009097,E05011132,Birmingham,E01009097
B75 7PJ,E01009445,E05011176,Birmingham,E01009445
B12 8DF,E01009399,E05011170,Birmingham,E01009399
B21 9DZ,E01009353,E05011142,Birmingham,E01009353
B32 2ES,E01009261,E05011163,Birmingham,E01009261
B16 8FF,E01033618,E05011151,Birmingham,E01033618
B13 8QG,E01009186,E05011154,Birmingham,E01009186
B23 7JG,E01009410,E05011173,Birmingham,E01009410
B23 7PS,E01009414,E05011173,Birmingham,E01009414
B14 5UD,E01008948,E05011146,Birmingham,E01008948
B23 6LL,E01009006,E05011135,Birmingham,E01009006
B8 3DU,E01009195,E05011120,Birmingham,E01009195
B1 3LW,E01033565,E05011168,Birmingham,E01033565
B73 6JR,E01009470,E05011179,Birmingham,E01009470
B44 8HR,E01009229,E05011150,Birmingham,E01009229
B33 8QJ,E01009513,E05011186,Birmingham,E01009513
B45 9RL,E01009160,E05011164,Birmingham,E01009160
B18 6DH,E01033623,E05011168,Birmingham,E01033623
B13 0EY,E01008934,E05011124,Birmingham,E01008934
B25 8RS,E01009513,E05011186,Birmingham,E01009513
B21 9JY,E01009270,E05011142,Birmingham,E01009270
B29 6NA,E01009284,E05011129,Birmingham,E01009284
B14 6LE,E01008973,E05011130,Birmingham,E01008973
B23 5UP,E01034915,E05011135,Birmingham,E01034915
B44 0ND,E01009131,E05011150,Birmingham,E01009131
B6 6SA,E01008899,E05011121,Birmingham,E01008899
B24 8EU,E01008999,E05011139,Birmingham,E01008999
B5 7TT,E01008995,E05011134,Birmingham,E01008995
B30 1JB,E01008961,E05011129,Birmingham,E01008961
B73 5SX,E01009456,E05011179,Birmingham,E01009456
B32 3PX,E01008923,E05011123,Birmingham,E01008923
B16 9BL,E01008988,E05011157,Birmingham,E01008988
B36 8QP,E01009079,E05011131,Birmingham,E01009079
B36 8BS,E01009081,E05011131,Birmingham,E01009081
B15 2FH,E01033640,E05011151,Birmingham,E01033640
B32 4ED,E01008928,E05011123,Birmingham,E01008928
B10 9DS,E01009335,E05011167,Birmingham,E01009335
B23 6LA,E01009406,E05011173,Birmingham,E01009406
B73 6QU,E01009469,E05011179,Birmingham,E01009469
B44 8DB,E01009232,E05011150,Birmingham,E01009232
B17 9PU,E01009068,E05011144,Birmingham,E01009068
B21 0UL,E01009358,E05011168,Birmingham,E01009358
B26 1TE,E01008886,E05011169,Birmingham,E01008886
B23 7DH,E01009410,E05011173,Birmingham,E01009410
B25 8TF,E01008881,E05011186,Birmingham,E01008881
B42 1NA,E01009238,E05011160,Birmingham,E01009238
B76 1DB,E01009454,E05011176,Birmingham,E01009454
B17 0NN,E01033562,E05011144,Birmingham,E01033562
B23 5US,E01034915,E05011135,Birmingham,E01034915
B32 3XJ,E01008919,E05011123,Birmingham,E01008919
B27 6TR,E01008890,E05011118,Birmingham,E01008890
B36 8HR,E01009086,E05011131,Birmingham,E01009086
B76 1GD,E01009438,E05011180,Birmingham,E01009438
B32 2PF,E01009256,E05011163,Birmingham,E01009256
B24 0LW,E01009098,E05011162,Birmingham,E01009098
B21 8ND,E01009274,E05011147,Birmingham,E01009274
B11 3BW,E01009017,E05011140,Birmingham,E01009017
B31 4TL,E01009170,E05011152,Birmingham,E01009170
B31 3HA,E01009210,E05011152,Birmingham,E01009210
B44 0TH,E01009130,E05011150,Birmingham,E01009130
B29 6HE,E01009290,E05011128,Birmingham,E01009290
B31 2UA,E01009158,E05011158,Birmingham,E01009158
B42 1SN,E01009242,E05011160,Birmingham,E01009242
B29 5RJ,E01009500,E05011184,Birmingham,E01009500
B34 6AJ,E01009090,E05011131,Birmingham,E01009090
B44 0EJ,E01009122,E05011150,Birmingham,E01009122
B14 6PY,E01008973,E05011130,Birmingham,E01008973
B27 6BL,E01008894,E05011118,Birmingham,E01008894
B30 3LR,E01009119,E05011148,Birmingham,E01009119
B32 3ER,E01033629,E05011123,Birmingham,E01033629
B17 0PD,E01009078,E05011144,Birmingham,E01009078
B24 0LU,E01009100,E05011162,Birmingham,E01009100
B5 7RH,E01008982,E05011134,Birmingham,E01008982
B17 8QW,E01009066,E05011144,Birmingham,E01009066
B8 2UJ,E01009479,E05011183,Birmingham,E01009479
B23 5BY,E01009136,E05011161,Birmingham,E01009136
B18 4PR,E01009360,E05011168,Birmingham,E01009360
B38 8JJ,E01009112,E05011152,Birmingham,E01009112
B31 1SP,E01009498,E05011119,Birmingham,E01009498
B73 5BZ,E01009458,E05011179,Birmingham,E01009458
B23 7TU,E01009125,E05011173,Birmingham,E01009125
B13 8QH,E01009186,E05011154,Birmingham,E01009186
B26 3LA,E01009319,E05011166,Birmingham,E01009319
B33 9QB,E01009298,E05011138,Birmingham,E01009298
B28 8TB,E01009043,E05011140,Birmingham,E01009043
B13 9QE,E01009176,E05011154,Birmingham,E01009176
B27 7UP,E01009018,E05011118,Birmingham,E01009018
B23 5NH,E01009404,E05011161,Birmingham,E01009404
B23 6SJ,E01009013,E05011135,Birmingham,E01009013
B13 8QJ,E01009186,E05011154,Birmingham,E01009186
B20 3EN,E01009054,E05011121,Birmingham,E01009054
B32 4EA,E01008928,E05011123,Birmingham,E01008928
B11 3JR,E01009014,E05011140,Birmingham,E01009014
B23 5PT,E01009002,E05011135,Birmingham,E01009002
B42 1HT,E01009245,E05011160,Birmingham,E01009245
B28 9QZ,E01009035,E05011140,Birmingham,E01009035
B32 2BG,E01009261,E05011163,Birmingham,E01009261
B28 8NN,E01009023,E05011118,Birmingham,E01009023
B11 3PD,E01009028,E05011182,Birmingham,E01009028
B23 7NS,E01009401,E05011139,Birmingham,E01009401
B45 0ER,E01034943,E05011136,Birmingham,E01034943
B44 8AS,E01009232,E05011150,Birmingham,E01009232
B31 3HT,E01009214,E05011152,Birmingham,E01009214
B17 0LS,E01009075,E05011144,Birmingham,E01009075
B33 9LS,E01009093,E05011138,Birmingham,E01009093
B5 6QR,E01033640,E05011126,Birmingham,E01033640
B20 2TD,E01009050,E05011143,Birmingham,E01009050
B72 1AL,E01009005,E05011135,Birmingham,E01009005
B23 7DN,E01009410,E05011173,Birmingham,E01009410
B31 3SZ,E01009215,E05011152,Birmingham,E01009215
B34 6LY,E01009088,E05011131,Birmingham,E01009088
B27 6NF,E01008893,E05011118,Birmingham,E01008893
B30 2RA,E01008965,E05011172,Birmingham,E01008965
B44 9AD,E01009225,E05011159,Birmingham,E01009225
B38 9RT,E01009115,E05011149,Birmingham,E01009115
B44 0PS,E01009137,E05011150,Birmingham,E01009137
B21 9QD,E01009266,E05011142,Birmingham,E01009266
B30 3DH,E01008961,E05011129,Birmingham,E01008961
B20 1FF,E01009267,E05011143,Birmingham,E01009267
B45 0NT,E01009161,E05011136,Birmingham,E01009161
B73 6XG,E01009469,E05011179,Birmingham,E01009469
B28 9AD,E01009045,E05011140,Birmingham,E01009045
B17 9TL,E01009072,E05011144,Birmingham,E01009072
B16 8UA,E01009143,E05011151,Birmingham,E01009143
B38 9UR,E01009115,E05011149,Birmingham,E01009115
B32 3SY,E01008931,E05011123,Birmingham,E01008931
B73 5QE,E01009471,E05011181,Birmingham,E01009471
B25 8EU,E01008884,E05011182,Birmingham,E01008884
B19 1TP,E01008905,E05011153,Birmingham,E01008905
B33 8SB,E01009515,E05011185,Birmingham,E01009515
B74 4BN,E01009415,E05011175,Birmingham,E01009415
B27 7UW,E01009018,E05011118,Birmingham,E01009018
B13 8LW,E01009183,E05011154,Birmingham,E01009183
B27 6RX,E01008895,E05011169,Birmingham,E01008895
B32 2JH,E01009074,E05011144,Birmingham,E01009074
B28 0UE,E01009042,E05011141,Birmingham,E01009042
B20 3DD,E01009051,E05011121,Birmingham,E01009051
B42 2FP,E01009243,E05011159,Birmingham,E01009243
B29 5HA,E01009294,E05011184,Birmingham,E01009294
B29 5RE,E01009502,E05011184,Birmingham,E01009502
B23 7LR,E01009412,E05011173,Birmingham,E01009412
B36 8PS,E01009080,E05011131,Birmingham,E01009080
B29 6RN,E01009292,E05011184,Birmingham,E01009292
B35 7JB,E01009101,E05011132,Birmingham,E01009101
B8 1HD,E01009192,E05011120,Birmingham,E01009192
B9 5HP,E01009197,E05011145,Birmingham,E01009197
B34 7NG,E01009308,E05011165,Birmingham,E01009308
B28 0HS,E01009034,E05011141,Birmingham,E01009034
B16 9NL,E01008989,E05011157,Birmingham,E01008989
B27 7HZ,E01009025,E05011118,Birmingham,E01009025
B33 8BP,E01009509,E05011185,Birmingham,E01009509
B34 6JA,E01009088,E05011131,Birmingham,E01009088
B32 1DU,E01009253,E05011163,Birmingham,E01009253
B1 2UH,E01009141,E05011151,Birmingham,E01009141
B20 2EA,E01009050,E05011143,Birmingham,E01009050
B26 1AB,E01008886,E05011169,Birmingham,E01008886
B20 3HW,E01009058,E05011121,Birmingham,E01009058
B6 7QA,E01008899,E05011155,Birmingham,E01008899
B35 7DU,E01009097,E05011132,Birmingham,E01009097
B6 5JX,E01008901,E05011155,Birmingham,E01008901
B14 6LL,E01008974,E05011130,Birmingham,E01008974
B33 9EY,E01009094,E05011138,Birmingham,E01009094
B28 9ER,E01009035,E05011140,Birmingham,E01009035
B31 5EW,E01009159,E05011136,Birmingham,E01009159
B6 6ET,E01034920,E05011121,Birmingham,E01034920
B38 8QP,E01009119,E05011149,Birmingham,E01009119
B42 2DL,E01009236,E05011160,Birmingham,E01009236
B12 9NU,E01034938,E05011122,Birmingham,E01034938
B32 2NZ,E01009070,E05011144,Birmingham,E01009070
B8 2HX,E01009481,E05011183,Birmingham,E01009481
B42 1LR,E01009238,E05011160,Birmingham,E01009238
B18 5RX,E01009360,E05011168,Birmingham,E01009360
B21 8NN,E01009274,E05011147,Birmingham,E01009274
B21 0AX,E01009349,E05011147,Birmingham,E01009349
B15 2LB,E01034936,E05011134,Birmingham,E01034936
B21 8JL,E01009268,E05011143,Birmingham,E01009268
B73 6BJ,E01009430,E05011178,Birmingham,E01009430
B18 7HE,E01009347,E05011168,Birmingham,E01009347
B31 2BP,E01008958,E05011158,Birmingham,E01008958
B15 3UE,E01008991,E05011134,Birmingham,E01008991
B31 2QY,E01009206,E05011158,Birmingham,E01009206
B16 8JH,E01034949,E05011151,Birmingham,E01034949
B29 4PS,E01009493,E05011184,Birmingham,E01009493
B73 5LE,E01009456,E05011179,Birmingham,E01009456
B10 0TY,E01009335,E05011167,Birmingham,E01009335
B18 4RE,E01009361,E05011168,Birmingham,E01009361
B26 1EF,E01008891,E05011169,Birmingham,E01008891
B44 9DZ,E01009223,E05011159,Birmingham,E01009223
B45 0LW,E01009155,E05011136,Birmingham,E01009155
B7 4EW,E01033561,E05011155,Birmingham,E01033561
B14 7HE,E01009179,E05011130,Birmingham,E01009179
B33 0AU,E01009301,E05011138,Birmingham,E01009301
B27 7NP,E01009020,E05011118,Birmingham,E01009020
B13 9NX,E01009044,E05011171,Birmingham,E01009044
B45 0NZ,E01009174,E05011136,Birmingham,E01009174
B24 0AB,E01009003,E05011135,Birmingham,E01009003
B20 3NL,E01009050,E05011125,Birmingham,E01009050
B44 0LY,E01009131,E05011150,Birmingham,E01009131
B23 5PR,E01009002,E05011135,Birmingham,E01009002
B17 8LG,E01009147,E05011157,Birmingham,E01009147
B19 2HA,E01008909,E05011156,Birmingham,E01008909
B45 9TT,E01009160,E05011164,Birmingham,E01009160
B38 9QY,E01009107,E05011149,Birmingham,E01009107
B44 9LA,E01009222,E05011159,Birmingham,E01009222
B12 8DB,E01009399,E05011170,Birmingham,E01009399
B20 1LP,E01032591,E05011143,Birmingham,E01032591
B34 6LR,E01009305,E05011131,Birmingham,E01009305
B32 2EL,E01009252,E05011163,Birmingham,E01009252
B7 5PF,E01009202,E05011155,Birmingham,E01009202
B44 9BE,E01009223,E05011159,Birmingham,E01009223
B3 1RB,E01033623,E05011168,Birmingham,E01033623
B12 8AG,E01009397,E05011170,Birmingham,E01009397
B38 9QP,E01009110,E05011149,Birmingham,E01009110
B11 4DJ,E01009393,E05011171,Birmingham,E01009393
B20 2LJ,E01009262,E05011143,Birmingham,E01009262
B32 4DX,E01008927,E05011123,Birmingham,E01008927
B31 5HN,E01009158,E05011158,Birmingham,E01009158
B29 6PT,E01009291,E05011184,Birmingham,E01009291
B18 6PS,E01009348,E05011168,Birmingham,E01009348
B29 5JL,E01009291,E05011184,Birmingham,E01009291
B45 9GN,E01009158,E05011158,Birmingham,E01009158
B2 4DU,E01033620,E05011151,Birmingham,E01033620
B42 2RU,E01009248,E05011159,Birmingham,E01009248
B31 5PT,E01009172,E05011119,Birmingham,E01009172
B33 0NY,E01009303,E05011138,Birmingham,E01009303
B32 1NX,E01009257,E05011163,Birmingham,E01009257
B20 1AT,E01009267,E05011143,Birmingham,E01009267
B29 5XR,E01009500,E05011184,Birmingham,E01009500
B7 4LD,E01009204,E05011155,Birmingham,E01009204
B19 1JD,E01009047,E05011125,Birmingham,E01009047
B28 0DY,E01009037,E05011141,Birmingham,E01009037
B26 2EW,E01009514,E05011137,Birmingham,E01009514
B24 8QQ,E01009000,E05011139,Birmingham,E01009000
B33 9DZ,E01009094,E05011138,Birmingham,E01009094
B16 8HA,E01034948,E05011151,Birmingham,E01034948
B26 3EA,E01009315,E05011166,Birmingham,E01009315
B32 2JY,E01009072,E05011144,Birmingham,E01009072
B7 4HZ,E01033561,E05011155,Birmingham,E01033561
B23 5FR,E01034914,E05011161,Birmingham,E01034914
B12 8QS,E01009377,E05011170,Birmingham,E01009377
B8 3AS,E01034931,E05011120,Birmingham,E01034931
B75 7BA,E01009451,E05011176,Birmingham,E01009451
B5 7BX,E01009362,E05011126,Birmingham,E01009362
B23 5AY,E01034914,E05011161,Birmingham,E01034914
B11 1QL,E01009372,E05011170,Birmingham,E01009372
B29 6LF,E01009281,E05011129,Birmingham,E01009281
B11 1RS,E01009367,E05011170,Birmingham,E01009367
B23 5EE,E01009404,E05011161,Birmingham,E01009404
B8 2UF,E01009490,E05011138,Birmingham,E01009490
B34 6JJ,E01009088,E05011131,Birmingham,E01009088
B74 4LP,E01009419,E05011175,Birmingham,E01009419
B45 8SL,E01009171,E05011164,Birmingham,E01009171
B38 8YN,E01009108,E05011148,Birmingham,E01009108
B23 7AS,E01009123,E05011161,Birmingham,E01009123
B12 9AF,E01009374,E05011122,Birmingham,E01009374
B20 3PX,E01009059,E05011125,Birmingham,E01009059
B29 7SW,E01009280,E05011128,Birmingham,E01009280
B14 5XN,E01008979,E05011133,Birmingham,E01008979
B31 4JJ,E01009213,E05011152,Birmingham,E01009213
B10 9EP,E01009329,E05011167,Birmingham,E01009329
B31 3NU,E01009217,E05011152,Birmingham,E01009217
B32 4NL,E01008927,E05011123,Birmingham,E01008927
B23 5XX,E01009135,E05011161,Birmingham,E01009135
B35 7ND,E01009097,E05011132,Birmingham,E01009097
B12 9TJ,E01009374,E05011122,Birmingham,E01009374
B1 1LR,E01033616,E05011151,Birmingham,E01033616
B27 6SJ,E01008893,E05011169,Birmingham,E01008893
B75 5NL,E01009416,E05011177,Birmingham,E01009416
B8 3JQ,E01009489,E05011120,Birmingham,E01009489
B31 2RS,E01009209,E05011158,Birmingham,E01009209
B26 3TB,E01009319,E05011166,Birmingham,E01009319
B74 4AR,E01009422,E05011174,Birmingham,E01009422
B33 0JA,E01009302,E05011138,Birmingham,E01009302
B24 9JR,E01009008,E05011135,Birmingham,E01009008
B36 8PD,E01009081,E05011131,Birmingham,E01009081
B11 2NN,E01009339,E05011170,Birmingham,E01009339
B14 4TX,E01008949,E05011146,Birmingham,E01008949
B14 5XR,E01008979,E05011133,Birmingham,E01008979
B17 0HA,E01009071,E05011144,Birmingham,E01009071
B21 0HY,E01009349,E05011147,Birmingham,E01009349
B20 3SG,E01009056,E05011125,Birmingham,E01009056
B28 9PN,E01009033,E05011140,Birmingham,E01009033
B44 0PF,E01009129,E05011150,Birmingham,E01009129
B1 3JP,E01033565,E05011168,Birmingham,E01033565
B15 3UB,E01008991,E05011134,Birmingham,E01008991
B32 3RP,E01008919,E05011123,Birmingham,E01008919
B76 1FS,E01009435,E05011176,Birmingham,E01009435
B28 8DQ,E01009046,E05011140,Birmingham,E01009046
B12 8HW,E01009399,E05011170,Birmingham,E01009399
B23 5LS,E01009404,E05011161,Birmingham,E01009404
B30 2UN,E01008963,E05011172,Birmingham,E01008963
B11 3NN,E01034953,E05011171,Birmingham,E01034953
B32 2BB,E01009261,E05011163,Birmingham,E01009261
B21 0TA,E01009359,E05011168,Birmingham,E01009359
B76 1DS,E01009442,E05011180,Birmingham,E01009442
B25 8XP,E01009518,E05011185,Birmingham,E01009518
B75 6HX,E01009446,E05011177,Birmingham,E01009446
B24 0TE,E01009098,E05011162,Birmingham,E01009098
B23 6BA,E01009013,E05011139,Birmingham,E01009013
B72 1PF,E01009451,E05011178,Birmingham,E01009451
B32 3XG,E01008919,E05011123,Birmingham,E01008919
B75 7HW,E01009446,E05011177,Birmingham,E01009446
B26 2QH,E01009324,E05011166,Birmingham,E01009324
B25 8HP,E01008884,E05011182,Birmingham,E01008884
B15 3HG,E01008990,E05011134,Birmingham,E01008990
B31 3RY,E01009212,E05011152,Birmingham,E01009212
B14 7BB,E01009188,E05011130,Birmingham,E01009188
B12 8BY,E01009399,E05011170,Birmingham,E01009399
B38 9UF,E01009114,E05011149,Birmingham,E01009114
B23 6GQ,E01033630,E05011173,Birmingham,E01033630
B35 7LJ,E01009097,E05011132,Birmingham,E01009097
B16 9NF,E01008989,E05011157,Birmingham,E01008989
B11 4RE,E01009396,E05011171,Birmingham,E01009396
B15 3PP,E01008991,E05011134,Birmingham,E01008991
B23 7BU,E01009410,E05011173,Birmingham,E01009410
B26 1NX,E01009316,E05011166,Birmingham,E01009316
B14 4PJ,E01008946,E05011146,Birmingham,E01008946
B44 8DL,E01009231,E05011150,Birmingham,E01009231
B30 1PD,E01008960,E05011129,Birmingham,E01008960
B44 8AD,E01009232,E05011150,Birmingham,E01009232
B17 9QR,E01009072,E05011144,Birmingham,E01009072
B29 5UN,E01008924,E05011123,Birmingham,E01008924
B21 0TW,E01034922,E05011168,Birmingham,E01034922
B34 6TR,E01009309,E05011165,Birmingham,E01009309
B27 6SP,E01008893,E05011169,Birmingham,E01008893
B75 5NR,E01009420,E05011177,Birmingham,E01009420
B32 2TB,E01009256,E05011163,Birmingham,E01009256
B5 7QN,E01008984,E05011134,Birmingham,E01008984
B30 1BY,E01008961,E05011129,Birmingham,E01008961
B45 0DP,E01009157,E05011136,Birmingham,E01009157
B33 8UX,E01009515,E05011186,Birmingham,E01009515
B14 5DJ,E01008947,E05011146,Birmingham,E01008947
B1 2QL,E01034951,E05011151,Birmingham,E01034951
B31 2SQ,E01009162,E05011152,Birmingham,E01009162
B14 4EJ,E01008941,E05011124,Birmingham,E01008941
B31 4SN,E01009216,E05011152,Birmingham,E01009216
B14 4BN,E01008945,E05011146,Birmingham,E01008945
B1 1FF,E01033557,E05011151,Birmingham,E01033557
B73 6EF,E01009449,E05011178,Birmingham,E01009449
B9 4LS,E01009200,E05011126,Birmingham,E01009200
B29 5JB,E01009291,E05011184,Birmingham,E01009291
B28 8EU,E01009045,E05011140,Birmingham,E01009045
B26 3SG,E01009319,E05011166,Birmingham,E01009319
B75 6SJ,E01009428,E05011175,Birmingham,E01009428
B23 6GA,E01033630,E05011173,Birmingham,E01033630
B35 6QE,E01009099,E05011132,Birmingham,E01009099
B15 2LL,E01034936,E05011134,Birmingham,E01034936
B31 2JT,E01009497,E05011158,Birmingham,E01009497
B15 3SH,E01034936,E05011134,Birmingham,E01034936
B13 9QL,E01009176,E05011154,Birmingham,E01009176
B19 2LB,E01008911,E05011156,Birmingham,E01008911
B33 0RP,E01009321,E05011137,Birmingham,E01009321
B4 6FX,E01034930,E05011156,Birmingham,E01034930
B26 2SY,E01009322,E05011137,Birmingham,E01009322
B31 4QH,E01009170,E05011152,Birmingham,E01009170
B20 1EE,E01009276,E05011143,Birmingham,E01009276
B30 1UG,E01008951,E05011129,Birmingham,E01008951
B8 2PN,E01009490,E05011138,Birmingham,E01009490
B38 9FF,E01009108,E05011149,Birmingham,E01009108
B24 0AE,E01009003,E05011135,Birmingham,E01009003
B27 6EU,E01008889,E05011118,Birmingham,E01008889
B26 3AT,E01009316,E05011166,Birmingham,E01009316
B33 9TL,E01009300,E05011138,Birmingham,E01009300
B44 9EP,E01009224,E05011159,Birmingham,E01009224
B76 1SB,E01009436,E05011180,Birmingham,E01009436
B8 2LU,E01009490,E05011183,Birmingham,E01009490
B15 3ED,E01008990,E05011134,Birmingham,E01008990
B75 6HR,E01009446,E05011177,Birmingham,E01009446
B72 1RH,E01009449,E05011178,Birmingham,E01009449
B14 7FG,,,,
B42 2JA,E01009247,E05011160,Birmingham,E01009247
B18 5LG,E01009358,E05011168,Birmingham,E01009358
B29 7DQ,E01009286,E05011128,Birmingham,E01009286
B75 5PA,E01009416,E05011177,Birmingham,E01009416
B21 8PS,E01009268,E05011147,Birmingham,E01009268
B17 8PY,E01009066,E05011144,Birmingham,E01009066
B8 1HZ,E01009483,E05011120,Birmingham,E01009483
B75 6SG,E01009431,E05011174,Birmingham,E01009431
B31 2DQ,E01034944,E05011152,Birmingham,E01034944
B72 1UX,E01009424,E05011178,Birmingham,E01009424
B14 4DP,E01008939,E05011124,Birmingham,E01008939
B35 6DT,E01009101,E05011132,Birmingham,E01009101
B21 0SZ,E01009359,E05011168,Birmingham,E01009359
B18 4PX,E01009360,E05011168,Birmingham,E01009360
B13 0JN,E01008935,E05011124,Birmingham,E01008935
B31 1PQ,E01009497,E05011119,Birmingham,E01009497
B73 6PR,E01009472,E05011179,Birmingham,E01009472
B20 3QU,E01009057,E05011125,Birmingham,E01009057
B21 8DG,E01009271,E05011147,Birmingham,E01009271
B26 1SB,E01009518,E05011185,Birmingham,E01009518
B17 9TU,E01009070,E05011144,Birmingham,E01009070
B72 1JU,E01009457,E05011181,Birmingham,E01009457
B76 1XA,E01009443,E05011180,Birmingham,E01009443
B31 3NZ,E01009217,E05011152,Birmingham,E01009217
B20 1BH,E01009278,E05011143,Birmingham,E01009278
B76 1NN,E01009437,E05011180,Birmingham,E01009437
B73 6SZ,E01009467,E05011179,Birmingham,E01009467
B44 9PE,E01009233,E05011159,Birmingham,E01009233
B76 2RL,E01009436,E05011180,Birmingham,E01009436
B14 6EL,E01008971,E05011130,Birmingham,E01008971
B17 0TH,E01009064,E05011144,Birmingham,E01009064
B8 2SX,E01009486,E05011183,Birmingham,E01009486
B31 2GS,E01034945,E05011152,Birmingham,E01034945
B12 9TL,E01009374,E05011122,Birmingham,E01009374
B27 6DA,E01008894,E05011118,Birmingham,E01008894
B34 6RF,E01009305,E05011165,Birmingham,E01009305
B73 6JF,E01009468,E05011178,Birmingham,E01009468
B75 5PY,E01009426,E05011177,Birmingham,E01009426
B33 0PS,E01009321,E05011166,Birmingham,E01009321
B27 6PG,E01008895,E05011118,Birmingham,E01008895
B32 2NR,E01009074,E05011144,Birmingham,E01009074
B17 9NY,E01009069,E05011144,Birmingham,E01009069
B27 7LL,E01009024,E05011118,Birmingham,E01009024
B23 6RH,E01009007,E05011135,Birmingham,E01009007
B15 2PP,E01033562,E05011134,Birmingham,E01033562
B34 7AJ,E01009309,E05011165,Birmingham,E01009309
B24 0PJ,E01009105,E05011162,Birmingham,E01009105
B18 7NY,E01009348,E05011168,Birmingham,E01009348
B21 8PE,E01009268,E05011143,Birmingham,E01009268
B9 4BY,E01009200,E05011126,Birmingham,E01009200
B73 6LZ,E01009468,E05011179,Birmingham,E01009468
B27 7PP,E01009018,E05011118,Birmingham,E01009018
B10 9HB,E01009328,E05011167,Birmingham,E01009328
B45 9BS,E01009164,E05011164,Birmingham,E01009164
B32 4ND,E01008928,E05011123,Birmingham,E01008928
B25 8EQ,E01008887,E05011169,Birmingham,E01008887
B31 3AA,E01009205,E05011148,Birmingham,E01009205
B9 4NY,E01009199,E05011126,Birmingham,E01009199
B28 9EN,E01009035,E05011140,Birmingham,E01009035
B23 5DT,E01009406,E05011161,Birmingham,E01009406
B72 1AE,E01009461,E05011181,Birmingham,E01009461
B45 9NT,E01009167,E05011164,Birmingham,E01009167
B16 9DX,E01008987,E05011151,Birmingham,E01008987
B14 6NJ,E01008970,E05011130,Birmingham,E01008970
B38 8TB,E01009116,E05011148,Birmingham,E01009116
B33 0YN,E01009303,E05011138,Birmingham,E01009303
B72 1XY,E01009461,E05011181,Birmingham,E01009461
B14 6PT,E01008973,E05011130,Birmingham,E01008973
B45 8EE,E01009171,E05011164,Birmingham,E01009171
B11 3EF,E01009014,E05011140,Birmingham,E01009014
B75 6BN,E01009428,E05011178,Birmingham,E01009428
B17 0BF,E01009068,E05011144,Birmingham,E01009068
B73 5SE,E01009458,E05011179,Birmingham,E01009458
B31 3LT,E01009214,E05011152,Birmingham,E01009214
B44 9AJ,E01009224,E05011159,Birmingham,E01009224
B72 1BF,E01009463,E05011181,Birmingham,E01009463
B12 8QG,E01033648,E05011170,Birmingham,E01033648
B30 2TB,E01008963,E05011172,Birmingham,E01008963
B27 7JD,E01009019,E05011118,Birmingham,E01009019
B16 8DY,E01009141,E05011151,Birmingham,E01009141
B26 1TD,E01008881,E05011169,Birmingham,E01008881
B12 8AH,E01009397,E05011170,Birmingham,E01009397
B17 0PY,E01033562,E05011144,Birmingham,E01033562
B24 8EB,E01008998,E05011139,Birmingham,E01008998
B29 6BJ,E01009289,E05011128,Birmingham,E01009289
B44 9LY,E01009233,E05011159,Birmingham,E01009233
B29 5HP,E01009503,E05011184,Birmingham,E01009503
B36 8JX,E01009085,E05011131,Birmingham,E01009085
B25 8QA,E01008898,E05011186,Birmingham,E01008898
B12 0TL,E01009364,E05011126,Birmingham,E01009364
B17 9LD,E01009069,E05011144,Birmingham,E01009069
B32 1AT,E01009250,E05011163,Birmingham,E01009250
B10 0EX,E01009338,E05011167,Birmingham,E01009338
B31 1PR,E01009497,E05011119,Birmingham,E01009497
B28 0QS,E01009041,E05011141,Birmingham,E01009041
B36 8UJ,E01009082,E05011131,Birmingham,E01009082
B33 9LZ,E01009093,E05011138,Birmingham,E01009093
B76 2PL,E01009434,E05011180,Birmingham,E01009434
B73 6BA,E01009449,E05011178,Birmingham,E01009449
B32 2TJ,E01009251,E05011163,Birmingham,E01009251
B30 1AE,E01008961,E05011129,Birmingham,E01008961
B44 9UU,E01009228,E05011159,Birmingham,E01009228
B27 7SP,E01009016,E05011182,Birmingham,E01009016
B20 1LW,E01032591,E05011143,Birmingham,E01032591
B27 7JP,E01009024,E05011118,Birmingham,E01009024
B72 1NT,E01009453,E05011178,Birmingham,E01009453
B42 2AX,E01009234,E05011160,Birmingham,E01009234
B10 9DP,E01009337,E05011167,Birmingham,E01009337
B24 0JN,E01009100,E05011162,Birmingham,E01009100
B75 6NP,E01009429,E05011177,Birmingham,E01009429
B75 7ND,E01009448,E05011176,Birmingham,E01009448
B45 9NE,E01009164,E05011164,Birmingham,E01009164
B11 4NN,E01009382,E05011171,Birmingham,E01009382
B29 4QY,E01009506,E05011184,Birmingham,E01009506
B14 6BU,E01008967,E05011130,Birmingham,E01008967
B31 5DB,E01034942,E05011136,Birmingham,E01034942
B33 9NL,E01009093,E05011138,Birmingham,E01009093
B26 2SA,E01009323,E05011137,Birmingham,E01009323
B10 9NL,E01009327,E05011167,Birmingham,E01009327
B14 4JS,E01008945,E05011146,Birmingham,E01008945
B74 4SJ,E01009422,E05011175,Birmingham,E01009422
B33 0RL,E01009321,E05011137,Birmingham,E01009321
B28 8PG,E01009023,E05011118,Birmingham,E01009023
B31 5SB,E01008930,E05011123,Birmingham,E01008930
B75 7NE,E01009448,E05011176,Birmingham,E01009448
B29 6TZ,E01009280,E05011129,Birmingham,E01009280
B1 1RY,E01033557,E05011151,Birmingham,E01033557
B23 6JL,E01009408,E05011173,Birmingham,E01009408
B76 1JL,E01009442,E05011180,Birmingham,E01009442
B9 4PJ,E01009199,E05011126,Birmingham,E01009199
B17 0HL,E01009069,E05011144,Birmingham,E01009069
B19 2PB,E01008911,E05011156,Birmingham,E01008911
B26 1SG,E01009521,E05011185,Birmingham,E01009521
B44 0QX,E01009130,E05011150,Birmingham,E01009130
B7 5JP,E01009202,E05011155,Birmingham,E01009202
B31 4JE,E01009215,E05011152,Birmingham,E01009215
B10 9EQ,E01009329,E05011167,Birmingham,E01009329
B14 5PJ,E01008980,E05011133,Birmingham,E01008980
B42 1SR,E01009242,E05011160,Birmingham,E01009242
B13 8QT,E01009186,E05011172,Birmingham,E01009186
B11 4QR,E01009371,E05011170,Birmingham,E01009371
B31 1BA,E01008924,E05011123,Birmingham,E01008924
B21 9NE,E01009275,E05011142,Birmingham,E01009275
B36 8SH,E01009079,E05011131,Birmingham,E01009079
B23 6EG,E01009409,E05011173,Birmingham,E01009409
B27 7DT,E01009015,E05011118,Birmingham,E01009015
B10 9SN,E01009329,E05011167,Birmingham,E01009329
B31 1QE,E01009497,E05011119,Birmingham,E01009497
B27 7TU,E01009029,E05011118,Birmingham,E01009029
B32 3SH,E01008918,E05011123,Birmingham,E01008918
B35 6JA,E01009106,E05011132,Birmingham,E01009106
B44 0DE,E01009131,E05011150,Birmingham,E01009131
B33 8BX,E01009507,E05011185,Birmingham,E01009507
B20 3WJ,E01034917,E05011125,Birmingham,E01034917
B14 4QD,E01008945,E05011146,Birmingham,E01008945
B30 2TN,E01008963,E05011172,Birmingham,E01008963
B28 9QE,E01009033,E05011140,Birmingham,E01009033
B20 3RQ,E01009057,E05011125,Birmingham,E01009057
B31 1TU,E01008930,E05011123,Birmingham,E01008930
B38 8SA,E01009116,E05011148,Birmingham,E01009116
B14 7LF,E01009178,E05011130,Birmingham,E01009178
B19 2NP,E01008913,E05011156,Birmingham,E01008913
B33 8LE,E01009511,E05011137,Birmingham,E01009511
B29 4BS,E01009504,E05011184,Birmingham,E01009504
B14 7JA,E01009179,E05011130,Birmingham,E01009179
B15 3NR,E01008991,E05011134,Birmingham,E01008991
B28 0JN,E01009039,E05011141,Birmingham,E01009039
B30 1AJ,E01008961,E05011129,Birmingham,E01008961
B24 9DH,E01009012,E05011135,Birmingham,E01009012
B17 0QS,E01009077,E05011144,Birmingham,E01009077
B12 0UX,E01009364,E05011126,Birmingham,E01009364
B17 8AJ,E01009260,E05011163,Birmingham,E01009260
B21 9NH,E01009275,E05011147,Birmingham,E01009275
B29 4DD,E01009504,E05011184,Birmingham,E01009504
B14 7DD,E01009175,E05011130,Birmingham,E01009175
B27 7YD,E01009015,E05011118,Birmingham,E01009015
B44 9BN,E01009223,E05011159,Birmingham,E01009223
B74 4AT,E01009422,E05011174,Birmingham,E01009422
B28 9HW,E01009035,E05011140,Birmingham,E01009035
B31 2RJ,E01009209,E05011158,Birmingham,E01009209
B16 0NL,E01009152,E05011157,Birmingham,E01009152
B17 9AW,E01009252,E05011163,Birmingham,E01009252
B12 0HF,E01009364,E05011126,Birmingham,E01009364
B75 7SG,E01009452,E05011176,Birmingham,E01009452
B75 7NU,E01009446,E05011177,Birmingham,E01009446
B14 7AP,E01009188,E05011130,Birmingham,E01009188
B10 9JT,E01009325,E05011167,Birmingham,E01009325
B27 6RU,E01008895,E05011169,Birmingham,E01008895
B24 0HT,E01009005,E05011135,Birmingham,E01009005
B76 2RX,E01009436,E05011180,Birmingham,E01009436
B20 2EP,E01009265,E05011142,Birmingham,E01009265
B29 6GR,E01009284,E05011129,Birmingham,E01009284
B31 3PX,E01009217,E05011152,Birmingham,E01009217
B11 1RE,E01009364,E05011170,Birmingham,E01009364
B31 3LH,E01009214,E05011152,Birmingham,E01009214
B44 8TP,E01009228,E05011159,Birmingham,E01009228
B23 6EA,E01009409,E05011173,Birmingham,E01009409
B25 8LW,E01008887,E05011169,Birmingham,E01008887
B5 7SL,E01034937,E05011134,Birmingham,E01034937
B30 3QD,E01008973,E05011133,Birmingham,E01008973
B12 8AY,E01009399,E05011154,Birmingham,E01009399
B19 1NN,E01008907,E05011153,Birmingham,E01008907
B31 1DE,E01009495,E05011123,Birmingham,E01009495
B38 8LU,E01009112,E05011148,Birmingham,E01009112
B75 5DA,E01009429,E05011175,Birmingham,E01009429
B20 2AP,E01009050,E05011143,Birmingham,E01009050
B74 4SH,E01009418,E05011175,Birmingham,E01009418
B30 3EX,E01009119,E05011148,Birmingham,E01009119
B6 6DB,E01034923,E05011121,Birmingham,E01034923
B14 6BP,E01008968,E05011130,Birmingham,E01008968
B73 5SR,E01009466,E05011179,Birmingham,E01009466
B42 1SU,E01009242,E05011160,Birmingham,E01009242
B29 5DE,E01009503,E05011184,Birmingham,E01009503
B26 2SX,E01009322,E05011137,Birmingham,E01009322
B20 3ND,E01034918,E05011125,Birmingham,E01034918
B45 9TY,E01009165,E05011164,Birmingham,E01009165
B26 3RJ,E01009318,E05011166,Birmingham,E01009318
B76 2PH,E01009435,E05011180,Birmingham,E01009435
B29 6TP,E01009284,E05011184,Birmingham,E01009284
B31 3SH,E01009212,E05011152,Birmingham,E01009212
B26 3LH,E01009319,E05011166,Birmingham,E01009319
B19 1LY,E01009060,E05011153,Birmingham,E01009060
B44 0UY,E01009221,E05011150,Birmingham,E01009221
B21 0SB,E01009359,E05011168,Birmingham,E01009359
B10 9JQ,E01009326,E05011167,Birmingham,E01009326
B25 8EX,E01008884,E05011182,Birmingham,E01008884
B11 4JZ,E01009396,E05011170,Birmingham,E01009396
B14 6PX,E01008973,E05011130,Birmingham,E01008973
B11 1NU,E01033650,E05011170,Birmingham,E01033650
B8 2DU,E01009086,E05011131,Birmingham,E01009086
B21 0TL,E01034922,E05011168,Birmingham,E01034922
B14 7EP,E01009179,E05011130,Birmingham,E01009179
B42 1ES,E01009245,E05011160,Birmingham,E01009245
B28 0US,E01009041,E05011141,Birmingham,E01009041
B75 5QR,E01009416,E05011177,Birmingham,E01009416
B9 5LB,E01034935,E05011126,Birmingham,E01034935
B76 1JU,E01009461,E05011181,Birmingham,E01009461
B34 7QG,E01009310,E05011165,Birmingham,E01009310
B10 0EE,E01009329,E05011167,Birmingham,E01009329
B11 3RG,E01034954,E05011170,Birmingham,E01034954
B76 1TL,E01009438,E05011180,Birmingham,E01009438
B24 8BL,E01009013,E05011139,Birmingham,E01009013
B13 0DT,E01008934,E05011124,Birmingham,E01008934
B42 1PH,E01009238,E05011160,Birmingham,E01009238
B8 2UE,E01009490,E05011138,Birmingham,E01009490
B35 6NU,E01009106,E05011132,Birmingham,E01009106
B34 7JY,E01009308,E05011165,Birmingham,E01009308
B75 6HH,E01009446,E05011177,Birmingham,E01009446
B14 6SY,E01008967,E05011130,Birmingham,E01008967
B23 7DE,E01009408,E05011173,Birmingham,E01009408
B38 8BG,E01009116,E05011148,Birmingham,E01009116
B35 7JW,E01009099,E05011132,Birmingham,E01009099
B31 4RA,E01009168,E05011152,Birmingham,E01009168
B11 1UE,E01009372,E05011170,Birmingham,E01009372
B1 1SW,E01033557,E05011151,Birmingham,E01033557
B28 0AB,E01009031,E05011140,Birmingham,E01009031
B35 7QN,E01009103,E05011132,Birmingham,E01009103
B32 3AS,E01008919,E05011123,Birmingham,E01008919
B12 0QR,E01034947,E05011126,Birmingham,E01034947
B25 8JF,E01008887,E05011169,Birmingham,E01008887
B6 4TH,E01034926,E05011156,Birmingham,E01034926
B27 6EL,E01008893,E05011118,Birmingham,E01008893
B76 9RP,E01009441,E05011180,Birmingham,E01009441
B21 9RL,E01009266,E05011143,Birmingham,E01009266
B14 5QP,E01008979,E05011133,Birmingham,E01008979
B23 5GX,E01034914,E05011161,Birmingham,E01034914
B27 7XL,E01009018,E05011118,Birmingham,E01009018
B19 2JQ,E01008909,E05011156,Birmingham,E01008909
B23 6AQ,E01033630,E05011173,Birmingham,E01033630
B76 2RY,E01009436,E05011180,Birmingham,E01009436
B21 0TN,E01034922,E05011168,Birmingham,E01034922
B20 3TU,E01009049,E05011125,Birmingham,E01009049
B16 0QD,E01009138,E05011157,Birmingham,E01009138
B19 3JN,E01034930,E05011156,Birmingham,E01034930
B16 0NS,E01009151,E05011157,Birmingham,E01009151
B45 9PY,E01009167,E05011164,Birmingham,E01009167
B27 6BS,E01008894,E05011118,Birmingham,E01008894
B18 7JU,E01009348,E05011168,Birmingham,E01009348
B32 1BE,E01009250,E05011163,Birmingham,E01009250
B31 4TJ,E01009170,E05011152,Birmingham,E01009170
B34 7SP,E01009308,E05011165,Birmingham,E01009308
B30 2JY,E01008952,E05011172,Birmingham,E01008952
B20 2RT,E01009056,E05011142,Birmingham,E01009056
B15 3TP,E01008990,E05011134,Birmingham,E01008990
B24 0JD,E01009098,E05011162,Birmingham,E01009098
B32 1HA,E01009251,E05011163,Birmingham,E01009251
B8 3SU,E01034932,E05011120,Birmingham,E01034932
B27 7LR,E01009024,E05011118,Birmingham,E01009024
B24 9LQ,E01009011,E05011135,Birmingham,E01009011
B11 1SU,E01009367,E05011170,Birmingham,E01009367
B26 2RL,E01009314,E05011166,Birmingham,E01009314
B14 6RH,E01008966,E05011130,Birmingham,E01008966
B21 0HH,E01009351,E05011147,Birmingham,E01009351
B27 7DJ,E01009018,E05011118,Birmingham,E01009018
B29 7PX,E01009296,E05011128,Birmingham,E01009296
B6 6PE,E01009058,E05011121,Birmingham,E01009058
B34 6LT,E01009088,E05011131,Birmingham,E01009088
B5 7FJ,E01034947,E05011126,Birmingham,E01034947
B28 9RL,E01009033,E05011140,Birmingham,E01009033
B28 0BN,E01009031,E05011140,Birmingham,E01009031
B8 1EP,E01009192,E05011120,Birmingham,E01009192
B32 4LZ,E01008925,E05011123,Birmingham,E01008925
B5 4AJ,E01033625,E05011151,Birmingham,E01033625
B31 1EA,E01008930,E05011123,Birmingham,E01008930
B32 2QB,E01009255,E05011163,Birmingham,E01009255
B76 1YT,E01009438,E05011180,Birmingham,E01009438
B28 9PT,E01032589,E05011140,Birmingham,E01032589
B75 5DB,E01009429,E05011175,Birmingham,E01009429
B29 7EG,E01009288,E05011128,Birmingham,E01009288
B13 8DH,E01009184,E05011154,Birmingham,E01009184
B72 1YW,E01009461,E05011181,Birmingham,E01009461
B14 4AJ,E01008969,E05011124,Birmingham,E01008969
B74 4AQ,E01009422,E05011174,Birmingham,E01009422
B44 8EP,E01009231,E05011150,Birmingham,E01009231
B12 8QT,E01009377,E05011170,Birmingham,E01009377
B15 2NX,E01008994,E05011134,Birmingham,E01008994
B38 9DW,E01009113,E05011149,Birmingham,E01009113
B73 6UJ,E01009465,E05011179,Birmingham,E01009465
B1 2SS,E01033627,E05011151,Birmingham,E01033627
B76 1NA,E01009439,E05011180,Birmingham,E01009439
B13 9LA,E01009176,E05011154,Birmingham,E01009176
B25 8RE,E01008881,E05011186,Birmingham,E01008881
B23 6FE,E01033646,E05011173,Birmingham,E01033646
B23 5AS,E01034913,E05011161,Birmingham,E01034913
B31 1GB,E01033629,E05011123,Birmingham,E01033629
B10 0SS,E01009380,E05011127,Birmingham,E01009380
B7 5DJ,E01009201,E05011155,Birmingham,E01009201
B16 0AY,E01009153,E05011157,Birmingham,E01009153
B18 7JG,E01009348,E05011168,Birmingham,E01009348
B6 5EJ,E01034924,E05011121,Birmingham,E01034924
B74 4RQ,E01009417,E05011174,Birmingham,E01009417
B74 2QZ,E01009430,E05011174,Birmingham,E01009430
B73 6AX,E01009430,E05011178,Birmingham,E01009430
B7 4ED,E01034927,E05011155,Birmingham,E01034927
B11 3BY,E01034955,E05011140,Birmingham,E01034955
B31 5BP,E01009158,E05011136,Birmingham,E01009158
B28 8DG,E01009046,E05011140,Birmingham,E01009046
B76 1DL,E01009439,E05011180,Birmingham,E01009439
B28 0LJ,E01009036,E05011141,Birmingham,E01009036
B6 7NU,E01008899,E05011155,Birmingham,E01008899
B31 4RG,E01009170,E05011152,Birmingham,E01009170
B32 2HH,E01009254,E05011163,Birmingham,E01009254
B19 2XL,E01033638,E05011156,Birmingham,E01033638
B75 5LG,E01009420,E05011177,Birmingham,E01009420
B24 0NL,E01009098,E05011162,Birmingham,E01009098
B13 8LL,E01009184,E05011154,Birmingham,E01009184
B29 6QA,E01009292,E05011184,Birmingham,E01009292
B6 6LN,E01009054,E05011121,Birmingham,E01009054
B24 0PR,E01009098,E05011162,Birmingham,E01009098
B15 3QH,E01008991,E05011134,Birmingham,E01008991
B38 9SN,E01009114,E05011149,Birmingham,E01009114
B25 8LF,E01008886,E05011169,Birmingham,E01008886
B13 8HG,E01009184,E05011154,Birmingham,E01009184
B8 2TE,E01009487,E05011183,Birmingham,E01009487
B74 4RE,E01009417,E05011174,Birmingham,E01009417
B45 9RG,E01009160,E05011164,Birmingham,E01009160
B13 8LS,E01009183,E05011154,Birmingham,E01009183
B11 1RL,E01009365,E05011170,Birmingham,E01009365
B73 6TA,E01009465,E05011179,Birmingham,E01009465
B27 7TR,E01009029,E05011118,Birmingham,E01009029
B32 3SB,E01008918,E05011123,Birmingham,E01008918
B27 7NR,E01009022,E05011118,Birmingham,E01009022
B15 3XA,E01008991,E05011134,Birmingham,E01008991
B15 2NQ,E01008997,E05011134,Birmingham,E01008997
B23 6PD,E01009407,E05011173,Birmingham,E01009407
B18 7LN,E01009347,E05011168,Birmingham,E01009347
B13 8EE,E01009384,E05011154,Birmingham,E01009384
B44 0TY,E01009131,E05011150,Birmingham,E01009131
B33 0EG,E01009299,E05011138,Birmingham,E01009299
B24 8LT,E01009400,E05011139,Birmingham,E01009400
B32 3HE,E01033629,E05011123,Birmingham,E01033629
B38 9BJ,E01009107,E05011149,Birmingham,E01009107
B21 0HE,E01009349,E05011147,Birmingham,E01009349
B35 6NE,E01009106,E05011132,Birmingham,E01009106
B5 7RX,E01008982,E05011134,Birmingham,E01008982
B26 2QS,E01009324,E05011166,Birmingham,E01009324
B5 7LB,E01008995,E05011122,Birmingham,E01008995
B72 1FW,E01009463,E05011181,Birmingham,E01009463
B44 0PR,E01009133,E05011150,Birmingham,E01009133
B44 9HN,E01009224,E05011159,Birmingham,E01009224
B20 3TA,E01009048,E05011125,Birmingham,E01009048
B17 0RH,E01009077,E05011144,Birmingham,E01009077
B38 8YQ,E01009118,E05011148,Birmingham,E01009118
B38 9SL,E01009114,E05011149,Birmingham,E01009114
B24 8RJ,E01008999,E05011139,Birmingham,E01008999
B72 1HW,E01009463,E05011181,Birmingham,E01009463
B29 7NR,E01009283,E05011128,Birmingham,E01009283
B31 1NX,E01009495,E05011119,Birmingham,E01009495
B11 1HJ,E01009363,E05011170,Birmingham,E01009363
B20 3EJ,E01009054,E05011121,Birmingham,E01009054
B12 9PE,E01009182,E05011122,Birmingham,E01009182
B30 1EU,E01008959,E05011129,Birmingham,E01008959
B28 8DF,E01009030,E05011140,Birmingham,E01009030
B74 4DP,E01009418,E05011175,Birmingham,E01009418
B31 4SJ,E01009216,E05011152,Birmingham,E01009216
B42 2AU,E01009234,E05011160,Birmingham,E01009234
B38 8JN,E01009112,E05011152,Birmingham,E01009112
B34 6QU,E01009305,E05011165,Birmingham,E01009305
B17 0HQ,E01009069,E05011144,Birmingham,E01009069
B19 1NH,E01009048,E05011125,Birmingham,E01009048
B11 3FL,E01034955,E05011140,Birmingham,E01034955
B33 0BQ,E01009299,E05011138,Birmingham,E01009299
B19 2DW,E01034925,E05011153,Birmingham,E01034925
B31 5NY,E01009173,E05011119,Birmingham,E01009173
B20 3SB,E01009049,E05011125,Birmingham,E01009049
B29 6SF,E01009295,E05011184,Birmingham,E01009295
B30 3AS,E01008961,E05011129,Birmingham,E01008961
B29 7RS,E01009293,E05011128,Birmingham,E01009293
B42 2JB,E01009247,E05011160,Birmingham,E01009247
B13 0RT,E01008936,E05011124,Birmingham,E01008936
B75 5PT,E01009426,E05011177,Birmingham,E01009426
B28 8FF,E01009014,E05011182,Birmingham,E01009014
B16 8EX,E01009141,E05011151,Birmingham,E01009141
B75 5EG,E01009425,E05011175,Birmingham,E01009425
B24 9EE,E01009012,E05011135,Birmingham,E01009012
B8 1DH,E01034934,E05011120,Birmingham,E01034934
B74 4DH,E01009415,E05011175,Birmingham,E01009415
B16 9HS,E01008988,E05011157,Birmingham,E01008988
B44 0AD,E01009132,E05011150,Birmingham,E01009132
B23 5XQ,E01009136,E05011161,Birmingham,E01009136
B25 8PN,E01008882,E05011182,Birmingham,E01008882
B21 8AJ,E01009274,E05011147,Birmingham,E01009274
B76 2UW,E01009455,E05011176,Birmingham,E01009455
B75 5BD,E01009425,E05011175,Birmingham,E01009425
B8 2BJ,E01009480,E05011183,Birmingham,E01009480
B31 3AN,E01009210,E05011152,Birmingham,E01009210
B30 1UR,E01008951,E05011129,Birmingham,E01008951
B30 1NY,E01008951,E05011129,Birmingham,E01008951
B20 3AR,E01009054,E05011121,Birmingham,E01009054
B30 2YQ,E01009282,E05011128,Birmingham,E01009282
B31 3PY,E01009217,E05011152,Birmingham,E01009217
B14 6RQ,E01008966,E05011130,Birmingham,E01008966
B29 5HE,E01009294,E05011184,Birmingham,E01009294
B28 8BL,E01009043,E05011140,Birmingham,E01009043
B36 8JL,E01009084,E05011131,Birmingham,E01009084
B11 1QA,E01009372,E05011170,Birmingham,E01009372
B11 3FS,E01009014,E05011182,Birmingham,E01009014
B10 0QA,E01009379,E05011127,Birmingham,E01009379
B23 6TT,E01009007,E05011135,Birmingham,E01009007
B44 0LA,E01009129,E05011150,Birmingham,E01009129
B20 1EF,E01009276,E05011143,Birmingham,E01009276
B32 3PL,E01008917,E05011123,Birmingham,E01008917
B76 1SG,E01009438,E05011180,Birmingham,E01009438
B15 3LB,E01008992,E05011134,Birmingham,E01008992
B45 9XS,E01009159,E05011164,Birmingham,E01009159
B44 8EL,E01009231,E05011150,Birmingham,E01009231
B32 1AY,E01009250,E05011163,Birmingham,E01009250
B31 2BB,E01009218,E05011158,Birmingham,E01009218
B76 1SE,E01009436,E05011180,Birmingham,E01009436
B13 8QR,E01009186,E05011154,Birmingham,E01009186
B42 1ER,E01009245,E05011160,Birmingham,E01009245
B11 4AL,E01033643,E05011171,Birmingham,E01033643
B14 7LS,E01009178,E05011130,Birmingham,E01009178
B1 3ET,E01033565,E05011168,Birmingham,E01033565
B20 3US,E01034918,E05011125,Birmingham,E01034918
B6 5BW,E01008910,E05011121,Birmingham,E01008910
B31 3XH,E01009211,E05011152,Birmingham,E01009211
B29 4BJ,E01009504,E05011184,Birmingham,E01009504
B23 5BX,E01009136,E05011161,Birmingham,E01009136
B12 0TR,E01009364,E05011126,Birmingham,E01009364
B17 0NH,E01033562,E05011144,Birmingham,E01033562
B28 0QF,E01009041,E05011141,Birmingham,E01009041
B75 7SF,E01009432,E05011176,Birmingham,E01009432
B6 5UE,E01008901,E05011155,Birmingham,E01008901
B29 4HT,E01009494,E05011184,Birmingham,E01009494
B44 0DT,E01009134,E05011150,Birmingham,E01009134
B42 1EH,E01009238,E05011160,Birmingham,E01009238
B17 9LR,E01009068,E05011144,Birmingham,E01009068
B16 9EN,E01009140,E05011151,Birmingham,E01009140
B76 2QJ,E01009437,E05011180,Birmingham,E01009437
B74 4NN,E01009422,E05011174,Birmingham,E01009422
B23 5HR,E01009123,E05011161,Birmingham,E01009123
B9 5TX,E01009477,E05011145,Birmingham,E01009477
B13 0PS,E01008939,E05011124,Birmingham,E01008939
B30 3AT,E01008952,E05011172,Birmingham,E01008952
B30 1RB,E01008950,E05011129,Birmingham,E01008950
B11 1JT,E01009365,E05011170,Birmingham,E01009365
B31 1QD,E01009497,E05011119,Birmingham,E01009497
B34 6QR,E01009305,E05011165,Birmingham,E01009305
B17 0LW,E01009075,E05011144,Birmingham,E01009075
B38 9JG,E01009110,E05011149,Birmingham,E01009110
B75 7SL,E01009432,E05011178,Birmingham,E01009432
B23 6GG,E01033630,E05011173,Birmingham,E01033630
B21 0PU,E01009354,E05011147,Birmingham,E01009354
B44 9DD,E01009224,E05011159,Birmingham,E01009224
B29 6GG,E01009284,E05011129,Birmingham,E01009284
B23 5AA,E01034913,E05011161,Birmingham,E01034913
B24 0NQ,E01009100,E05011162,Birmingham,E01009100
B24 8EJ,E01008998,E05011139,Birmingham,E01008998
B33 0QD,E01009321,E05011166,Birmingham,E01009321
B44 9QU,E01009233,E05011159,Birmingham,E01009233
B28 8DH,E01009046,E05011140,Birmingham,E01009046
B32 2PZ,E01009258,E05011163,Birmingham,E01009258
B45 0JX,E01009174,E05011136,Birmingham,E01009174
B28 0JT,E01009036,E05011141,Birmingham,E01009036
B19 2QH,E01008913,E05011156,Birmingham,E01008913
B28 0PE,E01009039,E05011141,Birmingham,E01009039
B18 5DJ,E01009360,E05011168,Birmingham,E01009360
B36 8HN,E01009086,E05011131,Birmingham,E01009086
B15 2DU,E01033640,E05011151,Birmingham,E01033640
B72 1JT,E01009471,E05011181,Birmingham,E01009471
B13 8HH,E01009184,E05011154,Birmingham,E01009184
B24 0HB,E01009009,E05011162,Birmingham,E01009009
B75 6SL,E01009429,E05011175,Birmingham,E01009429
B23 5UA,E01034915,E05011135,Birmingham,E01034915
B10 9DL,E01009327,E05011167,Birmingham,E01009327
B20 2RW,E01009056,E05011142,Birmingham,E01009056
B32 2DU,E01009254,E05011163,Birmingham,E01009254
B23 7ED,E01009123,E05011173,Birmingham,E01009123
B21 0HN,E01009354,E05011147,Birmingham,E01009354
B14 6LN,E01008974,E05011130,Birmingham,E01008974
B35 6BT,E01009096,E05011132,Birmingham,E01009096
B33 8SA,E01009515,E05011185,Birmingham,E01009515
B36 8HE,E01009086,E05011131,Birmingham,E01009086
B44 8LR,E01009230,E05011150,Birmingham,E01009230
B20 2LP,E01009262,E05011143,Birmingham,E01009262
B30 1LH,E01008951,E05011129,Birmingham,E01008951
B20 3AG,E01034918,E05011121,Birmingham,E01034918
B23 5EJ,E01009404,E05011161,Birmingham,E01009404
B12 8XE,E01009367,E05011170,Birmingham,E01009367
B45 0DL,E01009157,E05011136,Birmingham,E01009157
B16 9EX,E01009140,E05011151,Birmingham,E01009140
B34 7SB,E01009297,E05011165,Birmingham,E01009297
B20 2BT,E01009355,E05011142,Birmingham,E01009355
B29 7NW,E01009283,E05011128,Birmingham,E01009283
B29 6NL,E01009295,E05011184,Birmingham,E01009295
B14 4BG,E01008939,E05011146,Birmingham,E01008939
B25 8TA,E01008897,E05011186,Birmingham,E01008897
B29 7JG,E01009288,E05011128,Birmingham,E01009288
B26 1NB,E01009313,E05011166,Birmingham,E01009313
B28 9PW,E01009033,E05011140,Birmingham,E01009033
B27 6LX,E01008893,E05011118,Birmingham,E01008893
B19 1EA,E01008907,E05011153,Birmingham,E01008907
B29 5RY,E01009064,E05011184,Birmingham,E01009064
B14 5RD,E01008978,E05011133,Birmingham,E01008978
B44 0TS,E01009131,E05011150,Birmingham,E01009131
B25 8RT,E01008896,E05011186,Birmingham,E01008896
B29 6RE,E01009294,E05011184,Birmingham,E01009294
B20 3RW,E01009048,E05011125,Birmingham,E01009048
B10 0PR,E01009379,E05011127,Birmingham,E01009379
B30 3RT,E01008975,E05011133,Birmingham,E01008975
B7 5PS,E01009201,E05011155,Birmingham,E01009201
B33 9PE,E01009311,E05011138,Birmingham,E01009311
B14 5YL,E01008979,E05011133,Birmingham,E01008979
B29 4LA,E01009506,E05011184,Birmingham,E01009506
B24 9EW,E01034916,E05011135,Birmingham,E01034916
B38 8JY,E01009112,E05011148,Birmingham,E01009112
B32 4HL,E01008923,E05011123,Birmingham,E01008923
B7 4JJ,E01034927,E05011155,Birmingham,E01034927
B28 0RL,E01009039,E05011141,Birmingham,E01009039
B12 9TP,E01009374,E05011122,Birmingham,E01009374
B76 1FT,E01009454,E05011176,Birmingham,E01009454
B38 9HY,E01009109,E05011149,Birmingham,E01009109
B20 1JN,E01009279,E05011143,Birmingham,E01009279
B73 5LW,E01009460,E05011179,Birmingham,E01009460
B74 4TS,E01009422,E05011174,Birmingham,E01009422
B76 9QF,E01009450,E05011180,Birmingham,E01009450
B13 0DB,E01008933,E05011124,Birmingham,E01008933
B44 0DB,E01009134,E05011150,Birmingham,E01009134
B76 2TF,E01009434,E05011180,Birmingham,E01009434
B44 9UT,E01009225,E05011159,Birmingham,E01009225
B27 7DH,E01009019,E05011118,Birmingham,E01009019
B45 9LE,E01009164,E05011164,Birmingham,E01009164
B31 5LN,E01009207,E05011119,Birmingham,E01009207
B14 5TJ,E01008980,E05011133,Birmingham,E01008980
B74 2TN,E01009425,E05011174,Birmingham,E01009425
B38 9RW,E01009113,E05011149,Birmingham,E01009113
B10 9QF,E01009332,E05011127,Birmingham,E01009332
B33 0PB,E01009303,E05011138,Birmingham,E01009303
B16 0NF,E01009145,E05011157,Birmingham,E01009145
B30 2XN,E01009296,E05011128,Birmingham,E01009296
B44 8AE,E01009227,E05011150,Birmingham,E01009227
B21 8JR,E01009272,E05011143,Birmingham,E01009272
B13 0BB,E01008933,E05011124,Birmingham,E01008933
B29 5BJ,E01009504,E05011184,Birmingham,E01009504
B16 9DY,E01008987,E05011151,Birmingham,E01008987
B45 8SA,E01034945,E05011164,Birmingham,E01034945
B26 1JY,E01008888,E05011169,Birmingham,E01008888
B75 6TE,E01009431,E05011175,Birmingham,E01009431
B28 8LD,E01009030,E05011140,Birmingham,E01009030
B23 7BG,E01009408,E05011173,Birmingham,E01009408
B17 0QL,E01009077,E05011144,Birmingham,E01009077
B25 8HT,E01008884,E05011182,Birmingham,E01008884
B76 1AG,E01009454,E05011176,Birmingham,E01009454
B1 3JG,E01033565,E05011168,Birmingham,E01033565
B24 0PY,E01009105,E05011162,Birmingham,E01009105
B76 1LD,E01009454,E05011176,Birmingham,E01009454
B33 8TN,E01009513,E05011186,Birmingham,E01009513
B14 4JH,E01008944,E05011124,Birmingham,E01008944
B11 1JJ,E01009365,E05011170,Birmingham,E01009365
B73 6NB,E01009468,E05011179,Birmingham,E01009468
B25 8PF,E01008890,E05011169,Birmingham,E01008890
B34 6NY,E01009305,E05011131,Birmingham,E01009305
B38 8DY,E01009108,E05011148,Birmingham,E01009108
B75 7DB,E01009445,E05011176,Birmingham,E01009445
B8 1SH,E01009483,E05011120,Birmingham,E01009483
B14 4TE,E01008949,E05011146,Birmingham,E01008949
B32 1BH,E01009250,E05011163,Birmingham,E01009250
B20 2DJ,E01009263,E05011143,Birmingham,E01009263
B32 2AR,E01009254,E05011163,Birmingham,E01009254
B72 1HX,E01009437,E05011178,Birmingham,E01009437
B42 2BD,E01009243,E05011159,Birmingham,E01009243
B24 0RG,E01009100,E05011162,Birmingham,E01009100
B34 6DU,E01009089,E05011131,Birmingham,E01009089
B9 5QQ,E01009343,E05011127,Birmingham,E01009343
B28 0JU,E01009036,E05011141,Birmingham,E01009036
B19 1HJ,E01009047,E05011153,Birmingham,E01009047
B75 5NJ,E01009420,E05011177,Birmingham,E01009420
B25 8EJ,E01008887,E05011169,Birmingham,E01008887
B34 6TZ,E01009309,E05011165,Birmingham,E01009309
B23 5SS,E01009006,E05011135,Birmingham,E01009006
B8 3BN,E01009195,E05011120,Birmingham,E01009195
B8 2AJ,E01009490,E05011138,Birmingham,E01009490
B27 7TT,E01009029,E05011182,Birmingham,E01009029
B30 2EA,E01008951,E05011129,Birmingham,E01008951
B14 6DS,E01008971,E05011130,Birmingham,E01008971
B31 5DA,E01009172,E05011158,Birmingham,E01009172
B73 5SS,E01009456,E05011179,Birmingham,E01009456
B19 2JJ,E01034925,E05011153,Birmingham,E01034925
B44 9RP,E01009221,E05011150,Birmingham,E01009221
B24 8HS,E01008998,E05011139,Birmingham,E01008998
B32 2QT,E01009256,E05011163,Birmingham,E01009256
B23 6JG,E01009406,E05011173,Birmingham,E01009406
B76 1BY,E01009436,E05011180,Birmingham,E01009436
B21 9LB,E01009350,E05011142,Birmingham,E01009350
B11 3PB,E01009028,E05011182,Birmingham,E01009028
B28 8AR,E01009045,E05011140,Birmingham,E01009045
B29 5XG,E01009500,E05011184,Birmingham,E01009500
B23 7LN,E01009412,E05011173,Birmingham,E01009412
B31 1TE,E01009498,E05011119,Birmingham,E01009498
B33 0RX,E01009322,E05011137,Birmingham,E01009322
B28 0BG,E01009031,E05011140,Birmingham,E01009031
B1 3AW,E01034951,E05011168,Birmingham,E01034951
B18 5DX,E01009360,E05011168,Birmingham,E01009360
B23 5DX,E01009404,E05011161,Birmingham,E01009404
B33 9DR,E01009092,E05011138,Birmingham,E01009092
B17 0AS,E01009071,E05011144,Birmingham,E01009071
B23 6JX,E01009405,E05011173,Birmingham,E01009405
B11 3BL,E01034955,E05011140,Birmingham,E01034955
B75 6EW,E01009444,E05011177,Birmingham,E01009444
B24 0JT,E01009011,E05011162,Birmingham,E01009011
B26 1EJ,E01008891,E05011169,Birmingham,E01008891
B30 1TQ,E01009281,E05011129,Birmingham,E01009281
B45 9RH,E01009160,E05011164,Birmingham,E01009160
B28 0XN,E01008944,E05011124,Birmingham,E01008944
B23 7QE,E01009414,E05011173,Birmingham,E01009414
B27 7DR,E01009015,E05011118,Birmingham,E01009015
B28 9ND,E01009033,E05011140,Birmingham,E01009033
B73 5LD,E01009456,E05011179,Birmingham,E01009456
B31 5HB,E01009158,E05011136,Birmingham,E01009158
B75 6NJ,E01009426,E05011177,Birmingham,E01009426
B75 5AA,E01009431,E05011175,Birmingham,E01009431
B10 0JL,E01009337,E05011167,Birmingham,E01009337
B10 9BJ,E01009325,E05011167,Birmingham,E01009325
B27 7AY,E01009021,E05011118,Birmingham,E01009021
B72 1XZ,E01009463,E05011181,Birmingham,E01009463
B31 5HH,E01009162,E05011158,Birmingham,E01009162
B27 6AA,E01008894,E05011118,Birmingham,E01008894
B28 9BG,E01009032,E05011140,Birmingham,E01009032
B8 3EH,E01009488,E05011120,Birmingham,E01009488
B18 4LS,E01009361,E05011168,Birmingham,E01009361
B28 8RX,E01009033,E05011140,Birmingham,E01009033
B38 9BG,E01009107,E05011149,Birmingham,E01009107
B14 4QG,E01008946,E05011146,Birmingham,E01008946
B31 1PG,E01009497,E05011119,Birmingham,E01009497
B13 9EY,E01009187,E05011154,Birmingham,E01009187
B24 8HT,E01008998,E05011139,Birmingham,E01008998
B32 3AD,E01008919,E05011123,Birmingham,E01008919
B23 7TT,E01009125,E05011173,Birmingham,E01009125
B30 2BJ,E01008955,E05011172,Birmingham,E01008955
B21 9PU,E01009266,E05011147,Birmingham,E01009266
B31 1RN,E01009499,E05011119,Birmingham,E01009499
B31 2FL,E01009493,E05011184,Birmingham,E01009493
B19 2ER,E01008909,E05011156,Birmingham,E01008909
B11 1PP,E01009372,E05011170,Birmingham,E01009372
B29 5HD,E01009294,E05011184,Birmingham,E01009294
B21 0QH,E01009354,E05011168,Birmingham,E01009354
B18 4QU,E01009359,E05011168,Birmingham,E01009359
B35 6PF,E01009106,E05011132,Birmingham,E01009106
B17 9SA,E01009068,E05011144,Birmingham,E01009068
B8 3RL,E01009477,E05011138,Birmingham,E01009477
B27 6ST,E01008895,E05011118,Birmingham,E01008895
B44 9QL,E01009222,E05011159,Birmingham,E01009222
B12 8BN,E01033648,E05011170,Birmingham,E01033648
B7 5NY,E01009202,E05011155,Birmingham,E01009202
B18 4EU,E01009345,E05011157,Birmingham,E01009345
B76 1XS,E01009443,E05011180,Birmingham,E01009443
B21 0JP,E01009354,E05011147,Birmingham,E01009354
B7 5DG,E01009201,E05011155,Birmingham,E01009201
B31 2BU,E01008958,E05011158,Birmingham,E01008958
B29 7ST,E01009282,E05011128,Birmingham,E01009282
B35 7FE,E01009097,E05011132,Birmingham,E01009097
B31 4QF,E01009170,E05011152,Birmingham,E01009170
B1 3LQ,E01033565,E05011168,Birmingham,E01033565
B13 0BH,E01009046,E05011124,Birmingham,E01009046
B12 0LD,E01009200,E05011126,Birmingham,E01009200
B29 4BN,E01009294,E05011184,Birmingham,E01009294
B13 9RX,E01009187,E05011154,Birmingham,E01009187
B13 8BH,E01009384,E05011154,Birmingham,E01009384
B31 3PZ,E01009217,E05011152,Birmingham,E01009217
B75 6RP,E01009429,E05011177,Birmingham,E01009429
B44 9JD,E01009221,E05011159,Birmingham,E01009221
B6 5NY,E01034923,E05011121,Birmingham,E01034923
B17 0SN,E01009071,E05011144,Birmingham,E01009071
B38 8RD,E01009108,E05011149,Birmingham,E01009108
B10 0DP,E01009363,E05011127,Birmingham,E01009363
B21 9QX,E01009273,E05011147,Birmingham,E01009273
B31 3QG,E01009217,E05011152,Birmingham,E01009217
B29 6TG,E01009078,E05011184,Birmingham,E01009078
B26 2NU,E01009312,E05011166,Birmingham,E01009312
B14 4PR,E01008949,E05011146,Birmingham,E01008949
B75 6SZ,E01009427,E05011175,Birmingham,E01009427
B21 8NT,E01009274,E05011147,Birmingham,E01009274
B14 7EY,E01009175,E05011130,Birmingham,E01009175
B20 2ED,E01009049,E05011143,Birmingham,E01009049
B75 7TJ,E01009432,E05011178,Birmingham,E01009432
B38 8NJ,E01009111,E05011148,Birmingham,E01009111
B31 5DT,E01009208,E05011158,Birmingham,E01009208
B26 2SL,E01009323,E05011137,Birmingham,E01009323
B73 6DS,E01009449,E05011178,Birmingham,E01009449
B8 3AL,E01034931,E05011120,Birmingham,E01034931
B26 3RG,E01009318,E05011166,Birmingham,E01009318
B36 8QU,E01009081,E05011131,Birmingham,E01009081
B28 0SX,E01008944,E05011124,Birmingham,E01008944
B33 8JL,E01009514,E05011137,Birmingham,E01009514
B75 7HL,E01009446,E05011177,Birmingham,E01009446
B44 0JY,E01009129,E05011150,Birmingham,E01009129
B19 2HZ,E01008909,E05011156,Birmingham,E01008909
B31 3BT,E01009117,E05011148,Birmingham,E01009117
B3 1BP,E01033622,E05011168,Birmingham,E01033622
B31 3SY,E01009215,E05011152,Birmingham,E01009215
B34 6TT,E01009309,E05011165,Birmingham,E01009309
B76 2BL,E01009436,E05011180,Birmingham,E01009436
B31 4TN,E01009170,E05011152,Birmingham,E01009170
B29 7AB,E01009289,E05011128,Birmingham,E01009289
B38 9JY,E01009113,E05011149,Birmingham,E01009113
B35 6NP,E01009106,E05011132,Birmingham,E01009106
B18 7BJ,E01009348,E05011168,Birmingham,E01009348
B12 8JY,E01009399,E05011170,Birmingham,E01009399
B30 3RU,E01008972,E05011133,Birmingham,E01008972
B23 5TA,E01009001,E05011179,Birmingham,E01009001
B33 9JD,E01009093,E05011138,Birmingham,E01009093
B23 7PH,E01009414,E05011139,Birmingham,E01009414
B27 7PH,E01009019,E05011118,Birmingham,E01009019
B24 8QU,E01008999,E05011139,Birmingham,E01008999
B75 7PD,E01009447,E05011176,Birmingham,E01009447
B23 6UR,E01009409,E05011139,Birmingham,E01009409
B13 9XZ,E01009394,E05011154,Birmingham,E01009394
B15 2GA,E01008995,E05011134,Birmingham,E01008995
B73 5QS,E01009466,E05011179,Birmingham,E01009466
B32 3NJ,E01033629,E05011123,Birmingham,E01033629
B24 0JW,E01009011,E05011162,Birmingham,E01009011
B17 9LX,E01009068,E05011144,Birmingham,E01009068
B14 6QD,E01008972,E05011130,Birmingham,E01008972
B75 5BB,E01009425,E05011175,Birmingham,E01009425
B23 5GU,E01034914,E05011161,Birmingham,E01034914
B28 0XP,E01008944,E05011124,Birmingham,E01008944
B75 7PZ,E01009448,E05011176,Birmingham,E01009448
B32 2JG,E01009072,E05011144,Birmingham,E01009072
B31 5SF,E01008930,E05011123,Birmingham,E01008930
B73 5SN,E01009468,E05011179,Birmingham,E01009468
B38 9SF,E01009114,E05011149,Birmingham,E01009114
B17 9HT,E01009066,E05011144,Birmingham,E01009066
B26 3BJ,E01009316,E05011166,Birmingham,E01009316
B31 3DL,E01009211,E05011152,Birmingham,E01009211
B44 8RR,E01009229,E05011159,Birmingham,E01009229
B12 9PH,E01009182,E05011122,Birmingham,E01009182
B24 0DU,E01009009,E05011135,Birmingham,E01009009
B30 3AE,E01008953,E05011172,Birmingham,E01008953
B13 9TY,E01009188,E05011154,Birmingham,E01009188
B29 5HX,E01009291,E05011184,Birmingham,E01009291
B29 4EN,E01009494,E05011184,Birmingham,E01009494
B73 6BW,E01009430,E05011178,Birmingham,E01009430
B6 5EL,E01034924,E05011121,Birmingham,E01034924
B13 9YD,E01009176,E05011154,Birmingham,E01009176
B28 0TF,E01008940,E05011124,Birmingham,E01008940
B27 7SU,E01009016,E05011182,Birmingham,E01009016
B21 0DD,E01009351,E05011147,Birmingham,E01009351
B44 9BB,E01009220,E05011159,Birmingham,E01009220
B73 5PL,E01009468,E05011179,Birmingham,E01009468
B19 1QR,E01008905,E05011153,Birmingham,E01008905
B36 8NP,E01009083,E05011131,Birmingham,E01009083
B9 4TD,E01034935,E05011126,Birmingham,E01034935
B19 1PS,E01008907,E05011153,Birmingham,E01008907
B45 9FF,E01009159,E05011136,Birmingham,E01009159
B24 9LS,E01009011,E05011162,Birmingham,E01009011
B24 0RP,E01009100,E05011162,Birmingham,E01009100
B45 9WB,E01009159,E05011136,Birmingham,E01009159
B17 8AR,E01009260,E05011163,Birmingham,E01009260
B21 0HB,E01009351,E05011147,Birmingham,E01009351
B31 1LQ,E01009497,E05011119,Birmingham,E01009497
B28 8EF,E01009046,E05011140,Birmingham,E01009046
B31 4BP,E01009213,E05011152,Birmingham,E01009213
B15 3PW,E01008991,E05011134,Birmingham,E01008991
B44 8QR,E01009231,E05011150,Birmingham,E01009231
B28 0ST,E01008944,E05011124,Birmingham,E01008944
B14 4BJ,E01008945,E05011146,Birmingham,E01008945
B13 8LE,E01009183,E05011154,Birmingham,E01009183
B13 8DL,E01009184,E05011154,Birmingham,E01009184
B73 6DF,E01009430,E05011178,Birmingham,E01009430
B45 0LB,E01009174,E05011136,Birmingham,E01009174
B30 2RG,E01008965,E05011172,Birmingham,E01008965
B31 4SX,E01009170,E05011152,Birmingham,E01009170
B11 1NX,E01033650,E05011170,Birmingham,E01033650
B42 1PU,E01009238,E05011160,Birmingham,E01009238
B44 8ES,E01009230,E05011150,Birmingham,E01009230
B14 6HR,E01008966,E05011130,Birmingham,E01008966
B18 4EJ,E01009345,E05011157,Birmingham,E01009345
B29 7SU,E01009282,E05011128,Birmingham,E01009282
B21 8JG,E01009272,E05011143,Birmingham,E01009272
B32 4EP,E01008923,E05011123,Birmingham,E01008923
B17 8AT,E01009260,E05011163,Birmingham,E01009260
B6 5HL,E01034924,E05011121,Birmingham,E01034924
B31 4NH,E01034945,E05011152,Birmingham,E01034945
B17 0DH,E01009068,E05011144,Birmingham,E01009068
B42 2SQ,E01009248,E05011159,Birmingham,E01009248
B33 9PL,E01009298,E05011138,Birmingham,E01009298
B25 8LQ,E01008886,E05011169,Birmingham,E01008886
B20 3EU,E01009054,E05011121,Birmingham,E01009054
B13 0NW,E01008938,E05011124,Birmingham,E01008938
B10 9RJ,E01009332,E05011127,Birmingham,E01009332
B29 7NJ,E01009283,E05011128,Birmingham,E01009283
B31 3BL,E01009117,E05011148,Birmingham,E01009117
B26 2TQ,E01009323,E05011137,Birmingham,E01009323
B24 8AX,E01009000,E05011139,Birmingham,E01009000
B33 9JS,E01009092,E05011138,Birmingham,E01009092
B31 4RW,E01009215,E05011152,Birmingham,E01009215
B9 5QF,E01009343,E05011127,Birmingham,E01009343
B45 9TX,E01009165,E05011164,Birmingham,E01009165
B28 8HG,E01009046,E05011140,Birmingham,E01009046
B11 1XG,E01009367,E05011170,Birmingham,E01009367
B10 0EQ,E01009338,E05011167,Birmingham,E01009338
B34 7NS,E01009308,E05011165,Birmingham,E01009308
B29 7NN,E01009283,E05011128,Birmingham,E01009283
B34 6LS,E01009305,E05011131,Birmingham,E01009305
B30 3NU,E01009119,E05011148,Birmingham,E01009119
B45 9PT,E01009167,E05011164,Birmingham,E01009167
B32 4BS,E01033629,E05011123,Birmingham,E01033629
B20 3NS,E01034917,E05011125,Birmingham,E01034917
B9 5UY,E01009477,E05011145,Birmingham,E01009477
B28 8QY,E01009024,E05011118,Birmingham,E01009024
B35 6QX,E01009099,E05011132,Birmingham,E01009099
B35 7NE,E01009097,E05011132,Birmingham,E01009097
B1 2SN,E01033565,E05011151,Birmingham,E01033565
B20 3EA,E01009058,E05011121,Birmingham,E01009058
B7 4LH,E01033561,E05011155,Birmingham,E01033561
B24 0EB,E01009003,E05011135,Birmingham,E01009003
B13 9HQ,E01009390,E05011154,Birmingham,E01009390
B33 9SD,E01009300,E05011138,Birmingham,E01009300
B12 8PJ,E01009397,E05011170,Birmingham,E01009397
B29 7JW,E01009288,E05011128,Birmingham,E01009288
B24 8JF,E01008999,E05011139,Birmingham,E01008999
B26 3JE,E01009315,E05011166,Birmingham,E01009315
B10 0TN,E01009380,E05011127,Birmingham,E01009380
B14 7BU,E01009178,E05011130,Birmingham,E01009178
B44 8BB,E01009232,E05011150,Birmingham,E01009232
B8 3LP,E01009488,E05011120,Birmingham,E01009488
B14 7TA,E01009177,E05011130,Birmingham,E01009177
B6 6JX,E01034920,E05011121,Birmingham,E01034920
B44 0UJ,E01009128,E05011150,Birmingham,E01009128
B14 4JX,E01008939,E05011146,Birmingham,E01008939
B13 0TQ,E01008932,E05011124,Birmingham,E01008932
B42 1JL,E01009235,E05011160,Birmingham,E01009235
B14 4HL,E01008940,E05011124,Birmingham,E01008940
B75 6UQ,E01009428,E05011178,Birmingham,E01009428
B73 6XA,E01009465,E05011179,Birmingham,E01009465
B33 9BY,E01009092,E05011138,Birmingham,E01009092
B13 9HF,E01009390,E05011154,Birmingham,E01009390
B36 8QF,E01009079,E05011131,Birmingham,E01009079
B29 7LH,E01009288,E05011128,Birmingham,E01009288
B24 0JP,E01009009,E05011162,Birmingham,E01009009
B14 4QF,E01008946,E05011146,Birmingham,E01008946
B33 0EE,E01009299,E05011138,Birmingham,E01009299
B30 1PN,E01008951,E05011129,Birmingham,E01008951
B9 5UH,E01009475,E05011145,Birmingham,E01009475
B74 4NW,E01009422,E05011174,Birmingham,E01009422
B10 0BL,E01009379,E05011127,Birmingham,E01009379
B31 2HY,E01009205,E05011158,Birmingham,E01009205
B44 0SJ,E01009129,E05011150,Birmingham,E01009129
B6 6QU,E01008916,E05011121,Birmingham,E01008916
B73 5ST,E01009456,E05011179,Birmingham,E01009456
B27 7BL,E01009015,E05011118,Birmingham,E01009015
B10 0TA,E01009380,E05011127,Birmingham,E01009380
B32 3LE,E01033629,E05011123,Birmingham,E01033629
B26 2RS,E01009314,E05011166,Birmingham,E01009314
B36 8AJ,E01009084,E05011131,Birmingham,E01009084
B75 5LR,E01009416,E05011177,Birmingham,E01009416
B72 1EF,E01009457,E05011181,Birmingham,E01009457
B27 6JU,E01008890,E05011118,Birmingham,E01008890
B75 6UG,E01009428,E05011178,Birmingham,E01009428
B14 5TF,,,,
B23 7YY,E01009411,E05011173,Birmingham,E01009411
B20 1LS,E01032591,E05011143,Birmingham,E01032591
B24 9AQ,E01009013,E05011135,Birmingham,E01009013
B28 8SL,E01009043,E05011140,Birmingham,E01009043
B34 7AB,E01009306,E05011165,Birmingham,E01009306
B32 3DT,E01008918,E05011123,Birmingham,E01008918
B23 7LG,E01009412,E05011173,Birmingham,E01009412
B29 6QJ,E01009292,E05011184,Birmingham,E01009292
B12 0YT,E01009362,E05011126,Birmingham,E01009362
B45 0LG,E01009161,E05011136,Birmingham,E01009161
B31 1BP,E01008929,E05011123,Birmingham,E01008929
B30 2XF,E01008964,E05011172,Birmingham,E01008964
B35 7EQ,E01009101,E05011132,Birmingham,E01009101
B75 6HD,E01009444,E05011177,Birmingham,E01009444
B76 1YQ,E01009438,E05011180,Birmingham,E01009438
B74 4HH,E01009421,E05011174,Birmingham,E01009421
B31 5QD,E01009173,E05011119,Birmingham,E01009173
B19 2UB,E01008909,E05011156,Birmingham,E01008909
B23 5RA,E01009001,E05011135,Birmingham,E01009001
B31 2XR,E01008958,E05011129,Birmingham,E01008958
B20 1NA,E01032591,E05011143,Birmingham,E01032591
B23 7JX,E01009412,E05011173,Birmingham,E01009412
B44 8JY,E01009229,E05011150,Birmingham,E01009229
B13 9JN,E01009185,E05011154,Birmingham,E01009185
B73 5AD,E01009473,E05011179,Birmingham,E01009473
B20 2RP,E01009056,E05011125,Birmingham,E01009056
B23 5SG,E01009006,E05011135,Birmingham,E01009006
B44 8JB,E01009229,E05011159,Birmingham,E01009229
B28 0DG,E01009037,E05011141,Birmingham,E01009037
B75 6LR,E01009429,E05011177,Birmingham,E01009429
B28 0RF,E01009039,E05011141,Birmingham,E01009039
B29 6GP,E01009284,E05011129,Birmingham,E01009284
B44 0BA,E01009122,E05011150,Birmingham,E01009122
B14 7LN,E01008981,E05011130,Birmingham,E01008981
B75 7PA,E01009446,E05011176,Birmingham,E01009446
B26 2UR,E01009312,E05011166,Birmingham,E01009312
B76 2QF,E01009436,E05011180,Birmingham,E01009436
B26 2QN,E01009323,E05011166,Birmingham,E01009323
B9 5XT,E01009342,E05011145,Birmingham,E01009342
B76 1HN,E01009442,E05011180,Birmingham,E01009442
B33 0AG,E01009299,E05011138,Birmingham,E01009299
B32 2SJ,E01009255,E05011163,Birmingham,E01009255
B74 2NL,E01009430,E05011174,Birmingham,E01009430
B5 7FH,E01034947,E05011126,Birmingham,E01034947
B45 9SF,E01009160,E05011164,Birmingham,E01009160
B33 8HJ,E01009511,E05011137,Birmingham,E01009511
B14 4HY,E01008940,E05011124,Birmingham,E01008940
B76 1EX,E01009442,E05011180,Birmingham,E01009442
B31 1NY,E01009495,E05011119,Birmingham,E01009495
B16 9NE,E01008989,E05011157,Birmingham,E01008989
B6 5DL,E01034926,E05011156,Birmingham,E01034926
B72 1YY,E01009461,E05011181,Birmingham,E01009461
B75 5PB,E01009416,E05011177,Birmingham,E01009416
B76 1ER,E01009439,E05011180,Birmingham,E01009439
B28 9BQ,E01009031,E05011140,Birmingham,E01009031
B14 4DZ,E01008937,E05011124,Birmingham,E01008937
B16 9NB,E01008989,E05011134,Birmingham,E01008989
B14 5RP,E01008978,E05011133,Birmingham,E01008978
B17 8QB,E01009066,E05011144,Birmingham,E01009066
B8 1RB,E01009483,E05011120,Birmingham,E01009483
B30 1LT,E01008950,E05011129,Birmingham,E01008950
B76 1WG,E01009461,E05011181,Birmingham,E01009461
B6 6QT,E01008916,E05011121,Birmingham,E01008916
B32 4DY,E01008927,E05011123,Birmingham,E01008927
B73 5RY,E01009458,E05011179,Birmingham,E01009458
B8 1RR,E01009483,E05011120,Birmingham,E01009483
B14 5XU,E01008979,E05011133,Birmingham,E01008979
B74 4BZ,E01009425,E05011175,Birmingham,E01009425
B31 1HN,E01009496,E05011119,Birmingham,E01009496
B21 8PG,E01009268,E05011143,Birmingham,E01009268
B28 9QR,E01009032,E05011140,Birmingham,E01009032
B33 8EP,E01009511,E05011137,Birmingham,E01009511
B28 9PD,E01009033,E05011140,Birmingham,E01009033
B44 9UD,E01009226,E05011159,Birmingham,E01009226
B33 0TT,E01009322,E05011137,Birmingham,E01009322
B17 9TR,E01009070,E05011144,Birmingham,E01009070
B14 4SN,E01008942,E05011146,Birmingham,E01008942
B23 5XD,E01009135,E05011161,Birmingham,E01009135
B76 1HL,E01009442,E05011180,Birmingham,E01009442
B13 9JW,E01009176,E05011154,Birmingham,E01009176
B33 0TU,E01009322,E05011137,Birmingham,E01009322
B29 7AW,E01034941,E05011128,Birmingham,E01034941
B11 2EB,E01008889,E05011182,Birmingham,E01008889
B8 1QS,E01009483,E05011120,Birmingham,E01009483
B29 7RW,E01009293,E05011128,Birmingham,E01009293
B24 0SJ,E01009100,E05011162,Birmingham,E01009100
B13 8ES,E01009184,E05011154,Birmingham,E01009184
B14 6RR,E01008972,E05011130,Birmingham,E01008972
B45 9SA,E01009160,E05011164,Birmingham,E01009160
B14 6QE,E01008973,E05011130,Birmingham,E01008973
B11 4AT,E01009391,E05011171,Birmingham,E01009391
B23 7JR,E01009412,E05011173,Birmingham,E01009412
B23 5YE,E01009135,E05011161,Birmingham,E01009135
B14 7JB,E01009179,E05011130,Birmingham,E01009179
B20 1BP,E01009278,E05011143,Birmingham,E01009278
B16 0HY,E01009152,E05011157,Birmingham,E01009152
B45 9QB,E01009167,E05011164,Birmingham,E01009167
B6 7UA,E01008899,E05011155,Birmingham,E01008899
B12 8UF,E01009367,E05011170,Birmingham,E01009367
B31 4QX,E01009168,E05011152,Birmingham,E01009168
B13 0BN,E01008933,E05011124,Birmingham,E01008933
B20 2JP,E01009264,E05011143,Birmingham,E01009264
B31 1UQ,E01008930,E05011123,Birmingham,E01008930
B14 4LU,E01008945,E05011146,Birmingham,E01008945
B23 7NQ,E01009413,E05011173,Birmingham,E01009413
B17 0RJ,E01009077,E05011144,Birmingham,E01009077
B15 2LT,E01008994,E05011134,Birmingham,E01008994
B44 8TG,E01009228,E05011159,Birmingham,E01009228
B33 8JT,E01009511,E05011137,Birmingham,E01009511
B16 9DJ,E01008988,E05011157,Birmingham,E01008988
B13 9AD,E01009385,E05011154,Birmingham,E01009385
B32 4LA,E01008923,E05011123,Birmingham,E01008923
B33 0EW,E01009297,E05011138,Birmingham,E01009297
B74 4PA,E01009419,E05011174,Birmingham,E01009419
B42 1RF,E01009242,E05011160,Birmingham,E01009242
B38 8AS,E01009117,E05011148,Birmingham,E01009117
B23 5FG,E01034913,E05011161,Birmingham,E01034913
B15 2FJ,E01033567,E05011151,Birmingham,E01033567
B75 6RR,E01009429,E05011177,Birmingham,E01009429
B76 1RW,E01009438,E05011180,Birmingham,E01009438
B24 9HA,E01034916,E05011135,Birmingham,E01034916
B8 3BQ,E01034931,E05011120,Birmingham,E01034931
B23 7XB,E01009124,E05011173,Birmingham,E01009124
B20 3AE,E01034918,E05011121,Birmingham,E01034918
B14 7NR,E01008965,E05011130,Birmingham,E01008965
B12 8DD,E01009399,E05011170,Birmingham,E01009399
B38 9UJ,E01009114,E05011149,Birmingham,E01009114
B75 6TL,E01009431,E05011175,Birmingham,E01009431
B76 2PP,E01009435,E05011180,Birmingham,E01009435
B73 6LD,E01009468,E05011179,Birmingham,E01009468
B31 1HB,E01009495,E05011123,Birmingham,E01009495
B32 1JU,E01009257,E05011163,Birmingham,E01009257
B20 2AR,E01009262,E05011143,Birmingham,E01009262
B74 4DY,E01009419,E05011175,Birmingham,E01009419
B21 9AQ,E01009270,E05011142,Birmingham,E01009270
B7 5PA,E01009202,E05011155,Birmingham,E01009202
B73 6JU,E01009469,E05011179,Birmingham,E01009469
B31 1RH,E01009499,E05011119,Birmingham,E01009499
B26 2PX,E01009323,E05011166,Birmingham,E01009323
B30 2HY,E01008955,E05011172,Birmingham,E01008955
B74 4JA,E01009417,E05011174,Birmingham,E01009417
B14 5QY,E01008978,E05011133,Birmingham,E01008978
B26 2AA,E01009518,E05011185,Birmingham,E01009518
B25 8DR,E01008884,E05011182,Birmingham,E01008884
B20 3JH,E01009051,E05011125,Birmingham,E01009051
B10 9AZ,E01033642,E05011167,Birmingham,E01033642
B1 1SF,E01033557,E05011151,Birmingham,E01033557
B29 7NX,E01009283,E05011128,Birmingham,E01009283
B31 4RT,E01009168,E05011152,Birmingham,E01009168
B42 1LQ,E01009237,E05011160,Birmingham,E01009237
B14 6DP,E01008971,E05011130,Birmingham,E01008971
B8 2LD,E01009487,E05011183,Birmingham,E01009487
B29 6NB,E01009295,E05011129,Birmingham,E01009295
B73 6SG,E01009467,E05011179,Birmingham,E01009467
B21 0HZ,E01009349,E05011147,Birmingham,E01009349
B27 7TH,E01009029,E05011118,Birmingham,E01009029
B36 8EQ,E01009085,E05011131,Birmingham,E01009085
B42 1EZ,E01009237,E05011160,Birmingham,E01009237
B31 1LX,E01009497,E05011119,Birmingham,E01009497
B44 8EQ,E01009231,E05011150,Birmingham,E01009231
B31 4JD,E01009213,E05011152,Birmingham,E01009213
B12 0AD,E01034947,E05011126,Birmingham,E01034947
B10 9RE,E01009334,E05011167,Birmingham,E01009334
B6 7PU,E01008899,E05011155,Birmingham,E01008899
B74 2XA,E01009425,E05011175,Birmingham,E01009425
B26 3FQ,E01009316,E05011166,Birmingham,E01009316
B38 8RA,E01009107,E05011149,Birmingham,E01009107
B8 3TH,E01009192,E05011120,Birmingham,E01009192
B20 3BS,E01034918,E05011121,Birmingham,E01034918
B31 2UD,E01009158,E05011158,Birmingham,E01009158
B31 5LX,E01009172,E05011119,Birmingham,E01009172
B20 2QD,E01009265,E05011142,Birmingham,E01009265
B33 0XJ,E01009512,E05011137,Birmingham,E01009512
B21 0UX,E01009355,E05011168,Birmingham,E01009355
B74 4TD,E01009421,E05011174,Birmingham,E01009421
B35 7JP,E01009097,E05011132,Birmingham,E01009097
B1 3RL,E01033565,E05011151,Birmingham,E01033565
B25 8AU,E01008883,E05011182,Birmingham,E01008883
B31 4HL,E01009209,E05011152,Birmingham,E01009209
B5 7NE,E01008995,E05011122,Birmingham,E01008995
B10 0TP,E01009380,E05011127,Birmingham,E01009380
B26 2DT,E01009516,E05011185,Birmingham,E01009516
B44 0JG,E01009133,E05011150,Birmingham,E01009133
B10 0EP,E01009338,E05011167,Birmingham,E01009338
B26 2LB,E01009520,E05011185,Birmingham,E01009520
B75 6EP,E01009444,E05011177,Birmingham,E01009444
B27 6BB,E01008889,E05011118,Birmingham,E01008889
B6 7AJ,E01008915,E05011121,Birmingham,E01008915
B14 7JN,E01009178,E05011130,Birmingham,E01009178
B28 0TU,E01009042,E05011141,Birmingham,E01009042
B31 1EF,E01009505,E05011123,Birmingham,E01009505
B29 4HU,E01009494,E05011184,Birmingham,E01009494
B8 3JA,E01009488,E05011120,Birmingham,E01009488
B42 2JJ,E01009243,E05011159,Birmingham,E01009243
B13 9JA,E01009390,E05011154,Birmingham,E01009390
B21 8PP,E01009273,E05011147,Birmingham,E01009273
B42 1QT,E01009240,E05011160,Birmingham,E01009240
B45 9BG,E01009158,E05011158,Birmingham,E01009158
B19 1JX,E01009062,E05011153,Birmingham,E01009062
B30 1PY,E01008950,E05011129,Birmingham,E01008950
B21 8JJ,E01009268,E05011143,Birmingham,E01009268
B28 9AA,E01009031,E05011140,Birmingham,E01009031
B44 0AS,E01009132,E05011161,Birmingham,E01009132
B34 7RP,E01009304,E05011165,Birmingham,E01009304
B75 6DH,E01009428,E05011178,Birmingham,E01009428
B23 5JY,E01009458,E05011135,Birmingham,E01009458
B17 0TA,E01009071,E05011144,Birmingham,E01009071
B25 8SR,E01008897,E05011186,Birmingham,E01008897
B5 6QN,E01033640,E05011126,Birmingham,E01033640
B31 5NX,E01009173,E05011119,Birmingham,E01009173
B16 0LD,E01009152,E05011157,Birmingham,E01009152
B35 7HP,E01009101,E05011132,Birmingham,E01009101
B45 0NS,E01009161,E05011136,Birmingham,E01009161
B13 8NF,E01009186,E05011154,Birmingham,E01009186
B30 1TX,E01009281,E05011129,Birmingham,E01009281
B31 1AG,E01008924,E05011123,Birmingham,E01008924
B34 7EN,E01009304,E05011165,Birmingham,E01009304
B15 1UE,E01009146,E05011151,Birmingham,E01009146
B31 4QY,E01009168,E05011152,Birmingham,E01009168
B26 1PG,E01009520,E05011166,Birmingham,E01009520
B1 2QD,E01034951,E05011151,Birmingham,E01034951
B31 2PA,E01009499,E05011158,Birmingham,E01009499
B32 2SH,E01009255,E05011163,Birmingham,E01009255
B29 7JP,E01009283,E05011128,Birmingham,E01009283
B76 2PS,E01009436,E05011180,Birmingham,E01009436
B76 2XB,E01009455,E05011180,Birmingham,E01009455
B14 5AA,E01008974,E05011133,Birmingham,E01008974
B28 9QA,E01009035,E05011140,Birmingham,E01009035
B11 3RU,E01034954,E05011170,Birmingham,E01034954
B73 6RL,E01009469,E05011179,Birmingham,E01009469
B30 3BG,E01008957,E05011172,Birmingham,E01008957
B28 0DD,E01009037,E05011141,Birmingham,E01009037
B45 8TS,E01009165,E05011164,Birmingham,E01009165
B44 8JL,E01009227,E05011150,Birmingham,E01009227
B38 8JD,E01009112,E05011152,Birmingham,E01009112
B16 9AE,E01008987,E05011157,Birmingham,E01008987
B23 6UB,E01009007,E05011135,Birmingham,E01009007
B11 3NZ,E01009028,E05011182,Birmingham,E01009028
B45 8TJ,E01009165,E05011164,Birmingham,E01009165
B9 5HZ,E01009341,E05011145,Birmingham,E01009341
B75 7JB,E01009448,E05011176,Birmingham,E01009448
B73 6UN,E01009467,E05011179,Birmingham,E01009467
B31 1BX,E01008929,E05011123,Birmingham,E01008929
B38 9SG,E01009114,E05011149,Birmingham,E01009114
B5 7NQ,E01008996,E05011122,Birmingham,E01008996
B5 7XX,E01008995,E05011122,Birmingham,E01008995
B26 1SJ,E01009521,E05011185,Birmingham,E01009521
B28 9RD,E01009033,E05011140,Birmingham,E01009033
B34 7HY,E01009310,E05011165,Birmingham,E01009310
B72 1JY,E01009437,E05011178,Birmingham,E01009437
B31 3XW,E01009211,E05011152,Birmingham,E01009211
B16 8PS,E01009141,E05011151,Birmingham,E01009141
B33 8UU,E01009515,E05011186,Birmingham,E01009515
B29 5UA,E01009502,E05011184,Birmingham,E01009502
B45 0DG,E01009157,E05011136,Birmingham,E01009157
B42 1HE,E01009237,E05011160,Birmingham,E01009237
B13 9LF,E01009176,E05011154,Birmingham,E01009176
B27 7RD,E01009020,E05011118,Birmingham,E01009020
B16 0SN,E01009140,E05011157,Birmingham,E01009140
B24 0LY,E01009100,E05011162,Birmingham,E01009100
B23 6QA,E01009007,E05011135,Birmingham,E01009007
B23 5XA,E01009003,E05011135,Birmingham,E01009003
B17 9LW,E01009068,E05011144,Birmingham,E01009068
B31 4NJ,E01034945,E05011152,Birmingham,E01034945
B31 1SA,E01009499,E05011119,Birmingham,E01009499
B38 9DR,E01009110,E05011149,Birmingham,E01009110
B31 3JE,E01009214,E05011152,Birmingham,E01009214
B15 3SE,E01008992,E05011134,Birmingham,E01008992
B28 0HZ,E01009036,E05011141,Birmingham,E01009036
B14 7AE,E01009178,E05011130,Birmingham,E01009178
B13 0QG,E01008936,E05011124,Birmingham,E01008936
B18 7HP,E01009348,E05011168,Birmingham,E01009348
B45 8RH,E01009169,E05011164,Birmingham,E01009169
B34 6PJ,E01009305,E05011131,Birmingham,E01009305
B23 5EL,E01009404,E05011161,Birmingham,E01009404
B31 1JU,E01008930,E05011123,Birmingham,E01008930
B14 5DA,E01008942,E05011146,Birmingham,E01008942
B33 0DQ,E01009512,E05011137,Birmingham,E01009512
B33 8EU,E01009511,E05011137,Birmingham,E01009511
B30 3DY,E01008957,E05011172,Birmingham,E01008957
B26 2QY,E01009324,E05011166,Birmingham,E01009324
B26 3LX,E01009320,E05011166,Birmingham,E01009320
B9 5RZ,E01009476,E05011145,Birmingham,E01009476
B23 6BW,E01009409,E05011173,Birmingham,E01009409
B14 7LL,E01008981,E05011130,Birmingham,E01008981
B18 7EN,E01009345,E05011168,Birmingham,E01009345
B74 2QR,E01009430,E05011174,Birmingham,E01009430
B8 3HJ,E01009491,E05011120,Birmingham,E01009491
B28 0PR,E01009040,E05011141,Birmingham,E01009040
B31 4EP,E01009213,E05011152,Birmingham,E01009213
B30 2LB,E01008952,E05011172,Birmingham,E01008952
B31 4DS,E01009213,E05011152,Birmingham,E01009213
B9 4HQ,E01009200,E05011126,Birmingham,E01009200
B36 8TG,E01009086,E05011131,Birmingham,E01009086
B32 1LD,E01009255,E05011163,Birmingham,E01009255
B8 2NR,E01009487,E05011183,Birmingham,E01009487
B13 9JQ,E01009176,E05011154,Birmingham,E01009176
B21 8JN,E01009268,E05011143,Birmingham,E01009268
B32 2LX,E01009074,E05011144,Birmingham,E01009074
B15 3RZ,E01008992,E05011134,Birmingham,E01008992
B17 8BU,E01009065,E05011144,Birmingham,E01009065
B34 6RG,E01009307,E05011165,Birmingham,E01009307
B31 1AT,E01033629,E05011123,Birmingham,E01033629
B33 9JH,E01009091,E05011138,Birmingham,E01009091
B33 9RB,E01009298,E05011138,Birmingham,E01009298
B5 7LN,E01008996,E05011122,Birmingham,E01008996
B26 2EU,E01009517,E05011137,Birmingham,E01009517
B17 9AJ,E01009252,E05011163,Birmingham,E01009252
B30 3QB,,,,
B42 2PT,E01009236,E05011160,Birmingham,E01009236
B17 9NX,E01009069,E05011144,Birmingham,E01009069
B32 2BH,E01009254,E05011163,Birmingham,E01009254
B74 4AU,E01009422,E05011174,Birmingham,E01009422
B16 9JG,E01008986,E05011157,Birmingham,E01008986
B8 1RF,E01009482,E05011120,Birmingham,E01009482
B23 6EZ,E01009405,E05011173,Birmingham,E01009405
B17 9RF,E01009067,E05011144,Birmingham,E01009067
B23 6EN,E01009409,E05011173,Birmingham,E01009409
B31 1RJ,E01009499,E05011119,Birmingham,E01009499
B26 1JE,E01008885,E05011169,Birmingham,E01008885
B23 7HS,E01009123,E05011173,Birmingham,E01009123
B16 0BB,E01009153,E05011157,Birmingham,E01009153
B73 6TX,E01009467,E05011179,Birmingham,E01009467
B16 0AF,E01009140,E05011151,Birmingham,E01009140
B10 9JA,E01033642,E05011167,Birmingham,E01033642
B5 7PS,E01008996,E05011122,Birmingham,E01008996
B17 0LE,E01009075,E05011144,Birmingham,E01009075
B12 8NJ,E01009375,E05011170,Birmingham,E01009375
B74 4BX,E01009425,E05011175,Birmingham,E01009425
B29 6QU,E01009295,E05011184,Birmingham,E01009295
B34 7NN,E01009308,E05011165,Birmingham,E01009308
B32 3TN,E01008918,E05011123,Birmingham,E01008918
B13 9SN,E01009187,E05011154,Birmingham,E01009187
B19 3SB,E01034930,E05011156,Birmingham,E01034930
B31 5AU,E01009207,E05011119,Birmingham,E01009207
B16 8JS,E01009143,E05011151,Birmingham,E01009143
B28 9QP,E01009032,E05011140,Birmingham,E01009032
B29 4EL,E01009494,E05011184,Birmingham,E01009494
B29 6JN,E01009284,E05011129,Birmingham,E01009284
B28 0HQ,E01009034,E05011140,Birmingham,E01009034
B31 3BS,E01009117,E05011148,Birmingham,E01009117
B45 8XZ,E01009165,E05011164,Birmingham,E01009165
B11 3HT,E01009029,E05011182,Birmingham,E01009029
B13 9XJ,E01009046,E05011154,Birmingham,E01009046
B11 4RD,E01033643,E05011171,Birmingham,E01033643
B20 3AD,E01034918,E05011121,Birmingham,E01034918
B72 1TU,E01009424,E05011178,Birmingham,E01009424
B9 5JD,E01009341,E05011145,Birmingham,E01009341
B26 2QL,E01009324,E05011166,Birmingham,E01009324
B27 6HD,E01008892,E05011118,Birmingham,E01008892
B30 3RS,E01008975,E05011133,Birmingham,E01008975
B14 5LP,E01008976,E05011133,Birmingham,E01008976
B19 2NW,E01034925,E05011153,Birmingham,E01034925
B31 5DR,E01009208,E05011158,Birmingham,E01009208
B36 8QJ,E01009079,E05011131,Birmingham,E01009079
B30 2HA,E01008960,E05011129,Birmingham,E01008960
B33 9PS,E01009311,E05011138,Birmingham,E01009311
B33 0LH,E01009301,E05011138,Birmingham,E01009301
B44 9LL,E01009222,E05011159,Birmingham,E01009222
B19 1JR,E01009060,E05011153,Birmingham,E01009060
B76 1PD,E01009452,E05011176,Birmingham,E01009452
B44 0EW,E01009137,E05011150,Birmingham,E01009137
B30 3PN,E01008977,E05011148,Birmingham,E01008977
B27 6BP,E01008894,E05011118,Birmingham,E01008894
B17 0PX,E01009078,E05011144,Birmingham,E01009078
B30 3AW,E01008952,E05011172,Birmingham,E01008952
B32 3PQ,E01008923,E05011123,Birmingham,E01008923
B27 7XA,E01009018,E05011118,Birmingham,E01009018
B29 6WS,E01009280,E05011129,Birmingham,E01009280
B36 8HL,E01009086,E05011131,Birmingham,E01009086
B13 0ES,E01008935,E05011124,Birmingham,E01008935
B26 3JH,E01009320,E05011166,Birmingham,E01009320
B33 9UN,E01009297,E05011138,Birmingham,E01009297
B11 1HU,E01033650,E05011170,Birmingham,E01033650
B15 3EG,E01008988,E05011134,Birmingham,E01008988
B6 5SY,E01008901,E05011155,Birmingham,E01008901
B18 5PN,E01009347,E05011168,Birmingham,E01009347
B75 6QN,E01009426,E05011177,Birmingham,E01009426
B33 9RF,E01009298,E05011138,Birmingham,E01009298
B34 7JG,E01009304,E05011165,Birmingham,E01009304
B8 3JY,E01009489,E05011120,Birmingham,E01009489
B17 0EG,E01009069,E05011144,Birmingham,E01009069
B31 1FG,E01009497,E05011119,Birmingham,E01009497
B20 3RA,E01009050,E05011125,Birmingham,E01009050
B12 8RG,E01009377,E05011170,Birmingham,E01009377
B12 8LX,E01009375,E05011170,Birmingham,E01009375
B20 3QQ,E01009059,E05011125,Birmingham,E01009059
B10 0TZ,E01009335,E05011167,Birmingham,E01009335
B26 2ND,E01009324,E05011166,Birmingham,E01009324
B76 1DZ,E01009442,E05011180,Birmingham,E01009442
B21 9BA,E01009355,E05011142,Birmingham,E01009355
B29 5TF,E01009064,E05011184,Birmingham,E01009064
B73 6NZ,E01009470,E05011179,Birmingham,E01009470
B24 0RF,E01009100,E05011162,Birmingham,E01009100
B14 6EQ,E01008974,E05011130,Birmingham,E01008974
B73 5JL,E01009462,E05011181,Birmingham,E01009462
B75 6AY,E01009447,E05011177,Birmingham,E01009447
B31 4JA,E01009213,E05011152,Birmingham,E01009213
B12 8SG,E01009377,E05011170,Birmingham,E01009377
B38 8XZ,E01009118,E05011148,Birmingham,E01009118
B8 3EP,E01009476,E05011120,Birmingham,E01009476
B76 1YY,E01009440,E05011180,Birmingham,E01009440
B28 0JX,E01009036,E05011141,Birmingham,E01009036
B10 9TG,E01009335,E05011167,Birmingham,E01009335
B23 6JT,E01009407,E05011173,Birmingham,E01009407
B31 3XT,E01009211,E05011152,Birmingham,E01009211
B17 9LZ,E01009068,E05011144,Birmingham,E01009068
B20 3TH,E01009056,E05011125,Birmingham,E01009056
B33 0DG,E01009301,E05011138,Birmingham,E01009301
B24 9HG,E01009012,E05011135,Birmingham,E01009012
B28 0NL,E01009039,E05011141,Birmingham,E01009039
B12 8UB,E01009375,E05011170,Birmingham,E01009375
B24 9RD,E01009104,E05011162,Birmingham,E01009104
B44 0UG,E01009128,E05011150,Birmingham,E01009128
B33 0RY,E01009322,E05011137,Birmingham,E01009322
B32 1JP,E01009257,E05011163,Birmingham,E01009257
B74 4SX,E01009421,E05011174,Birmingham,E01009421
B26 3SJ,E01009319,E05011166,Birmingham,E01009319
B25 8NE,E01008886,E05011169,Birmingham,E01008886
B11 3QU,E01009014,E05011140,Birmingham,E01009014
B30 2HF,E01008956,E05011129,Birmingham,E01008956
B30 3RZ,E01008972,E05011133,Birmingham,E01008972
B18 4DN,E01009346,E05011157,Birmingham,E01009346
B11 2AP,E01008884,E05011182,Birmingham,E01008884
B25 8XE,E01008886,E05011169,Birmingham,E01008886
B3 1TX,E01033623,E05011168,Birmingham,E01033623
B26 2AS,E01009518,E05011185,Birmingham,E01009518
B14 4JE,E01008944,E05011124,Birmingham,E01008944
B29 5PL,E01009502,E05011184,Birmingham,E01009502
B6 6BY,E01034923,E05011121,Birmingham,E01034923
B33 8BS,E01009510,E05011185,Birmingham,E01009510
B13 0BS,E01008934,E05011124,Birmingham,E01008934
B44 9SH,E01009226,E05011159,Birmingham,E01009226
B31 2HX,E01009205,E05011158,Birmingham,E01009205
B29 6HT,E01009281,E05011129,Birmingham,E01009281
B32 3TF,E01008931,E05011123,Birmingham,E01008931
B26 2ET,E01009517,E05011137,Birmingham,E01009517
B27 6LD,E01008892,E05011118,Birmingham,E01008892
B15 2NE,E01008994,E05011134,Birmingham,E01008994
B44 8EN,E01009231,E05011150,Birmingham,E01009231
B12 9QY,E01009376,E05011122,Birmingham,E01009376
B75 7HD,E01009445,E05011177,Birmingham,E01009445
B29 4LR,E01009506,E05011184,Birmingham,E01009506
B23 7LH,E01009412,E05011173,Birmingham,E01009412
B73 5US,E01009456,E05011179,Birmingham,E01009456
B44 9PB,E01009233,E05011159,Birmingham,E01009233
B14 7AU,E01009188,E05011130,Birmingham,E01009188
B14 5SA,E01008980,E05011133,Birmingham,E01008980
B28 0EA,E01009037,E05011141,Birmingham,E01009037
B16 0DH,E01009153,E05011157,Birmingham,E01009153
B1 2AU,E01033622,E05011151,Birmingham,E01033622
B28 8AS,E01009045,E05011140,Birmingham,E01009045
B28 0QD,E01009041,E05011141,Birmingham,E01009041
B30 1NT,E01008956,E05011129,Birmingham,E01008956
B75 6BQ,E01009428,E05011178,Birmingham,E01009428
B32 2DG,E01009254,E05011163,Birmingham,E01009254
B17 0NJ,E01033562,E05011144,Birmingham,E01033562
B6 5JU,E01008901,E05011155,Birmingham,E01008901
B75 6AA,E01009444,E05011178,Birmingham,E01009444
B45 9BW,E01009158,E05011158,Birmingham,E01009158
B20 3SS,E01009048,E05011125,Birmingham,E01009048
B45 0NG,E01009155,E05011136,Birmingham,E01009155
B75 7ES,E01009452,E05011176,Birmingham,E01009452
B33 9EZ,E01009094,E05011138,Birmingham,E01009094
B72 1DT,E01009463,E05011181,Birmingham,E01009463
B34 7DT,E01009304,E05011165,Birmingham,E01009304
B26 1SR,E01009521,E05011185,Birmingham,E01009521
B10 9DX,E01033642,E05011167,Birmingham,E01033642
B16 9JT,E01008989,E05011157,Birmingham,E01008989
B24 0RH,E01009100,E05011162,Birmingham,E01009100
B75 7JD,E01009448,E05011176,Birmingham,E01009448
B20 2LT,E01009278,E05011143,Birmingham,E01009278
B28 8SY,E01009017,E05011140,Birmingham,E01009017
B35 7DF,E01009103,E05011132,Birmingham,E01009103
B10 0JS,E01009380,E05011127,Birmingham,E01009380
B32 3NX,E01008917,E05011123,Birmingham,E01008917
B38 9RX,E01009115,E05011149,Birmingham,E01009115
B35 6BD,E01009096,E05011132,Birmingham,E01009096
B9 5SP,E01009341,E05011145,Birmingham,E01009341
B29 7PN,E01009296,E05011128,Birmingham,E01009296
B27 7ER,E01009021,E05011118,Birmingham,E01009021
B44 9UB,E01009226,E05011159,Birmingham,E01009226
B8 3SQ,E01009192,E05011120,Birmingham,E01009192
B23 7NY,E01009413,E05011139,Birmingham,E01009413
B44 0QJ,E01009133,E05011150,Birmingham,E01009133
B26 2TG,E01009322,E05011137,Birmingham,E01009322
B33 8RX,E01009508,E05011185,Birmingham,E01009508
B32 3UJ,E01008921,E05011123,Birmingham,E01008921
B32 1PD,E01009257,E05011163,Birmingham,E01009257
B28 0PJ,E01009040,E05011141,Birmingham,E01009040
B16 9QX,E01008986,E05011157,Birmingham,E01008986
B75 7RT,E01009432,E05011178,Birmingham,E01009432
B11 2EG,E01008889,E05011182,Birmingham,E01008889
B18 5HA,E01009360,E05011168,Birmingham,E01009360
B29 7PS,E01009296,E05011128,Birmingham,E01009296
B32 3AB,E01008918,E05011123,Birmingham,E01008918
B44 8RY,E01009227,E05011159,Birmingham,E01009227
B14 4ER,E01008940,E05011124,Birmingham,E01008940
B31 5EL,E01009159,E05011136,Birmingham,E01009159
B44 8TE,E01009228,E05011159,Birmingham,E01009228
B19 1RP,E01009062,E05011153,Birmingham,E01009062
B8 1RT,E01009483,E05011120,Birmingham,E01009483
B43 6DL,E01009243,E05011160,Birmingham,E01009243
B34 7AP,E01009309,E05011165,Birmingham,E01009309
B32 3ES,E01033629,E05011123,Birmingham,E01033629
B15 2UX,E01008997,E05011134,Birmingham,E01008997
B34 6LP,E01009088,E05011131,Birmingham,E01009088
B45 9SZ,E01009159,E05011164,Birmingham,E01009159
B35 6PB,E01009106,E05011132,Birmingham,E01009106
B21 0DS,E01009349,E05011147,Birmingham,E01009349
B17 9EN,E01009067,E05011144,Birmingham,E01009067
B76 1FR,E01009435,E05011176,Birmingham,E01009435
B45 8QT,E01009171,E05011164,Birmingham,E01009171
B42 2NL,E01009247,E05011160,Birmingham,E01009247
B72 1XQ,E01009461,E05011181,Birmingham,E01009461
B29 7BX,E01009286,E05011128,Birmingham,E01009286
B31 1EP,E01009495,E05011123,Birmingham,E01009495
B31 3LN,E01009214,E05011152,Birmingham,E01009214
B73 6NT,E01009472,E05011179,Birmingham,E01009472
B28 0DL,E01009037,E05011141,Birmingham,E01009037
B75 5HY,E01009415,E05011175,Birmingham,E01009415
B76 2PY,E01009437,E05011180,Birmingham,E01009437
B38 8JQ,E01009112,E05011152,Birmingham,E01009112
B36 8BY,E01009083,E05011131,Birmingham,E01009083
B29 5BA,E01009504,E05011184,Birmingham,E01009504
B33 9AR,E01009095,E05011138,Birmingham,E01009095
B21 0TG,E01009359,E05011168,Birmingham,E01009359
B74 4RH,E01009417,E05011174,Birmingham,E01009417
B19 3LE,E01034930,E05011156,Birmingham,E01034930
B42 1PL,E01009241,E05011160,Birmingham,E01009241
B31 3HP,E01009214,E05011152,Birmingham,E01009214
B14 4HB,E01008941,E05011124,Birmingham,E01008941
B27 7YT,E01009018,E05011118,Birmingham,E01009018
B36 8TD,E01009082,E05011131,Birmingham,E01009082
B19 1PZ,E01033638,E05011153,Birmingham,E01033638
B11 4NG,E01009389,E05011171,Birmingham,E01009389
B44 9EA,E01009223,E05011159,Birmingham,E01009223
B14 4LE,E01008945,E05011146,Birmingham,E01008945
B44 9RN,E01009221,E05011150,Birmingham,E01009221
B13 0AA,E01009179,E05011130,Birmingham,E01009179
B31 4PP,E01009166,E05011152,Birmingham,E01009166
B9 4TS,E01034935,E05011126,Birmingham,E01034935
B72 1AP,E01009463,E05011181,Birmingham,E01009463
B75 7ET,E01009450,E05011176,Birmingham,E01009450
B45 8RG,E01009169,E05011164,Birmingham,E01009169
B8 1NY,E01009484,E05011120,Birmingham,E01009484
B24 0TH,E01009100,E05011162,Birmingham,E01009100
B32 2PJ,E01009073,E05011144,Birmingham,E01009073
B11 4BD,,,,
B31 4DL,E01009209,E05011152,Birmingham,E01009209
B27 6QD,E01008889,E05011118,Birmingham,E01008889
B72 1BD,E01009463,E05011181,Birmingham,E01009463
B38 8BL,E01009116,E05011148,Birmingham,E01009116
B20 2BB,E01009355,E05011142,Birmingham,E01009355
B28 8BD,E01009045,E05011140,Birmingham,E01009045
B38 8NL,E01009111,E05011148,Birmingham,E01009111
B74 2SA,,,,
B34 6AN,E01009089,E05011131,Birmingham,E01009089
B76 1YF,E01009443,E05011180,Birmingham,E01009443
B27 6QG,E01008889,E05011118,Birmingham,E01008889
B73 5JP,E01009462,E05011181,Birmingham,E01009462
B25 8YU,E01008897,E05011186,Birmingham,E01008897
B75 7SW,E01009432,E05011176,Birmingham,E01009432
B12 0YR,E01009362,E05011126,Birmingham,E01009362
B31 5SL,E01008930,E05011123,Birmingham,E01008930
B8 1RQ,E01009482,E05011120,Birmingham,E01009482
B31 2GQ,E01034945,E05011152,Birmingham,E01034945
B38 9FQ,E01009120,E05011149,Birmingham,E01009120
B14 7SB,E01009177,E05011130,Birmingham,E01009177
B11 3JJ,E01034953,E05011171,Birmingham,E01034953
B44 8JS,E01009231,E05011150,Birmingham,E01009231
B42 2QN,E01009244,E05011159,Birmingham,E01009244
B38 8EA,E01009108,E05011148,Birmingham,E01009108
B73 6NW,E01009470,E05011179,Birmingham,E01009470
B44 8LZ,E01009230,E05011150,Birmingham,E01009230
B74 4LB,E01009418,E05011175,Birmingham,E01009418
B14 7QD,E01008981,E05011130,Birmingham,E01008981
B74 4DJ,E01009415,E05011175,Birmingham,E01009415
B33 8QT,E01009509,E05011186,Birmingham,E01009509
B38 8AQ,E01009116,E05011148,Birmingham,E01009116
B14 5AN,E01008974,E05011133,Birmingham,E01008974
B8 3PJ,E01009485,E05011120,Birmingham,E01009485
B29 6GZ,E01009284,E05011129,Birmingham,E01009284
B30 2RX,E01008953,E05011172,Birmingham,E01008953
B30 2UT,E01008964,E05011172,Birmingham,E01008964
B73 5JA,E01009462,E05011179,Birmingham,E01009462
B26 1AT,E01009521,E05011166,Birmingham,E01009521
B26 3TN,E01009315,E05011166,Birmingham,E01009315
B32 4JX,E01008927,E05011123,Birmingham,E01008927
B30 3NA,E01008977,E05011148,Birmingham,E01008977
B28 9PS,E01009035,E05011140,Birmingham,E01009035
B44 8PP,E01009230,E05011150,Birmingham,E01009230
B26 1JA,E01008888,E05011169,Birmingham,E01008888
B44 0AJ,E01009132,E05011150,Birmingham,E01009132
B17 0EH,E01009069,E05011144,Birmingham,E01009069
B75 5DL,E01009429,E05011175,Birmingham,E01009429
B31 3SD,E01009212,E05011152,Birmingham,E01009212
B16 8BU,E01033564,E05011151,Birmingham,E01033564
B35 6AU,E01009096,E05011132,Birmingham,E01009096
B44 8JD,E01009229,E05011159,Birmingham,E01009229
B16 0BD,E01009153,E05011157,Birmingham,E01009153
B11 4LL,E01009396,E05011171,Birmingham,E01009396
B73 5SA,E01009458,E05011179,Birmingham,E01009458
B31 2HU,E01009205,E05011158,Birmingham,E01009205
B25 8QP,E01008898,E05011186,Birmingham,E01008898
B16 9JL,E01008986,E05011157,Birmingham,E01008986
B29 6GU,E01009284,E05011129,Birmingham,E01009284
B24 0EQ,E01009009,E05011135,Birmingham,E01009009
B33 9DB,E01009092,E05011138,Birmingham,E01009092
B42 2PH,E01009245,E05011160,Birmingham,E01009245
B28 0DH,E01009037,E05011141,Birmingham,E01009037
B17 8LP,E01009138,E05011157,Birmingham,E01009138
B36 8NA,E01009083,E05011131,Birmingham,E01009083
B44 0RP,E01009127,E05011150,Birmingham,E01009127
B36 8PT,E01009080,E05011131,Birmingham,E01009080
B17 0RU,E01009064,E05011144,Birmingham,E01009064
B25 8EG,E01008887,E05011169,Birmingham,E01008887
B14 5PB,E01008980,E05011133,Birmingham,E01008980
B32 3QJ,E01008920,E05011123,Birmingham,E01008920
B32 1JQ,E01009251,E05011163,Birmingham,E01009251
B29 6UG,E01009284,E05011129,Birmingham,E01009284
B9 4PX,E01009199,E05011126,Birmingham,E01009199
B16 9LG,E01008989,E05011134,Birmingham,E01008989
B74 4TU,E01009422,E05011174,Birmingham,E01009422
B17 8NG,E01009065,E05011144,Birmingham,E01009065
B33 8TQ,E01009513,E05011186,Birmingham,E01009513
B12 9TU,E01009374,E05011122,Birmingham,E01009374
B19 1DE,E01009355,E05011153,Birmingham,E01009355
B44 9LQ,E01009222,E05011159,Birmingham,E01009222
B25 8QZ,E01008896,E05011186,Birmingham,E01008896
B28 8SQ,E01009043,E05011140,Birmingham,E01009043
B13 9EF,E01009184,E05011154,Birmingham,E01009184
B21 0HR,E01009354,E05011147,Birmingham,E01009354
B32 2TP,E01009261,E05011163,Birmingham,E01009261
B75 7JQ,E01009446,E05011177,Birmingham,E01009446
B25 8LH,E01008883,E05011169,Birmingham,E01008883
B11 4RU,E01033643,E05011171,Birmingham,E01033643
B18 5QN,E01009347,E05011168,Birmingham,E01009347
B14 7ND,E01008967,E05011130,Birmingham,E01008967
B38 8EN,E01009111,E05011148,Birmingham,E01009111
B11 1SR,E01009365,E05011170,Birmingham,E01009365
B24 9PY,E01009098,E05011162,Birmingham,E01009098
B76 2UT,E01009455,E05011176,Birmingham,E01009455
B28 0LG,E01009034,E05011141,Birmingham,E01009034
B32 4HD,E01008928,E05011123,Birmingham,E01008928
B9 5PE,E01009476,E05011145,Birmingham,E01009476
B20 2BU,E01009355,E05011142,Birmingham,E01009355
B32 3DE,E01008920,E05011123,Birmingham,E01008920
B24 8EY,E01008999,E05011139,Birmingham,E01008999
B31 1ND,E01009496,E05011119,Birmingham,E01009496
B32 2RH,E01009255,E05011163,Birmingham,E01009255
B14 4TA,E01008948,E05011146,Birmingham,E01008948
B26 3AG,E01009314,E05011166,Birmingham,E01009314
B29 4DA,E01009504,E05011184,Birmingham,E01009504
B14 6TA,E01008970,E05011130,Birmingham,E01008970
B21 0LG,E01009354,E05011147,Birmingham,E01009354
B13 9PH,E01009185,E05011154,Birmingham,E01009185
B38 8NU,E01009108,E05011149,Birmingham,E01009108
B21 9HD,E01009352,E05011142,Birmingham,E01009352
B76 1RH,E01009437,E05011180,Birmingham,E01009437
B29 5HS,E01009501,E05011184,Birmingham,E01009501
B12 8HE,E01009397,E05011170,Birmingham,E01009397
B20 2PN,E01009262,E05011143,Birmingham,E01009262
B13 0PR,E01008935,E05011124,Birmingham,E01008935
B44 0JQ,E01009133,E05011150,Birmingham,E01009133
B36 8PU,E01009080,E05011131,Birmingham,E01009080
B38 8SX,E01009116,E05011148,Birmingham,E01009116
B10 0RX,E01009200,E05011126,Birmingham,E01009200
B9 4PN,E01009199,E05011126,Birmingham,E01009199
B23 7UT,E01009125,E05011173,Birmingham,E01009125
B42 2FY,E01009239,E05011160,Birmingham,E01009239
B13 9HU,E01009390,E05011154,Birmingham,E01009390
B26 2TW,E01009322,E05011137,Birmingham,E01009322
B45 8QF,E01009167,E05011164,Birmingham,E01009167
B9 5NW,E01009197,E05011145,Birmingham,E01009197
B74 2SQ,E01009427,E05011174,Birmingham,E01009427
B29 6NT,E01009284,E05011184,Birmingham,E01009284
B28 0EL,E01009035,E05011140,Birmingham,E01009035
B7 4AH,E01009204,E05011155,Birmingham,E01009204
B74 4TQ,E01009421,E05011174,Birmingham,E01009421
B18 7JL,E01009348,E05011168,Birmingham,E01009348
B31 5RS,E01008930,E05011123,Birmingham,E01008930
B75 6PL,E01009423,E05011177,Birmingham,E01009423
B73 6TE,E01009465,E05011179,Birmingham,E01009465
B75 5BH,E01009425,E05011175,Birmingham,E01009425
B76 1XZ,E01009443,E05011180,Birmingham,E01009443
B28 0SY,E01008944,E05011124,Birmingham,E01008944
B32 3AQ,E01009500,E05011184,Birmingham,E01009500
B33 0BD,E01009301,E05011138,Birmingham,E01009301
B38 8HH,E01009112,E05011148,Birmingham,E01009112
B75 6QD,E01009426,E05011177,Birmingham,E01009426
B73 6JS,E01009470,E05011179,Birmingham,E01009470
B74 2QL,E01009427,E05011174,Birmingham,E01009427
B74 4TT,E01009422,E05011174,Birmingham,E01009422
B29 6BQ,E01009289,E05011128,Birmingham,E01009289
B26 2LL,E01009520,E05011185,Birmingham,E01009520
B24 8JR,E01008998,E05011139,Birmingham,E01008998
B31 2ET,E01008962,E05011129,Birmingham,E01008962
B23 7XN,E01009124,E05011173,Birmingham,E01009124
B31 4TH,E01009170,E05011152,Birmingham,E01009170
B23 6HA,E01009407,E05011173,Birmingham,E01009407
B31 3HS,E01009214,E05011152,Birmingham,E01009214
B19 1DY,E01008907,E05011153,Birmingham,E01008907
B13 0PH,E01008969,E05011124,Birmingham,E01008969
B24 9QY,E01009104,E05011162,Birmingham,E01009104
B32 4AE,E01008923,E05011123,Birmingham,E01008923
B23 5DH,E01034914,E05011161,Birmingham,E01034914
B31 1EQ,E01008930,E05011123,Birmingham,E01008930
B19 2TR,E01009047,E05011153,Birmingham,E01009047
B11 4HR,E01009392,E05011171,Birmingham,E01009392
B24 9NT,E01009102,E05011162,Birmingham,E01009102
B33 8QX,E01009510,E05011185,Birmingham,E01009510
B8 3AJ,E01034931,E05011120,Birmingham,E01034931
B23 6BX,E01009413,E05011173,Birmingham,E01009413
B73 5NA,E01009463,E05011181,Birmingham,E01009463
B32 2RU,E01009256,E05011163,Birmingham,E01009256
B74 4RR,E01009415,E05011175,Birmingham,E01009415
B33 8HS,E01009508,E05011185,Birmingham,E01009508
B75 6QW,E01009426,E05011177,Birmingham,E01009426
B13 0DA,E01008933,E05011124,Birmingham,E01008933
B76 1TP,E01009437,E05011180,Birmingham,E01009437
B33 8PP,E01009515,E05011186,Birmingham,E01009515
B26 1PR,E01009312,E05011166,Birmingham,E01009312
B23 5BA,E01034914,E05011161,Birmingham,E01034914
B31 2UP,E01009158,E05011158,Birmingham,E01009158
B13 0TS,E01008932,E05011124,Birmingham,E01008932
B10 9LG,E01009326,E05011167,Birmingham,E01009326
B8 1DJ,E01034934,E05011120,Birmingham,E01034934
B16 0LT,E01009140,E05011157,Birmingham,E01009140
B74 2UB,E01009431,E05011175,Birmingham,E01009431
B73 6ND,E01009468,E05011179,Birmingham,E01009468
B17 8PT,E01009066,E05011144,Birmingham,E01009066
B9 5AP,E01009332,E05011127,Birmingham,E01009332
B33 0EP,E01009297,E05011138,Birmingham,E01009297
B33 0DR,E01009299,E05011138,Birmingham,E01009299
B34 7AZ,E01009309,E05011165,Birmingham,E01009309
B34 6DR,E01009091,E05011131,Birmingham,E01009091
B14 5HR,E01008948,E05011146,Birmingham,E01008948
B36 8SU,E01009082,E05011131,Birmingham,E01009082
B72 1YJ,E01009462,E05011181,Birmingham,E01009462
B28 0QH,E01009041,E05011141,Birmingham,E01009041
B21 8JS,E01009268,E05011143,Birmingham,E01009268
B13 0RE,E01008935,E05011124,Birmingham,E01008935
B23 6EJ,E01009409,E05011173,Birmingham,E01009409
B31 4NA,E01034944,E05011152,Birmingham,E01034944
B75 6AZ,E01009444,E05011177,Birmingham,E01009444
B12 9TT,E01009374,E05011122,Birmingham,E01009374
B75 6NS,E01009429,E05011177,Birmingham,E01009429
B8 2AQ,E01009490,E05011138,Birmingham,E01009490
B73 6NJ,E01009470,E05011179,Birmingham,E01009470
B45 9NP,E01009167,E05011164,Birmingham,E01009167
B44 9UY,E01009228,E05011159,Birmingham,E01009228
B35 6NN,E01009106,E05011132,Birmingham,E01009106
B9 5NB,E01034935,E05011126,Birmingham,E01034935
B7 4QS,E01009204,E05011155,Birmingham,E01009204
B30 1EH,E01008954,E05011129,Birmingham,E01008954
B9 5FQ,E01009197,E05011145,Birmingham,E01009197
B27 6LU,E01008892,E05011118,Birmingham,E01008892
B24 9NF,E01009011,E05011135,Birmingham,E01009011
B3 1DE,E01033625,E05011151,Birmingham,E01033625
B30 2AE,E01009281,E05011129,Birmingham,E01009281
B23 6TG,E01009007,E05011135,Birmingham,E01009007
B73 6HL,E01009468,E05011178,Birmingham,E01009468
B45 9YD,E01009159,E05011164,Birmingham,E01009159
B33 8BF,E01009514,E05011137,Birmingham,E01009514
B30 2SY,E01008965,E05011172,Birmingham,E01008965
B44 9JN,E01009222,E05011159,Birmingham,E01009222
B28 9JR,E01009035,E05011140,Birmingham,E01009035
B16 0RX,E01009140,E05011157,Birmingham,E01009140
B13 0NY,E01008968,E05011124,Birmingham,E01008968
B26 2HB,E01009517,E05011137,Birmingham,E01009517
B12 9RB,E01009376,E05011122,Birmingham,E01009376
B21 0RB,E01034921,E05011168,Birmingham,E01034921
B30 2JH,E01008952,E05011172,Birmingham,E01008952
B28 0RR,E01009040,E05011141,Birmingham,E01009040
B74 2NY,E01009427,E05011174,Birmingham,E01009427
B6 5NA,E01034924,E05011121,Birmingham,E01034924
B10 9HT,E01009335,E05011167,Birmingham,E01009335
B17 8JA,E01009138,E05011157,Birmingham,E01009138
B9 5SX,E01009342,E05011145,Birmingham,E01009342
B29 6BW,E01009289,E05011128,Birmingham,E01009289
B33 0EX,E01009297,E05011138,Birmingham,E01009297
B35 7JR,E01009097,E05011132,Birmingham,E01009097
B12 9LA,E01009376,E05011122,Birmingham,E01009376
B23 5NS,E01009404,E05011161,Birmingham,E01009404
B28 9HT,E01009036,E05011141,Birmingham,E01009036
B5 7XA,E01008982,E05011134,Birmingham,E01008982
B16 8WS,E01033618,E05011151,Birmingham,E01033618
B38 8PG,E01009111,E05011148,Birmingham,E01009111
B29 7BT,E01034941,E05011128,Birmingham,E01034941
B25 8JU,E01008887,E05011169,Birmingham,E01008887
B31 1DP,E01008929,E05011123,Birmingham,E01008929
B45 9GL,E01009158,E05011158,Birmingham,E01009158
B8 1PB,E01009484,E05011120,Birmingham,E01009484
B16 0DY,E01009153,E05011157,Birmingham,E01009153
B17 0BQ,E01009071,E05011144,Birmingham,E01009071
B13 0NG,E01008937,E05011124,Birmingham,E01008937
B30 1AD,E01008961,E05011129,Birmingham,E01008961
B19 2DN,E01008909,E05011153,Birmingham,E01008909
B17 9NP,E01009068,E05011144,Birmingham,E01009068
B12 0YQ,E01009362,E05011126,Birmingham,E01009362
B11 2NZ,E01009339,E05011170,Birmingham,E01009339
B30 3NL,E01008975,E05011133,Birmingham,E01008975
B35 6BB,E01009096,E05011132,Birmingham,E01009096
B6 4TG,E01008910,E05011156,Birmingham,E01008910
B14 4JY,E01008945,E05011146,Birmingham,E01008945
B17 8PB,E01009066,E05011144,Birmingham,E01009066
B24 0TA,E01009098,E05011162,Birmingham,E01009098
B75 5HA,E01009423,E05011175,Birmingham,E01009423
B75 7TL,E01009424,E05011178,Birmingham,E01009424
B44 9SA,E01009226,E05011159,Birmingham,E01009226
B34 7HE,E01009310,E05011165,Birmingham,E01009310
B35 6JP,E01009096,E05011132,Birmingham,E01009096
B31 4AF,E01009210,E05011152,Birmingham,E01009210
B29 5ED,E01009504,E05011184,Birmingham,E01009504
B17 9HU,E01009066,E05011144,Birmingham,E01009066
B8 2QR,E01009480,E05011183,Birmingham,E01009480
B44 8PE,E01009223,E05011159,Birmingham,E01009223
B36 8EF,E01009084,E05011131,Birmingham,E01009084
B76 1YN,E01009440,E05011180,Birmingham,E01009440
B37 6PG,E01009297,E05011138,Birmingham,E01009297
B33 9RE,E01009298,E05011138,Birmingham,E01009298
B20 3HT,E01009053,E05011121,Birmingham,E01009053
B31 4RE,E01009168,E05011152,Birmingham,E01009168
B44 8QH,E01009231,E05011150,Birmingham,E01009231
B29 6EQ,E01009289,E05011128,Birmingham,E01009289
B6 6JU,E01034919,E05011121,Birmingham,E01034919
B26 3UG,E01009315,E05011166,Birmingham,E01009315
B73 5DQ,E01009472,E05011179,Birmingham,E01009472
B33 0YW,E01009303,E05011138,Birmingham,E01009303
B73 6NY,E01009470,E05011179,Birmingham,E01009470
B45 9GJ,E01009158,E05011158,Birmingham,E01009158
B30 2TX,E01008963,E05011172,Birmingham,E01008963
B13 0PN,E01008935,E05011124,Birmingham,E01008935
B14 5AR,E01008974,E05011133,Birmingham,E01008974
B75 6AG,E01009444,E05011177,Birmingham,E01009444
B31 3UW,E01009205,E05011148,Birmingham,E01009205
B23 6TE,E01009007,E05011135,Birmingham,E01009007
B19 1HW,E01009062,E05011153,Birmingham,E01009062
B42 1EJ,E01009238,E05011160,Birmingham,E01009238
B28 8DD,E01009046,E05011140,Birmingham,E01009046
B36 8JS,E01009084,E05011131,Birmingham,E01009084
B32 4EL,E01008923,E05011123,Birmingham,E01008923
B31 5QJ,E01009173,E05011119,Birmingham,E01009173
B31 2EZ,E01008954,E05011129,Birmingham,E01008954
B8 2YL,E01009479,E05011183,Birmingham,E01009479
B75 7JL,E01009450,E05011176,Birmingham,E01009450
B24 8BW,E01009000,E05011139,Birmingham,E01009000
B25 8AN,E01008883,E05011169,Birmingham,E01008883
B33 9UG,E01009297,E05011138,Birmingham,E01009297
B8 2LQ,E01009487,E05011183,Birmingham,E01009487
B76 1UD,E01009438,E05011180,Birmingham,E01009438
B30 3RA,E01008975,E05011133,Birmingham,E01008975
B75 6RD,E01009429,E05011177,Birmingham,E01009429
B28 0PW,E01009040,E05011141,Birmingham,E01009040
B31 2FN,E01009493,E05011184,Birmingham,E01009493
B8 1DG,E01009192,E05011120,Birmingham,E01009192
B24 0RZ,E01009102,E05011162,Birmingham,E01009102
B23 6PQ,E01009006,E05011135,Birmingham,E01009006
B74 2SX,E01009427,E05011174,Birmingham,E01009427
B75 6ND,E01009426,E05011177,Birmingham,E01009426
B14 7PE,E01008981,E05011130,Birmingham,E01008981
B32 3EU,E01033629,E05011123,Birmingham,E01033629
B29 7JL,E01009283,E05011128,Birmingham,E01009283
B21 8EZ,E01009269,E05011143,Birmingham,E01009269
B13 0RW,E01008936,E05011124,Birmingham,E01008936
B19 3BX,E01008911,E05011156,Birmingham,E01008911
B73 6HD,E01009449,E05011178,Birmingham,E01009449
B35 7EY,E01009103,E05011132,Birmingham,E01009103
B26 2JJ,E01009324,E05011166,Birmingham,E01009324
B7 5LL,E01009202,E05011155,Birmingham,E01009202
B26 2NG,E01009324,E05011166,Birmingham,E01009324
B75 6SY,E01009431,E05011175,Birmingham,E01009431
B28 9PU,E01032589,E05011140,Birmingham,E01032589
B73 5HW,E01009462,E05011179,Birmingham,E01009462
B11 4AB,E01009371,E05011170,Birmingham,E01009371
B9 5EY,E01009333,E05011127,Birmingham,E01009333
B36 8BT,E01009081,E05011131,Birmingham,E01009081
B44 8BN,E01009232,E05011150,Birmingham,E01009232
B30 2AL,E01009281,E05011129,Birmingham,E01009281
B9 5EH,E01009344,E05011127,Birmingham,E01009344
B45 0JR,E01009174,E05011136,Birmingham,E01009174
B30 3AU,E01008957,E05011172,Birmingham,E01008957
B25 8LX,E01008890,E05011169,Birmingham,E01008890
B20 1DE,E01009279,E05011143,Birmingham,E01009279
B24 9TB,E01009102,E05011162,Birmingham,E01009102
B28 0HX,E01009034,E05011141,Birmingham,E01009034
B14 7QX,E01009178,E05011130,Birmingham,E01009178
B75 5EY,E01009423,E05011175,Birmingham,E01009423
B31 4RB,E01009168,E05011152,Birmingham,E01009168
B38 8RG,E01009108,E05011149,Birmingham,E01009108
B34 7LU,E01009308,E05011165,Birmingham,E01009308
B35 7NS,E01009097,E05011132,Birmingham,E01009097
B33 9SL,E01009300,E05011138,Birmingham,E01009300
B33 9RS,E01009298,E05011138,Birmingham,E01009298
B45 9QA,E01009167,E05011164,Birmingham,E01009167
B27 7TG,E01009015,E05011118,Birmingham,E01009015
B26 3RN,E01009318,E05011166,Birmingham,E01009318
B17 0PB,E01033562,E05011144,Birmingham,E01033562
B75 6RT,E01009429,E05011177,Birmingham,E01009429
B16 0TA,E01009145,E05011157,Birmingham,E01009145
B74 2TJ,E01009425,E05011174,Birmingham,E01009425
B15 2UN,E01034936,E05011134,Birmingham,E01034936
B31 4RS,E01009170,E05011152,Birmingham,E01009170
B11 1SE,E01009365,E05011170,Birmingham,E01009365
B10 9LH,E01009326,E05011167,Birmingham,E01009326
B73 5RE,E01009459,E05011179,Birmingham,E01009459
B11 2QG,E01009339,E05011170,Birmingham,E01009339
B1 3AA,E01034951,E05011168,Birmingham,E01034951
B26 1QQ,E01009312,E05011166,Birmingham,E01009312
B26 1AY,E01008881,E05011169,Birmingham,E01008881
B34 7NQ,E01009308,E05011165,Birmingham,E01009308
B42 1EW,E01009246,E05011160,Birmingham,E01009246
B44 8EY,E01009231,E05011150,Birmingham,E01009231
B33 9HT,E01009311,E05011138,Birmingham,E01009311
B7 5DR,E01034927,E05011155,Birmingham,E01034927
B73 6JJ,E01009470,E05011179,Birmingham,E01009470
B32 1QH,E01009253,E05011163,Birmingham,E01009253
B24 9RL,E01009104,E05011162,Birmingham,E01009104
B32 4LH,E01008925,E05011123,Birmingham,E01008925
B1 3DN,E01034950,E05011168,Birmingham,E01034950
B26 2QF,E01009312,E05011166,Birmingham,E01009312
B35 6QS,E01009099,E05011132,Birmingham,E01009099
B20 1JG,E01032591,E05011143,Birmingham,E01032591
B33 9HB,E01009094,E05011138,Birmingham,E01009094
B14 6TL,E01008970,E05011130,Birmingham,E01008970
B4 7AR,E01033617,E05011156,Birmingham,E01033617
B6 7NR,E01008901,E05011155,Birmingham,E01008901
B30 3BZ,E01008957,E05011172,Birmingham,E01008957
B44 8AJ,E01009232,E05011150,Birmingham,E01009232
B31 5AP,E01009207,E05011119,Birmingham,E01009207
B73 5UY,E01009474,E05011179,Birmingham,E01009474
B23 7SN,E01009411,E05011173,Birmingham,E01009411
B9 5QD,E01009342,E05011145,Birmingham,E01009342
B13 9SA,E01009187,E05011154,Birmingham,E01009187
B33 8LX,E01009514,E05011137,Birmingham,E01009514
B5 4AH,E01033625,E05011151,Birmingham,E01033625
B45 0JY,E01009174,E05011136,Birmingham,E01009174
B44 0RE,E01009127,E05011150,Birmingham,E01009127
B28 8JE,E01009023,E05011118,Birmingham,E01009023
B11 4EP,E01009394,E05011171,Birmingham,E01009394
B14 6LX,E01008970,E05011130,Birmingham,E01008970
B25 8JJ,E01008887,E05011169,Birmingham,E01008887
B14 6AG,E01008981,E05011130,Birmingham,E01008981
B73 5PE,E01009466,E05011181,Birmingham,E01009466
B27 7PT,E01009016,E05011118,Birmingham,E01009016
B18 7BY,E01009141,E05011151,Birmingham,E01009141
B17 8DD,E01009065,E05011144,Birmingham,E01009065
B13 0QL,E01008936,E05011124,Birmingham,E01008936
B34 6LB,E01009088,E05011131,Birmingham,E01009088
B7 5BZ,E01009201,E05011155,Birmingham,E01009201
B13 9XT,E01009394,E05011154,Birmingham,E01009394
B30 2LL,E01008955,E05011172,Birmingham,E01008955
B18 7HL,E01009348,E05011168,Birmingham,E01009348
B16 9DQ,E01008988,E05011157,Birmingham,E01008988
B76 2RJ,E01009437,E05011180,Birmingham,E01009437
B74 4LR,E01009419,E05011175,Birmingham,E01009419
B30 1PU,E01008950,E05011129,Birmingham,E01008950
B30 3SB,E01008975,E05011133,Birmingham,E01008975
B75 5PJ,E01009416,E05011177,Birmingham,E01009416
B32 1DR,E01009253,E05011163,Birmingham,E01009253
B32 1DZ,E01009253,E05011163,Birmingham,E01009253
B14 4RH,E01008943,E05011146,Birmingham,E01008943
B8 1SS,E01009484,E05011120,Birmingham,E01009484
B9 5TH,E01009475,E05011145,Birmingham,E01009475
B12 9RW,E01034939,E05011122,Birmingham,E01034939
B8 2ET,E01009478,E05011183,Birmingham,E01009478
B45 9RF,E01009160,E05011164,Birmingham,E01009160
B36 8JD,E01009085,E05011131,Birmingham,E01009085
B13 0SN,E01009179,E05011130,Birmingham,E01009179
B6 6EB,E01034920,E05011121,Birmingham,E01034920
B28 0YL,E01032589,E05011141,Birmingham,E01032589
B11 4HX,E01009394,E05011171,Birmingham,E01009394
B14 4DG,E01008969,E05011124,Birmingham,E01008969
B28 0PL,E01009040,E05011141,Birmingham,E01009040
B45 8EP,E01009171,E05011164,Birmingham,E01009171
B72 1DP,E01009462,E05011181,Birmingham,E01009462
B25 8SS,E01008896,E05011186,Birmingham,E01008896
B45 8RY,E01034945,E05011164,Birmingham,E01034945
B44 9BL,E01009223,E05011159,Birmingham,E01009223
B14 4DJ,E01008969,E05011124,Birmingham,E01008969
B23 5JX,E01009458,E05011135,Birmingham,E01009458
B23 6QE,E01009006,E05011135,Birmingham,E01009006
B23 5RW,E01009002,E05011135,Birmingham,E01009002
B28 8PL,E01009023,E05011118,Birmingham,E01009023
B30 1QL,E01008954,E05011129,Birmingham,E01008954
B73 5UE,E01009458,E05011179,Birmingham,E01009458
B31 5DU,E01009158,E05011136,Birmingham,E01009158
B17 8PA,E01009066,E05011144,Birmingham,E01009066
B15 2SN,E01033562,E05011134,Birmingham,E01033562
B8 3NY,E01009488,E05011120,Birmingham,E01009488
B30 3QG,E01008975,E05011133,Birmingham,E01008975
B33 9PR,E01009311,E05011138,Birmingham,E01009311
B23 7AJ,,,,
B44 9QT,E01009233,E05011159,Birmingham,E01009233
B9 4BX,E01009200,E05011126,Birmingham,E01009200
B11 2FG,E01034952,E05011170,Birmingham,E01034952
B27 7JF,E01009025,E05011118,Birmingham,E01009025
B42 2QB,E01009244,E05011159,Birmingham,E01009244
B9 5DS,E01009333,E05011127,Birmingham,E01009333
B21 9BB,E01009355,E05011142,Birmingham,E01009355
B38 8DT,E01009119,E05011148,Birmingham,E01009119
B32 3HT,E01008920,E05011123,Birmingham,E01008920
B25 8RX,E01009513,E05011186,Birmingham,E01009513
B14 5HN,E01008947,E05011146,Birmingham,E01008947
B35 7DJ,E01009103,E05011132,Birmingham,E01009103
B36 8DN,E01009087,E05011131,Birmingham,E01009087
B75 7AX,E01009432,E05011176,Birmingham,E01009432
B74 4YF,E01009433,E05011175,Birmingham,E01009433
B17 0SA,E01009077,E05011144,Birmingham,E01009077
B29 6LX,E01009294,E05011184,Birmingham,E01009294
B29 4AB,E01009294,E05011184,Birmingham,E01009294
B32 2JR,E01009074,E05011144,Birmingham,E01009074
B75 7JR,E01009446,E05011177,Birmingham,E01009446
B27 6HZ,E01008890,E05011118,Birmingham,E01008890
B31 2SS,E01009162,E05011158,Birmingham,E01009162
B28 9BP,E01009032,E05011140,Birmingham,E01009032
B29 7ND,E01009296,E05011128,Birmingham,E01009296
B31 3BJ,E01009117,E05011148,Birmingham,E01009117
B75 6HJ,E01009446,E05011177,Birmingham,E01009446
B32 3QY,E01008921,E05011123,Birmingham,E01008921
B20 2QH,E01009051,E05011125,Birmingham,E01009051
B33 0AQ,E01009301,E05011138,Birmingham,E01009301
B23 7DU,E01009126,E05011173,Birmingham,E01009126
B42 2BZ,E01009246,E05011160,Birmingham,E01009246
B31 2EN,E01034944,E05011152,Birmingham,E01034944
B13 0AN,E01009176,E05011154,Birmingham,E01009176
B29 7SX,E01009293,E05011128,Birmingham,E01009293
B18 4NS,E01009346,E05011168,Birmingham,E01009346
B26 3SX,E01009319,E05011166,Birmingham,E01009319
B24 0QA,E01009105,E05011162,Birmingham,E01009105
B31 5BY,E01009208,E05011158,Birmingham,E01009208
B23 6HY,E01009407,E05011173,Birmingham,E01009407
B75 5DN,E01009423,E05011175,Birmingham,E01009423
B20 2JS,E01009262,E05011143,Birmingham,E01009262
B44 8JH,E01009229,E05011159,Birmingham,E01009229
B17 0EP,E01009068,E05011144,Birmingham,E01009068
B32 4JP,E01008928,E05011123,Birmingham,E01008928
B73 6QG,E01009469,E05011179,Birmingham,E01009469
B30 2YW,E01009282,E05011128,Birmingham,E01009282
B19 1EB,E01033638,E05011153,Birmingham,E01033638
B28 9BJ,E01009031,E05011140,Birmingham,E01009031
B44 8JQ,E01009229,E05011159,Birmingham,E01009229
B13 9UJ,E01009175,E05011154,Birmingham,E01009175
B7 4EP,E01033561,E05011155,Birmingham,E01033561
B35 7EP,E01009103,E05011132,Birmingham,E01009103
B11 1RU,E01009367,E05011170,Birmingham,E01009367
B14 5NJ,E01008978,E05011133,Birmingham,E01008978
B18 7EP,E01009345,E05011168,Birmingham,E01009345
B23 6NJ,E01009006,E05011135,Birmingham,E01009006
B34 6TH,E01009309,E05011165,Birmingham,E01009309
B73 6NE,E01009468,E05011179,Birmingham,E01009468
B24 0BP,E01009005,E05011135,Birmingham,E01009005
B28 0HH,E01009034,E05011140,Birmingham,E01009034
B32 1JS,E01009249,E05011163,Birmingham,E01009249
B72 1AH,E01009462,E05011181,Birmingham,E01009462
B27 7LU,E01009019,E05011118,Birmingham,E01009019
B11 3JB,E01009014,E05011140,Birmingham,E01009014
B3 2NH,E01033620,E05011151,Birmingham,E01033620
B35 6NT,E01009106,E05011132,Birmingham,E01009106
B34 6LA,E01009307,E05011165,Birmingham,E01009307
B8 1LP,E01034934,E05011120,Birmingham,E01034934
B38 8RY,E01009119,E05011148,Birmingham,E01009119
B42 2JZ,E01009243,E05011159,Birmingham,E01009243
B21 9PX,E01009266,E05011147,Birmingham,E01009266
B73 6TY,E01009467,E05011179,Birmingham,E01009467
B76 1EN,E01009439,E05011180,Birmingham,E01009439
B9 5SU,E01009342,E05011145,Birmingham,E01009342
B73 5QL,E01009466,E05011179,Birmingham,E01009466
B20 2HF,E01009350,E05011142,Birmingham,E01009350
B31 2XL,E01008958,E05011129,Birmingham,E01008958
B19 1ES,E01008907,E05011153,Birmingham,E01008907
B11 3DG,E01009017,E05011140,Birmingham,E01009017
B26 2UN,E01009316,E05011166,Birmingham,E01009316
B13 9NR,E01009044,E05011171,Birmingham,E01009044
B26 1HL,E01008885,E05011169,Birmingham,E01008885
B73 6EE,E01009449,E05011178,Birmingham,E01009449
B13 9QF,E01009176,E05011154,Birmingham,E01009176
B18 7PG,E01009348,E05011168,Birmingham,E01009348
B33 9EU,E01009094,E05011138,Birmingham,E01009094
B31 3LR,E01009214,E05011152,Birmingham,E01009214
B38 8RB,E01009108,E05011149,Birmingham,E01009108
B33 0TR,E01009512,E05011137,Birmingham,E01009512
B23 6QJ,E01034916,E05011135,Birmingham,E01034916
B73 5TA,E01009458,E05011179,Birmingham,E01009458
B13 0EB,E01008937,E05011124,Birmingham,E01008937
B73 5TD,E01009474,E05011179,Birmingham,E01009474
B42 1LJ,E01009237,E05011160,Birmingham,E01009237
B10 9PW,E01009331,E05011167,Birmingham,E01009331
B10 9PS,E01009331,E05011167,Birmingham,E01009331
B42 2GP,E01009239,E05011160,Birmingham,E01009239
B25 8SQ,E01008881,E05011186,Birmingham,E01008881
B35 6QH,E01009099,E05011132,Birmingham,E01009099
B28 0ED,E01009037,E05011141,Birmingham,E01009037
B30 3ED,E01008957,E05011172,Birmingham,E01008957
B36 8JP,E01009084,E05011131,Birmingham,E01009084
B44 0PX,E01009122,E05011150,Birmingham,E01009122
B72 1EN,E01009457,E05011181,Birmingham,E01009457
B19 2BZ,E01008906,E05011153,Birmingham,E01008906
B31 2LX,E01009205,E05011158,Birmingham,E01009205
B14 6TU,E01008966,E05011130,Birmingham,E01008966
B23 5HT,E01034913,E05011161,Birmingham,E01034913
B33 0HE,E01009322,E05011137,Birmingham,E01009322
B25 8LN,E01008886,E05011169,Birmingham,E01008886
B74 4TE,E01009421,E05011174,Birmingham,E01009421
B17 9HJ,E01009065,E05011144,Birmingham,E01009065
B29 5JQ,E01009294,E05011184,Birmingham,E01009294
B16 0JL,E01009151,E05011157,Birmingham,E01009151
B33 9JW,E01009092,E05011138,Birmingham,E01009092
B13 0HU,E01008935,E05011124,Birmingham,E01008935
B20 2RZ,E01009049,E05011143,Birmingham,E01009049
B17 8AH,E01009260,E05011163,Birmingham,E01009260
B14 6TN,E01008966,E05011130,Birmingham,E01008966
B44 8AT,E01009232,E05011150,Birmingham,E01009232
B75 7SR,E01009446,E05011177,Birmingham,E01009446
B17 9RQ,E01009072,E05011144,Birmingham,E01009072
B11 1UL,E01009371,E05011170,Birmingham,E01009371
B38 8PD,E01009111,E05011148,Birmingham,E01009111
B74 2RJ,E01009430,E05011174,Birmingham,E01009430
B20 3AP,E01009054,E05011121,Birmingham,E01009054
B23 5TL,E01009003,E05011135,Birmingham,E01009003
B75 7PR,E01009445,E05011176,Birmingham,E01009445
B44 9NB,E01009222,E05011159,Birmingham,E01009222
B43 7DT,E01009220,E05011159,Birmingham,E01009220
B74 4JS,E01009419,E05011174,Birmingham,E01009419
B73 5UL,E01009458,E05011179,Birmingham,E01009458
B14 5JR,E01008947,E05011146,Birmingham,E01008947
B8 2JX,E01009487,E05011183,Birmingham,E01009487
B31 5BT,E01009207,E05011158,Birmingham,E01009207
B45 9FH,E01009159,E05011136,Birmingham,E01009159
B10 0EG,E01009338,E05011167,Birmingham,E01009338
B24 0QQ,E01009105,E05011162,Birmingham,E01009105
B19 1NU,E01008907,E05011153,Birmingham,E01008907
B8 1JB,E01009483,E05011120,Birmingham,E01009483
B35 6JY,E01009096,E05011132,Birmingham,E01009096
B31 2BN,E01008958,E05011158,Birmingham,E01008958
B31 5EG,E01009208,E05011158,Birmingham,E01009208
B14 7PB,E01008981,E05011130,Birmingham,E01008981
B42 2PE,E01009243,E05011160,Birmingham,E01009243
B23 6AE,E01033646,E05011173,Birmingham,E01033646
B45 8SW,E01034944,E05011152,Birmingham,E01034944
B5 7QH,E01008982,E05011134,Birmingham,E01008982
B11 2JN,E01034952,E05011170,Birmingham,E01034952
B14 5EZ,E01008976,E05011133,Birmingham,E01008976
B32 1LA,E01009256,E05011163,Birmingham,E01009256
B36 8AB,E01009085,E05011131,Birmingham,E01009085
B33 9TR,E01009300,E05011138,Birmingham,E01009300
B8 3AA,E01034931,E05011120,Birmingham,E01034931
B34 7SG,E01009297,E05011165,Birmingham,E01009297
B20 1LB,E01032591,E05011143,Birmingham,E01032591
B75 6JE,E01009446,E05011177,Birmingham,E01009446
B35 6HE,E01009096,E05011132,Birmingham,E01009096
B27 7QE,E01009022,E05011118,Birmingham,E01009022
B32 3RU,E01008918,E05011123,Birmingham,E01008918
B74 4AZ,E01009425,E05011174,Birmingham,E01009425
B29 4EU,E01009494,E05011184,Birmingham,E01009494
B25 8TY,E01008897,E05011186,Birmingham,E01008897
B32 2LS,E01009073,E05011144,Birmingham,E01009073
B14 4QR,E01008945,E05011146,Birmingham,E01008945
B32 2SU,E01009256,E05011163,Birmingham,E01009256
B23 5GL,E01009458,E05011135,Birmingham,E01009458
B76 2WT,E01009434,E05011180,Birmingham,E01009434
B23 7FE,E01009411,E05011173,Birmingham,E01009411
B23 5LG,E01009403,E05011135,Birmingham,E01009403
B74 4HU,E01009421,E05011174,Birmingham,E01009421
B32 3NY,E01008917,E05011123,Birmingham,E01008917
B14 5DP,E01008947,E05011146,Birmingham,E01008947
B21 9JS,E01009275,E05011142,Birmingham,E01009275
B32 1HE,E01009251,E05011163,Birmingham,E01009251
B29 5SP,E01009064,E05011184,Birmingham,E01009064
B28 8RW,E01009023,E05011118,Birmingham,E01009023
B23 5WG,E01034915,E05011135,Birmingham,E01034915
B25 8PA,E01008882,E05011182,Birmingham,E01008882
B21 9SE,E01009354,E05011168,Birmingham,E01009354
B35 7JN,E01009101,E05011132,Birmingham,E01009101
B16 0AL,E01009153,E05011157,Birmingham,E01009153
B12 8ED,E01009371,E05011170,Birmingham,E01009371
B20 1ES,E01009279,E05011143,Birmingham,E01009279
B72 1SA,E01009449,E05011178,Birmingham,E01009449
B20 2NZ,E01009263,E05011143,Birmingham,E01009263
B32 2UB,E01009254,E05011163,Birmingham,E01009254
B8 1QH,E01009482,E05011120,Birmingham,E01009482
B19 1QD,E01033638,E05011153,Birmingham,E01033638
B23 5AG,E01034913,E05011161,Birmingham,E01034913
B13 0DG,E01008933,E05011124,Birmingham,E01008933
B44 8TX,E01009228,E05011159,Birmingham,E01009228
B74 2RL,E01009430,E05011174,Birmingham,E01009430
B33 9DP,E01009092,E05011138,Birmingham,E01009092
B76 2QB,E01009436,E05011180,Birmingham,E01009436
B13 0PE,E01008968,E05011124,Birmingham,E01008968
B73 6TZ,E01009465,E05011179,Birmingham,E01009465
B75 6SB,E01009428,E05011174,Birmingham,E01009428
B28 8SF,E01009043,E05011140,Birmingham,E01009043
B17 9UD,E01009070,E05011144,Birmingham,E01009070
B28 0AX,E01009031,E05011140,Birmingham,E01009031
B10 9DG,E01009334,E05011167,Birmingham,E01009334
B20 2PJ,E01009262,E05011143,Birmingham,E01009262
B16 0NR,E01009145,E05011157,Birmingham,E01009145
B36 8HD,E01009086,E05011131,Birmingham,E01009086
B29 7QL,E01009293,E05011128,Birmingham,E01009293
B26 1SA,E01009518,E05011185,Birmingham,E01009518
B27 6QF,E01008894,E05011118,Birmingham,E01008894
B9 5BE,E01009332,E05011127,Birmingham,E01009332
B25 8TH,E01008881,E05011169,Birmingham,E01008881
B26 3LT,E01009320,E05011166,Birmingham,E01009320
B20 2LN,E01009262,E05011143,Birmingham,E01009262
B75 5LE,E01009423,E05011177,Birmingham,E01009423
B11 2QE,E01009339,E05011170,Birmingham,E01009339
B28 9JN,E01009035,E05011140,Birmingham,E01009035
B74 4ND,E01009422,E05011174,Birmingham,E01009422
B42 1LG,E01009237,E05011160,Birmingham,E01009237
B27 7BN,E01009021,E05011118,Birmingham,E01009021
B31 3ND,E01009216,E05011152,Birmingham,E01009216
B23 6PG,E01009407,E05011173,Birmingham,E01009407
B13 0HY,E01008935,E05011124,Birmingham,E01008935
B30 2DD,E01008955,E05011172,Birmingham,E01008955
B72 1HY,E01009437,E05011178,Birmingham,E01009437
B29 4LS,E01009506,E05011184,Birmingham,E01009506
B32 3EX,E01033629,E05011123,Birmingham,E01033629
B29 6NP,E01009295,E05011184,Birmingham,E01009295
B74 2TG,E01009425,E05011174,Birmingham,E01009425
B73 6BE,E01009430,E05011178,Birmingham,E01009430
B30 2QE,E01008953,E05011172,Birmingham,E01008953
B31 2SG,E01009162,E05011152,Birmingham,E01009162
B20 3ED,E01009051,E05011121,Birmingham,E01009051
B8 2JY,E01009487,E05011183,Birmingham,E01009487
B28 8AD,E01009045,E05011140,Birmingham,E01009045
B20 3TR,E01009056,E05011125,Birmingham,E01009056
B12 8LQ,E01009375,E05011170,Birmingham,E01009375
B6 6QX,E01008916,E05011121,Birmingham,E01008916
B73 5HD,E01009462,E05011179,Birmingham,E01009462
B75 6JA,E01009446,E05011177,Birmingham,E01009446
B8 3QP,E01009484,E05011183,Birmingham,E01009484
B18 4AJ,E01009345,E05011157,Birmingham,E01009345
B16 9EF,E01008987,E05011151,Birmingham,E01008987
B44 9AH,E01009224,E05011159,Birmingham,E01009224
B23 5WJ,E01009001,E05011135,Birmingham,E01009001
B26 2UE,E01009314,E05011137,Birmingham,E01009314
B38 9RA,E01009110,E05011149,Birmingham,E01009110
B23 6PJ,E01009407,E05011173,Birmingham,E01009407
B17 9TJ,E01009072,E05011144,Birmingham,E01009072
B73 5AJ,E01009473,E05011179,Birmingham,E01009473
B19 2DD,E01008909,E05011156,Birmingham,E01008909
B20 1BB,E01009266,E05011143,Birmingham,E01009266
B27 7LE,E01009025,E05011118,Birmingham,E01009025
B31 4BN,E01009213,E05011152,Birmingham,E01009213
B20 2LB,E01009262,E05011143,Birmingham,E01009262
B28 0LL,E01009036,E05011141,Birmingham,E01009036
B73 5EP,E01009474,E05011179,Birmingham,E01009474
B76 1HB,E01009442,E05011180,Birmingham,E01009442
B6 5BL,E01008901,E05011121,Birmingham,E01008901
B21 8NP,E01009272,E05011143,Birmingham,E01009272
B31 3EH,E01009117,E05011148,Birmingham,E01009117
B11 3PE,E01009028,E05011182,Birmingham,E01009028
B42 2NS,E01009247,E05011160,Birmingham,E01009247
B6 6AT,E01034923,E05011121,Birmingham,E01034923
B20 3TY,E01009049,E05011125,Birmingham,E01009049
B10 9RR,E01009332,E05011127,Birmingham,E01009332
B5 7RF,E01008982,E05011134,Birmingham,E01008982
B76 1BU,E01009454,E05011176,Birmingham,E01009454
B75 6BX,E01009428,E05011178,Birmingham,E01009428
B11 4QA,E01009396,E05011170,Birmingham,E01009396
B14 7QA,E01008981,E05011130,Birmingham,E01008981
B13 9SH,E01009185,E05011154,Birmingham,E01009185
B26 3AL,E01009316,E05011166,Birmingham,E01009316
B31 2EX,E01008954,E05011129,Birmingham,E01008954
B24 0HP,E01009005,E05011135,Birmingham,E01009005
B73 6SH,E01009467,E05011179,Birmingham,E01009467
B44 0SS,E01009129,E05011150,Birmingham,E01009129
B26 2JD,E01009519,E05011185,Birmingham,E01009519
B28 8SJ,E01009043,E05011140,Birmingham,E01009043
B17 8NN,E01009147,E05011157,Birmingham,E01009147
B24 0SE,E01009105,E05011162,Birmingham,E01009105
B13 8NY,E01009186,E05011154,Birmingham,E01009186
B17 0PL,E01033562,E05011144,Birmingham,E01033562
B38 8AA,E01009118,E05011148,Birmingham,E01009118
B9 4JG,E01009200,E05011126,Birmingham,E01009200
B27 7SN,E01009016,E05011182,Birmingham,E01009016
B4 6HL,E01033617,E05011156,Birmingham,E01033617
B76 2SJ,E01009434,E05011180,Birmingham,E01009434
B23 6DP,E01009409,E05011139,Birmingham,E01009409
B31 5SJ,E01008930,E05011123,Birmingham,E01008930
B31 2QZ,E01009206,E05011158,Birmingham,E01009206
B10 9RP,E01009332,E05011127,Birmingham,E01009332
B73 5LP,E01009460,E05011179,Birmingham,E01009460
B15 3LU,E01008990,E05011134,Birmingham,E01008990
B72 1YE,E01009461,E05011181,Birmingham,E01009461
B1 3JH,E01033565,E05011168,Birmingham,E01033565
B12 9TA,E01009366,E05011122,Birmingham,E01009366
B32 4LW,E01008925,E05011123,Birmingham,E01008925
B35 7HJ,E01009101,E05011132,Birmingham,E01009101
B25 8RH,E01008881,E05011186,Birmingham,E01008881
B76 2PB,E01009435,E05011180,Birmingham,E01009435
B19 2AH,E01008906,E05011153,Birmingham,E01008906
B74 2RE,E01009430,E05011174,Birmingham,E01009430
B31 2UB,E01009158,E05011158,Birmingham,E01009158
B73 6BX,E01009449,E05011178,Birmingham,E01009449
B8 3SP,E01034932,E05011120,Birmingham,E01034932
B38 8RS,E01009119,E05011148,Birmingham,E01009119
B14 4ET,E01008940,E05011124,Birmingham,E01008940
B32 2QA,E01009258,E05011163,Birmingham,E01009258
B17 0NG,E01033562,E05011144,Birmingham,E01033562
B31 3SW,E01009212,E05011152,Birmingham,E01009212
B42 2EP,E01009247,E05011160,Birmingham,E01009247
B33 8EE,E01009510,E05011185,Birmingham,E01009510
B73 6QW,E01009467,E05011179,Birmingham,E01009467
B72 1RN,E01009449,E05011178,Birmingham,E01009449
B8 2NJ,E01009481,E05011183,Birmingham,E01009481
B38 9PA,E01009120,E05011149,Birmingham,E01009120
B44 9DG,E01009224,E05011159,Birmingham,E01009224
B29 7PU,E01009296,E05011128,Birmingham,E01009296
B76 2RE,E01009434,E05011180,Birmingham,E01009434
B44 8SN,E01009227,E05011159,Birmingham,E01009227
B42 2BN,E01009246,E05011160,Birmingham,E01009246
B31 4BD,E01009209,E05011152,Birmingham,E01009209
B14 5UN,E01008980,E05011133,Birmingham,E01008980
B9 4RJ,E01009332,E05011127,Birmingham,E01009332
B30 2HJ,E01008951,E05011129,Birmingham,E01008951
B27 7ST,E01009016,E05011182,Birmingham,E01009016
B75 5BW,E01009423,E05011175,Birmingham,E01009423
B14 4EQ,E01008941,E05011124,Birmingham,E01008941
B28 8SG,E01009043,E05011140,Birmingham,E01009043
B35 7JG,E01009097,E05011132,Birmingham,E01009097
B10 0DZ,E01009379,E05011127,Birmingham,E01009379
B75 7NR,E01009445,E05011176,Birmingham,E01009445
B73 5UW,E01009474,E05011179,Birmingham,E01009474
B5 6EN,E01034947,E05011126,Birmingham,E01034947
B20 2LU,E01009278,E05011143,Birmingham,E01009278
B29 4DY,E01009494,E05011184,Birmingham,E01009494
B1 3EA,E01033623,E05011168,Birmingham,E01033623
B38 9TE,E01009114,E05011149,Birmingham,E01009114
B29 7JJ,E01009283,E05011128,Birmingham,E01009283
B29 7ER,E01009283,E05011128,Birmingham,E01009283
B13 9QT,E01009185,E05011154,Birmingham,E01009185
B29 7QN,E01009288,E05011128,Birmingham,E01009288
B44 8HG,E01009227,E05011150,Birmingham,E01009227
B75 5QD,E01009415,E05011175,Birmingham,E01009415
B74 4RD,E01009417,E05011174,Birmingham,E01009417
B74 2TP,E01009425,E05011174,Birmingham,E01009425
B14 4NL,E01008946,E05011146,Birmingham,E01008946
B75 7JJ,E01009450,E05011176,Birmingham,E01009450
B45 8DX,E01009171,E05011164,Birmingham,E01009171
B73 5PJ,E01009466,E05011179,Birmingham,E01009466
B17 8TU,E01009261,E05011163,Birmingham,E01009261
B29 6DR,E01009289,E05011128,Birmingham,E01009289
B34 7ED,E01009304,E05011165,Birmingham,E01009304
B30 2SE,E01008965,E05011172,Birmingham,E01008965
B23 5PA,E01009404,E05011161,Birmingham,E01009404
B29 5LY,E01009502,E05011184,Birmingham,E01009502
B42 1SH,E01009242,E05011160,Birmingham,E01009242
B33 8DD,E01009514,E05011137,Birmingham,E01009514
B20 3SZ,E01009048,E05011125,Birmingham,E01009048
B44 8LL,E01009226,E05011159,Birmingham,E01009226
B11 3EW,E01009014,E05011140,Birmingham,E01009014
B24 8BU,E01009104,E05011162,Birmingham,E01009104
B12 0PX,E01009362,E05011126,Birmingham,E01009362
B31 4DU,E01009213,E05011152,Birmingham,E01009213
B30 2YJ,E01009282,E05011128,Birmingham,E01009282
B32 3XE,E01008919,E05011123,Birmingham,E01008919
B26 2PD,E01009324,E05011166,Birmingham,E01009324
B15 3NB,E01008991,E05011134,Birmingham,E01008991
B13 9QP,E01009176,E05011154,Birmingham,E01009176
B76 1JD,E01009440,E05011180,Birmingham,E01009440
B75 5UF,E01009416,E05011177,Birmingham,E01009416
B8 2RE,E01009086,E05011131,Birmingham,E01009086
B19 3QG,E01034930,E05011156,Birmingham,E01034930
B35 7LG,E01009097,E05011132,Birmingham,E01009097
B23 5LQ,E01009403,E05011135,Birmingham,E01009403
B28 9DA,E01009032,E05011140,Birmingham,E01009032
B18 4EZ,E01009346,E05011157,Birmingham,E01009346
B17 8AP,E01009260,E05011163,Birmingham,E01009260
B74 4NH,E01009422,E05011174,Birmingham,E01009422
B44 9UG,E01009226,E05011159,Birmingham,E01009226
B74 4DB,E01009425,E05011175,Birmingham,E01009425
B14 5DD,E01008943,E05011146,Birmingham,E01008943
B8 3RZ,E01009492,E05011138,Birmingham,E01009492
B32 1QJ,E01009250,E05011163,Birmingham,E01009250
B44 8NP,E01009225,E05011159,Birmingham,E01009225
B36 8HG,E01009085,E05011131,Birmingham,E01009085
B11 4JF,E01009389,E05011171,Birmingham,E01009389
B33 0NA,E01009302,E05011138,Birmingham,E01009302
B13 9YL,E01009394,E05011154,Birmingham,E01009394
B13 0AY,E01008933,E05011124,Birmingham,E01008933
B76 9DJ,E01009450,E05011180,Birmingham,E01009450
B14 4JG,E01008944,E05011124,Birmingham,E01008944
B33 9DA,E01009092,E05011138,Birmingham,E01009092
B74 4RY,E01009422,E05011175,Birmingham,E01009422
B8 2PQ,E01009490,E05011138,Birmingham,E01009490
B73 6BD,E01009430,E05011178,Birmingham,E01009430
B14 4DH,E01008969,E05011124,Birmingham,E01008969
B27 7PS,E01009016,E05011182,Birmingham,E01009016
B33 9RX,E01009298,E05011138,Birmingham,E01009298
B31 4AH,E01009209,E05011152,Birmingham,E01009209
B23 7HW,E01009125,E05011173,Birmingham,E01009125
B73 6QS,E01009469,E05011179,Birmingham,E01009469
B30 3RD,E01008975,E05011133,Birmingham,E01008975
B26 1EN,E01008891,E05011169,Birmingham,E01008891
B6 7AW,E01008915,E05011121,Birmingham,E01008915
B42 1RE,E01009242,E05011160,Birmingham,E01009242
B73 6TD,E01009465,E05011179,Birmingham,E01009465
B26 2LG,E01009519,E05011185,Birmingham,E01009519
B17 9TN,E01009070,E05011144,Birmingham,E01009070
B18 7LH,E01009348,E05011168,Birmingham,E01009348
B3 1TS,E01033623,E05011168,Birmingham,E01033623
B28 0BL,E01009031,E05011140,Birmingham,E01009031
B16 8ED,E01009141,E05011151,Birmingham,E01009141
B72 1EA,E01009457,E05011181,Birmingham,E01009457
B75 5TF,E01009416,E05011177,Birmingham,E01009416
B20 3SE,E01009057,E05011125,Birmingham,E01009057
B14 6ND,E01008973,E05011130,Birmingham,E01008973
B30 2RR,E01008965,E05011172,Birmingham,E01008965
B11 4JJ,E01009389,E05011171,Birmingham,E01009389
B73 5JS,E01009460,E05011179,Birmingham,E01009460
B24 9DU,E01009008,E05011135,Birmingham,E01009008
B15 3JH,E01008992,E05011134,Birmingham,E01008992
B15 3QL,E01008991,E05011134,Birmingham,E01008991
B23 7FF,E01009411,E05011173,Birmingham,E01009411
B16 0SJ,E01009140,E05011157,Birmingham,E01009140
B13 0PF,E01008968,E05011124,Birmingham,E01008968
B14 5NX,E01008976,E05011133,Birmingham,E01008976
B34 7QA,E01009306,E05011165,Birmingham,E01009306
B10 9EB,E01009327,E05011167,Birmingham,E01009327
B10 9LA,E01009326,E05011167,Birmingham,E01009326
B73 5RS,E01009459,E05011179,Birmingham,E01009459
B12 8RL,E01009377,E05011170,Birmingham,E01009377
B31 3DF,E01009211,E05011152,Birmingham,E01009211
B29 4BP,E01009294,E05011184,Birmingham,E01009294
B45 0ES,E01034943,E05011136,Birmingham,E01034943
B27 7LG,E01009025,E05011118,Birmingham,E01009025
B30 1TT,E01009281,E05011129,Birmingham,E01009281
B29 5UT,E01009500,E05011184,Birmingham,E01009500
B21 0JD,E01009354,E05011147,Birmingham,E01009354
B45 9TZ,E01009165,E05011164,Birmingham,E01009165
B30 2DE,E01008952,E05011172,Birmingham,E01008952
B38 8JA,E01009212,E05011152,Birmingham,E01009212
B18 5BB,E01009347,E05011168,Birmingham,E01009347
B28 9JB,E01032589,E05011141,Birmingham,E01032589
B33 9BU,E01009092,E05011138,Birmingham,E01009092
B8 1LT,E01034934,E05011120,Birmingham,E01034934
B21 8ED,E01009269,E05011147,Birmingham,E01009269
B44 9AX,E01009225,E05011159,Birmingham,E01009225
B31 3LY,E01009212,E05011152,Birmingham,E01009212
B31 1DF,E01009495,E05011123,Birmingham,E01009495
B25 8TJ,E01008881,E05011169,Birmingham,E01008881
B13 0QT,E01008935,E05011124,Birmingham,E01008935
B20 1LR,E01032591,E05011143,Birmingham,E01032591
B16 9NT,E01008990,E05011134,Birmingham,E01008990
B20 2LL,E01009262,E05011143,Birmingham,E01009262
B35 6NY,E01009106,E05011132,Birmingham,E01009106
B33 9LX,E01009093,E05011138,Birmingham,E01009093
B26 3TA,E01009319,E05011166,Birmingham,E01009319
B29 4JD,E01009496,E05011119,Birmingham,E01009496
B33 0AH,E01009299,E05011138,Birmingham,E01009299
B7 5QS,E01009201,E05011155,Birmingham,E01009201
B45 0DJ,E01009157,E05011136,Birmingham,E01009157
B19 2AY,E01008906,E05011153,Birmingham,E01008906
B23 7QG,E01009414,E05011173,Birmingham,E01009414
B19 3RH,E01034929,E05011156,Birmingham,E01034929
B14 5LS,E01008976,E05011133,Birmingham,E01008976
B7 5PG,E01009202,E05011155,Birmingham,E01009202
B76 9BB,E01009441,E05011180,Birmingham,E01009441
B76 2SX,E01009450,E05011180,Birmingham,E01009450
B31 2QH,E01009206,E05011158,Birmingham,E01009206
B26 1BP,E01008886,E05011169,Birmingham,E01008886
B76 1NR,E01009437,E05011180,Birmingham,E01009437
B15 2DL,E01033624,E05011151,Birmingham,E01033624
B31 3LJ,E01009214,E05011152,Birmingham,E01009214
B44 8BH,E01009232,E05011150,Birmingham,E01009232
B21 9QZ,E01009273,E05011147,Birmingham,E01009273
B12 0RR,E01009364,E05011126,Birmingham,E01009364
B31 2PY,E01009206,E05011158,Birmingham,E01009206
B12 8AS,E01009399,E05011154,Birmingham,E01009399
B42 2PR,E01009236,E05011160,Birmingham,E01009236
B26 2JG,E01009519,E05011185,Birmingham,E01009519
B13 0NN,E01008938,E05011124,Birmingham,E01008938
B42 1LF,E01009237,E05011160,Birmingham,E01009237
B73 5DW,E01009472,E05011179,Birmingham,E01009472
B30 2DA,E01008952,E05011172,Birmingham,E01008952
B35 6BE,E01009096,E05011132,Birmingham,E01009096
B73 5PG,E01009466,E05011181,Birmingham,E01009466
B18 5PJ,,,,
B75 6RN,E01009429,E05011177,Birmingham,E01009429
B25 8NX,E01008882,E05011182,Birmingham,E01008882
B23 5AU,E01034913,E05011161,Birmingham,E01034913
B74 2QP,E01009430,E05011174,Birmingham,E01009430
B1 3ND,E01033623,E05011168,Birmingham,E01033623
B32 1NB,E01009257,E05011163,Birmingham,E01009257
B73 6UU,E01009465,E05011179,Birmingham,E01009465
B42 2NJ,E01009238,E05011160,Birmingham,E01009238
B23 5ND,E01009405,E05011161,Birmingham,E01009405
B17 8AX,E01009260,E05011163,Birmingham,E01009260
B35 7NB,E01009097,E05011132,Birmingham,E01009097
B19 1DU,E01033638,E05011153,Birmingham,E01033638
B27 7YG,E01009018,E05011118,Birmingham,E01009018
B12 0NJ,E01034946,E05011126,Birmingham,E01034946
B17 8JE,E01009138,E05011157,Birmingham,E01009138
B45 8SQ,E01034944,E05011152,Birmingham,E01034944
B28 8HD,E01009046,E05011140,Birmingham,E01009046
B32 2AA,E01009251,E05011163,Birmingham,E01009251
B28 8NT,E01009023,E05011118,Birmingham,E01009023
B25 8UF,E01008898,E05011182,Birmingham,E01008898
B32 1QU,E01009253,E05011163,Birmingham,E01009253
B17 0QR,E01009077,E05011144,Birmingham,E01009077
B9 4PL,E01009199,E05011126,Birmingham,E01009199
B11 2JD,E01034952,E05011170,Birmingham,E01034952
B17 9EH,E01009067,E05011144,Birmingham,E01009067
B19 3AJ,E01034930,E05011156,Birmingham,E01034930
B16 9ET,E01009140,E05011151,Birmingham,E01009140
B13 8NE,E01009183,E05011154,Birmingham,E01009183
B72 1JJ,E01009449,E05011181,Birmingham,E01009449
B44 8RS,E01009229,E05011159,Birmingham,E01009229
B18 4AH,E01009346,E05011157,Birmingham,E01009346
B5 7NF,E01008995,E05011122,Birmingham,E01008995
B23 6SR,E01009007,E05011135,Birmingham,E01009007
B8 2DS,E01009090,E05011131,Birmingham,E01009090
B13 0BT,E01008934,E05011124,Birmingham,E01008934
B38 8PS,E01009114,E05011148,Birmingham,E01009114
B38 8HX,E01009214,E05011152,Birmingham,E01009214
B15 2QE,E01034937,E05011134,Birmingham,E01034937
B5 7DY,,,,
B73 6HX,E01009449,E05011178,Birmingham,E01009449
B30 2SB,E01008965,E05011172,Birmingham,E01008965
B36 8PP,E01009081,E05011131,Birmingham,E01009081
B31 3XP,E01009211,E05011152,Birmingham,E01009211
B76 1DT,E01009439,E05011180,Birmingham,E01009439
B8 3GA,E01034932,E05011120,Birmingham,E01034932
B29 6AF,E01034940,E05011128,Birmingham,E01034940
B23 7HU,E01009126,E05011173,Birmingham,E01009126
B31 3HN,E01009214,E05011152,Birmingham,E01009214
B13 8HJ,E01009184,E05011154,Birmingham,E01009184
B42 2NN,E01009247,E05011160,Birmingham,E01009247
B16 0ED,E01009153,E05011157,Birmingham,E01009153
B44 8EH,E01009231,E05011150,Birmingham,E01009231
B12 9AN,E01009367,E05011122,Birmingham,E01009367
B32 1AP,E01009250,E05011163,Birmingham,E01009250
B31 2EJ,E01009218,E05011129,Birmingham,E01009218
B25 8SA,E01009513,E05011186,Birmingham,E01009513
B35 6PZ,E01009099,E05011132,Birmingham,E01009099
B45 9UB,E01009160,E05011136,Birmingham,E01009160
B21 0TJ,E01034922,E05011168,Birmingham,E01034922
B92 9BA,E01009320,E05011166,Birmingham,E01009320
B10 0ED,E01009329,E05011127,Birmingham,E01009329
B28 8HE,E01009046,E05011140,Birmingham,E01009046
B14 4HW,E01008945,E05011146,Birmingham,E01008945
B73 6BL,E01009424,E05011178,Birmingham,E01009424
B31 2LB,E01009218,E05011158,Birmingham,E01009218
B24 9LY,E01009011,E05011162,Birmingham,E01009011
B10 0DF,E01009363,E05011127,Birmingham,E01009363
B36 8LW,E01009080,E05011131,Birmingham,E01009080
B20 2JT,E01009262,E05011143,Birmingham,E01009262
B16 9EB,E01008987,E05011151,Birmingham,E01008987
B8 2AR,E01009490,E05011183,Birmingham,E01009490
B30 1RG,E01008950,E05011129,Birmingham,E01008950
B76 1DY,E01009442,E05011180,Birmingham,E01009442
B14 6HH,E01008967,E05011130,Birmingham,E01008967
B11 3QP,E01009026,E05011182,Birmingham,E01009026
B23 7HB,E01009410,E05011173,Birmingham,E01009410
B72 1LU,E01009471,E05011181,Birmingham,E01009471
B38 8NP,E01009111,E05011148,Birmingham,E01009111
B26 2SG,E01009324,E05011137,Birmingham,E01009324
B25 8XZ,E01009518,E05011185,Birmingham,E01009518
B24 8JE,E01008999,E05011139,Birmingham,E01008999
B30 2EN,E01008960,E05011129,Birmingham,E01008960
B20 2AE,E01009049,E05011143,Birmingham,E01009049
B13 9RJ,E01009189,E05011154,Birmingham,E01009189
B35 7LN,E01009099,E05011132,Birmingham,E01009099
B75 7HP,E01009450,E05011176,Birmingham,E01009450
B44 0QQ,E01009130,E05011150,Birmingham,E01009130
B38 9HT,E01009110,E05011149,Birmingham,E01009110
B29 4QS,E01009494,E05011184,Birmingham,E01009494
B34 7LP,E01009308,E05011165,Birmingham,E01009308
B75 5UN,E01009416,E05011177,Birmingham,E01009416
B73 6DP,E01009449,E05011178,Birmingham,E01009449
B44 8SU,E01009228,E05011159,Birmingham,E01009228
B10 0NL,E01009379,E05011127,Birmingham,E01009379
B32 1DS,E01009253,E05011163,Birmingham,E01009253
B44 8HQ,E01009227,E05011150,Birmingham,E01009227
B20 3JG,E01009051,E05011125,Birmingham,E01009051
B31 2ER,E01008962,E05011129,Birmingham,E01008962
B29 4BH,E01009294,E05011184,Birmingham,E01009294
B23 5YA,E01009135,E05011161,Birmingham,E01009135
B73 5RJ,E01009459,E05011179,Birmingham,E01009459
B15 2JH,E01008997,E05011134,Birmingham,E01008997
B15 2UT,E01008997,E05011134,Birmingham,E01008997
B42 2HU,E01009243,E05011160,Birmingham,E01009243
B15 2JD,E01008995,E05011134,Birmingham,E01008995
B31 5JE,E01034942,E05011136,Birmingham,E01034942
B14 7SX,E01009177,E05011130,Birmingham,E01009177
B17 9LP,E01009068,E05011144,Birmingham,E01009068
B29 6AP,E01034940,E05011128,Birmingham,E01034940
B36 8UY,E01009082,E05011131,Birmingham,E01009082
B5 7SD,E01008982,E05011134,Birmingham,E01008982
B21 0NL,E01009354,E05011168,Birmingham,E01009354
B13 0BY,E01008934,E05011124,Birmingham,E01008934
B23 5PF,E01009406,E05011161,Birmingham,E01009406
B12 8BG,E01009399,E05011154,Birmingham,E01009399
B32 1NN,E01009249,E05011163,Birmingham,E01009249
B75 7LH,E01009445,E05011176,Birmingham,E01009445
B31 3SG,E01009212,E05011152,Birmingham,E01009212
B28 0HW,E01009034,E05011140,Birmingham,E01009034
B31 4EY,E01009213,E05011152,Birmingham,E01009213
B75 6TU,E01009431,E05011175,Birmingham,E01009431
B31 4NW,E01034945,E05011152,Birmingham,E01034945
B32 1EN,E01009249,E05011163,Birmingham,E01009249
B25 8RR,E01008897,E05011186,Birmingham,E01008897
B32 4LP,E01008925,E05011123,Birmingham,E01008925
B30 3BE,E01008957,E05011172,Birmingham,E01008957
B73 6QP,E01009469,E05011179,Birmingham,E01009469
B75 5UB,E01009416,E05011177,Birmingham,E01009416
B30 1RD,E01009281,E05011129,Birmingham,E01009281
B17 0QD,E01009077,E05011144,Birmingham,E01009077
B73 6HP,E01009471,E05011178,Birmingham,E01009471
B76 9RQ,E01009441,E05011180,Birmingham,E01009441
B31 3HR,E01009211,E05011152,Birmingham,E01009211
B35 6JU,E01009096,E05011132,Birmingham,E01009096
B30 3NN,E01008975,E05011133,Birmingham,E01008975
B42 2AF,E01009234,E05011160,Birmingham,E01009234
B17 9JA,E01009065,E05011144,Birmingham,E01009065
B75 7RP,E01009424,E05011178,Birmingham,E01009424
B44 8UW,E01009227,E05011159,Birmingham,E01009227
B31 5HF,E01009159,E05011136,Birmingham,E01009159
B73 5LY,E01009463,E05011181,Birmingham,E01009463
B18 6DE,E01033559,E05011168,Birmingham,E01033559
B19 2LA,E01008913,E05011156,Birmingham,E01008913
B36 8AW,E01009085,E05011131,Birmingham,E01009085
B26 3DR,,,,
B30 1EW,E01008954,E05011129,Birmingham,E01008954
B7 5PX,E01009201,E05011155,Birmingham,E01009201
B30 2LT,E01008955,E05011172,Birmingham,E01008955
B31 3HQ,E01009211,E05011152,Birmingham,E01009211
B11 4LB,E01009396,E05011170,Birmingham,E01009396
B73 5LJ,E01009456,E05011179,Birmingham,E01009456
B74 2XB,E01009425,E05011175,Birmingham,E01009425
B34 6ET,E01009091,E05011138,Birmingham,E01009091
B20 1DS,E01009279,E05011143,Birmingham,E01009279
B27 7EP,E01009021,E05011118,Birmingham,E01009021
B36 8PN,E01009081,E05011131,Birmingham,E01009081
B31 4JG,E01009213,E05011152,Birmingham,E01009213
B31 1PN,E01009498,E05011123,Birmingham,E01009498
B26 2QD,E01009323,E05011166,Birmingham,E01009323
B17 0SW,E01009071,E05011144,Birmingham,E01009071
B19 2NZ,E01008913,E05011156,Birmingham,E01008913
B44 0SE,E01009129,E05011150,Birmingham,E01009129
B74 2SE,E01009430,E05011174,Birmingham,E01009430
B1 1WF,,,,
B24 8JP,E01008998,E05011139,Birmingham,E01008998
B75 6AR,E01009444,E05011177,Birmingham,E01009444
B75 7SA,E01009447,E05011176,Birmingham,E01009447
B44 9JH,E01009221,E05011159,Birmingham,E01009221
B8 1ST,E01009484,E05011120,Birmingham,E01009484
B30 1PL,E01008956,E05011129,Birmingham,E01008956
B15 3PU,E01008989,E05011134,Birmingham,E01008989
B27 7QS,E01009022,E05011118,Birmingham,E01009022
B31 1SH,E01009498,E05011119,Birmingham,E01009498
B33 8JP,E01009514,E05011137,Birmingham,E01009514
B44 8RE,E01009229,E05011159,Birmingham,E01009229
B21 0NQ,E01009354,E05011168,Birmingham,E01009354
B17 9SX,E01009067,E05011144,Birmingham,E01009067
B33 9PF,E01009311,E05011138,Birmingham,E01009311
B14 4EY,E01008940,E05011124,Birmingham,E01008940
B11 1PE,E01033650,E05011170,Birmingham,E01033650
B34 6LJ,E01009087,E05011131,Birmingham,E01009087
B17 9BW,E01009067,E05011144,Birmingham,E01009067
B31 3AE,E01009205,E05011148,Birmingham,E01009205
B16 8XF,E01008987,E05011151,Birmingham,E01008987
B13 8EX,E01009184,E05011154,Birmingham,E01009184
B19 2EL,E01008909,E05011156,Birmingham,E01008909
B44 9BG,E01009223,E05011159,Birmingham,E01009223
B6 4UH,E01008910,E05011156,Birmingham,E01008910
B73 6HU,E01009466,E05011178,Birmingham,E01009466
B29 4EP,E01009505,E05011184,Birmingham,E01009505
B44 0EX,E01009122,E05011150,Birmingham,E01009122
B73 5EJ,E01009474,E05011179,Birmingham,E01009474
B32 3SP,E01008918,E05011123,Birmingham,E01008918
B8 3SE,E01034932,E05011120,Birmingham,E01034932
B29 7AQ,E01034941,E05011128,Birmingham,E01034941
B16 0DQ,E01009153,E05011157,Birmingham,E01009153
B34 7EJ,E01009304,E05011165,Birmingham,E01009304
B14 6BJ,E01008968,E05011130,Birmingham,E01008968
B32 3HU,E01008920,E05011123,Birmingham,E01008920
B31 1AD,E01008924,E05011123,Birmingham,E01008924
B30 3DG,E01008961,E05011129,Birmingham,E01008961
B12 0XH,,,,
B15 3TJ,E01008990,E05011134,Birmingham,E01008990
B15 2EU,E01008997,E05011134,Birmingham,E01008997
B74 2DD,E01009464,E05011179,Birmingham,E01009464
B17 8ST,E01009260,E05011163,Birmingham,E01009260
B44 8LH,E01009226,E05011159,Birmingham,E01009226
B35 7LP,E01009099,E05011132,Birmingham,E01009099
B31 3AB,E01009205,E05011148,Birmingham,E01009205
B45 9LF,E01009164,E05011164,Birmingham,E01009164
B20 3PA,E01009057,E05011125,Birmingham,E01009057
B14 6QG,E01008973,E05011130,Birmingham,E01008973
B27 7XW,E01009018,E05011118,Birmingham,E01009018
B13 0UP,E01008937,E05011124,Birmingham,E01008937
B11 3SN,E01033643,E05011171,Birmingham,E01033643
B14 4ES,E01008940,E05011124,Birmingham,E01008940
B24 0UB,E01009009,E05011162,Birmingham,E01009009
B35 6JJ,E01009096,E05011132,Birmingham,E01009096
B24 0DN,E01009009,E05011135,Birmingham,E01009009
B21 0HT,E01009354,E05011147,Birmingham,E01009354
B23 7HH,E01009125,E05011173,Birmingham,E01009125
B15 2UW,E01034936,E05011134,Birmingham,E01034936
B8 3SG,E01034932,E05011120,Birmingham,E01034932
B24 8JS,E01008998,E05011139,Birmingham,E01008998
B17 9DW,E01009068,E05011144,Birmingham,E01009068
B13 9RY,E01009187,E05011154,Birmingham,E01009187
B30 1HF,E01008954,E05011129,Birmingham,E01008954
B25 8JG,E01008887,E05011169,Birmingham,E01008887
B74 2TF,E01009427,E05011174,Birmingham,E01009427
B14 7PJ,E01008981,E05011130,Birmingham,E01008981
B30 2PW,E01008952,E05011172,Birmingham,E01008952
B17 9UA,E01009070,E05011144,Birmingham,E01009070
B23 5PG,E01009406,E05011161,Birmingham,E01009406
B18 4DT,E01009346,E05011157,Birmingham,E01009346
B18 7LZ,E01009347,E05011168,Birmingham,E01009347
B6 5NH,E01034924,E05011121,Birmingham,E01034924
B16 8FL,E01033618,E05011151,Birmingham,E01033618
B11 4QT,E01009371,E05011170,Birmingham,E01009371
B6 5LY,E01034924,E05011121,Birmingham,E01034924
B23 7SA,E01009410,E05011173,Birmingham,E01009410
B74 2UH,E01009423,E05011175,Birmingham,E01009423
B13 9XN,E01009394,E05011154,Birmingham,E01009394
B42 1TN,E01009245,E05011160,Birmingham,E01009245
B12 8SX,E01009375,E05011122,Birmingham,E01009375
B16 9JP,E01008986,E05011157,Birmingham,E01008986
B14 5PY,E01008979,E05011133,Birmingham,E01008979
B42 2AY,E01009234,E05011160,Birmingham,E01009234
B38 9NA,E01009109,E05011149,Birmingham,E01009109
B6 6LE,E01034923,E05011121,Birmingham,E01034923
B31 4DA,E01009215,E05011152,Birmingham,E01009215
B16 0SP,E01009140,E05011157,Birmingham,E01009140
B38 9PL,E01009120,E05011149,Birmingham,E01009120
B13 9AA,E01009385,E05011154,Birmingham,E01009385
B31 3XD,E01009211,E05011152,Birmingham,E01009211
B34 6QP,E01009307,E05011165,Birmingham,E01009307
B3 3LG,E01033620,E05011168,Birmingham,E01033620
B15 2ER,E01008997,E05011134,Birmingham,E01008997
B8 1TB,E01009192,E05011120,Birmingham,E01009192
B33 0XE,E01009512,E05011137,Birmingham,E01009512
B24 0HW,E01009005,E05011135,Birmingham,E01009005
B11 4AJ,E01033643,E05011171,Birmingham,E01033643
B74 2HD,E01009430,E05011174,Birmingham,E01009430
B7 4DA,E01033561,E05011155,Birmingham,E01033561
B6 4UN,E01034926,E05011156,Birmingham,E01034926
B28 0QP,E01009041,E05011141,Birmingham,E01009041
B17 9BL,E01009067,E05011144,Birmingham,E01009067
B44 8NQ,E01009227,E05011159,Birmingham,E01009227
B42 2LB,E01009239,E05011160,Birmingham,E01009239
B16 0NG,E01009145,E05011157,Birmingham,E01009145
B11 3QH,E01009028,E05011182,Birmingham,E01009028
B33 8UP,E01009515,E05011186,Birmingham,E01009515
B14 7AG,E01009178,E05011130,Birmingham,E01009178
B44 8RP,E01009229,E05011159,Birmingham,E01009229
B26 2RP,E01009314,E05011166,Birmingham,E01009314
B16 8XL,E01009143,E05011151,Birmingham,E01009143
B30 3EU,E01009119,E05011148,Birmingham,E01009119
B38 9UL,E01009114,E05011149,Birmingham,E01009114
B13 8HB,E01009184,E05011154,Birmingham,E01009184
B75 5DD,E01009429,E05011175,Birmingham,E01009429
B74 4JX,E01009417,E05011174,Birmingham,E01009417
B1 2PP,E01033627,E05011151,Birmingham,E01033627
B75 5EQ,E01009425,E05011175,Birmingham,E01009425
B26 3BG,E01009316,E05011166,Birmingham,E01009316
B29 4HR,E01009494,E05011184,Birmingham,E01009494
B17 9NR,E01009069,E05011144,Birmingham,E01009069
B26 2TU,E01009323,E05011137,Birmingham,E01009323
B34 7RA,E01009306,E05011165,Birmingham,E01009306
B18 6NJ,E01033559,E05011168,Birmingham,E01033559
B45 9NW,E01009159,E05011164,Birmingham,E01009159
B23 6PR,E01009405,E05011173,Birmingham,E01009405
B19 1NA,E01009060,E05011153,Birmingham,E01009060
B33 0RB,E01009321,E05011166,Birmingham,E01009321
B44 8NR,E01009248,E05011159,Birmingham,E01009248
B5 7PG,E01008984,E05011122,Birmingham,E01008984
B25 8DG,E01008884,E05011182,Birmingham,E01008884
B13 0BP,E01008934,E05011124,Birmingham,E01008934
B74 4DE,E01009418,E05011175,Birmingham,E01009418
B32 4BU,E01033629,E05011123,Birmingham,E01033629
B27 7SB,E01009016,E05011182,Birmingham,E01009016
B20 2HA,E01009264,E05011142,Birmingham,E01009264
B7 5JN,E01009202,E05011155,Birmingham,E01009202
B8 2QH,E01009478,E05011183,Birmingham,E01009478
B23 6NP,E01009407,E05011135,Birmingham,E01009407
B3 1AT,E01033622,E05011168,Birmingham,E01033622
B30 3QX,E01008975,E05011133,Birmingham,E01008975
B34 7PY,E01009306,E05011165,Birmingham,E01009306
B31 2EY,E01008962,E05011129,Birmingham,E01008962
B29 4JR,E01009504,E05011184,Birmingham,E01009504
B26 3AD,E01009316,E05011166,Birmingham,E01009316
B13 0UA,E01008933,E05011124,Birmingham,E01008933
B24 0NZ,E01009096,E05011162,Birmingham,E01009096
B6 5HX,E01034926,E05011121,Birmingham,E01034926
B26 1LU,E01009312,E05011166,Birmingham,E01009312
B28 8NQ,E01009043,E05011140,Birmingham,E01009043
B30 2YE,E01009282,E05011128,Birmingham,E01009282
B17 9NS,E01009069,E05011144,Birmingham,E01009069
B43 6DU,E01009243,E05011160,Birmingham,E01009243
B14 6AA,E01008981,E05011130,Birmingham,E01008981
B28 9JZ,E01009032,E05011140,Birmingham,E01009032
B14 5QT,E01008978,E05011133,Birmingham,E01008978
B72 1BN,E01009461,E05011181,Birmingham,E01009461
B18 4QZ,E01009360,E05011168,Birmingham,E01009360
B8 3LY,E01009488,E05011120,Birmingham,E01009488
B14 5US,E01008980,E05011133,Birmingham,E01008980
B30 2HG,E01008951,E05011129,Birmingham,E01008951
B45 9RB,E01009167,E05011164,Birmingham,E01009167
B26 2NX,E01009312,E05011166,Birmingham,E01009312
B28 0BQ,E01009037,E05011141,Birmingham,E01009037
B33 9HA,E01009094,E05011138,Birmingham,E01009094
B34 6HL,E01009091,E05011131,Birmingham,E01009091
B36 8UA,E01009082,E05011131,Birmingham,E01009082
B33 9RR,E01009298,E05011138,Birmingham,E01009298
B23 5GG,E01034914,E05011161,Birmingham,E01034914
B16 0AR,E01009153,E05011157,Birmingham,E01009153
B5 6EL,E01034947,E05011126,Birmingham,E01034947
B28 9AX,E01009030,E05011140,Birmingham,E01009030
B32 3LQ,E01033629,E05011123,Birmingham,E01033629
B27 7DS,E01009015,E05011118,Birmingham,E01009015
B8 2UU,E01009479,E05011183,Birmingham,E01009479
B13 8JJ,E01009184,E05011154,Birmingham,E01009184
B76 1BW,E01009454,E05011176,Birmingham,E01009454
B75 7TD,E01009432,E05011178,Birmingham,E01009432
B31 5LY,E01009172,E05011119,Birmingham,E01009172
B44 0AT,E01009132,E05011161,Birmingham,E01009132
B27 6NR,E01008895,E05011118,Birmingham,E01008895
B29 5TX,E01008924,E05011123,Birmingham,E01008924
B33 9BL,E01009095,E05011138,Birmingham,E01009095
B28 9EE,E01009032,E05011140,Birmingham,E01009032
B17 8SE,E01009260,E05011163,Birmingham,E01009260
B32 1BD,E01009250,E05011163,Birmingham,E01009250
B74 2RU,E01009427,E05011174,Birmingham,E01009427
B33 8JA,E01009511,E05011137,Birmingham,E01009511
B32 4JJ,E01008928,E05011123,Birmingham,E01008928
B24 9RB,E01009104,E05011162,Birmingham,E01009104
B74 2PP,E01009427,E05011174,Birmingham,E01009427
B73 6BB,E01009430,E05011178,Birmingham,E01009430
B17 8HL,E01009139,E05011157,Birmingham,E01009139
B29 6EG,E01009289,E05011128,Birmingham,E01009289
B1 1QP,E01033616,E05011151,Birmingham,E01033616
B23 5NR,E01009405,E05011161,Birmingham,E01009405
B31 5BH,E01009207,E05011158,Birmingham,E01009207
B17 9RT,E01009070,E05011144,Birmingham,E01009070
B73 5JW,E01009462,E05011181,Birmingham,E01009462
B42 2RA,E01009223,E05011159,Birmingham,E01009223
B13 9SL,E01009185,E05011154,Birmingham,E01009185
B38 8PL,E01009111,E05011148,Birmingham,E01009111
B38 0AL,E01009120,E05011149,Birmingham,E01009120
B33 9QT,E01009298,E05011138,Birmingham,E01009298
B23 5EN,E01009403,E05011161,Birmingham,E01009403
B30 3QP,E01009120,E05011149,Birmingham,E01009120
B7 4LJ,E01009204,E05011155,Birmingham,E01009204
B75 6TF,E01009431,E05011175,Birmingham,E01009431
B17 8SA,E01009261,E05011163,Birmingham,E01009261
B73 6BT,E01009424,E05011178,Birmingham,E01009424
B17 0ED,E01009068,E05011144,Birmingham,E01009068
B44 0PU,E01009134,E05011150,Birmingham,E01009134
B75 7JW,E01009448,E05011176,Birmingham,E01009448
B13 8PE,E01009186,E05011154,Birmingham,E01009186
B20 1DJ,E01009267,E05011143,Birmingham,E01009267
B13 8PW,E01008963,E05011172,Birmingham,E01008963
B13 0TT,E01008932,E05011124,Birmingham,E01008932
B35 6BY,E01009096,E05011132,Birmingham,E01009096
B23 5AT,E01009136,E05011161,Birmingham,E01009136
B76 2RR,E01009434,E05011180,Birmingham,E01009434
B14 4HH,E01008940,E05011124,Birmingham,E01008940
B73 6HH,E01009466,E05011178,Birmingham,E01009466
B73 5NE,E01009462,E05011181,Birmingham,E01009462
B30 2UH,E01008965,E05011172,Birmingham,E01008965
B44 0DL,E01009134,E05011150,Birmingham,E01009134
B13 0JE,E01008935,E05011124,Birmingham,E01008935
B76 1LY,E01009439,E05011180,Birmingham,E01009439
B32 3QF,E01033629,E05011123,Birmingham,E01033629
B27 6JH,E01008890,E05011118,Birmingham,E01008890
B20 2LG,E01009262,E05011143,Birmingham,E01009262
B45 9BQ,E01009167,E05011164,Birmingham,E01009167
B19 3SH,E01034930,E05011156,Birmingham,E01034930
B14 5XY,E01008979,E05011133,Birmingham,E01008979
B31 3AW,E01009217,E05011152,Birmingham,E01009217
B8 3LS,E01009488,E05011120,Birmingham,E01009488
B30 3QN,E01008977,E05011133,Birmingham,E01008977
B12 8RJ,E01009376,E05011170,Birmingham,E01009376
B42 2FU,E01009243,E05011159,Birmingham,E01009243
B19 2LW,E01034925,E05011153,Birmingham,E01034925
B44 9HD,E01009222,E05011159,Birmingham,E01009222
B17 9BG,E01009067,E05011144,Birmingham,E01009067
B24 8PG,E01009400,E05011139,Birmingham,E01009400
B13 9YF,E01009176,E05011154,Birmingham,E01009176
B73 6QA,E01009469,E05011179,Birmingham,E01009469
B17 0LT,E01009075,E05011144,Birmingham,E01009075
B32 1QS,E01009250,E05011163,Birmingham,E01009250
B76 1GT,E01009440,E05011180,Birmingham,E01009440
B44 9QS,E01009233,E05011159,Birmingham,E01009233
B13 0DP,E01008933,E05011124,Birmingham,E01008933
B6 4TB,E01008910,E05011156,Birmingham,E01008910
B35 6AH,E01009096,E05011132,Birmingham,E01009096
B25 8QL,E01008898,E05011182,Birmingham,E01008898
B26 3NR,E01009320,E05011166,Birmingham,E01009320
B44 0AH,E01009132,E05011150,Birmingham,E01009132
B24 0LA,E01009011,E05011162,Birmingham,E01009011
B23 5TN,E01009003,E05011135,Birmingham,E01009003
B13 0TJ,E01008932,E05011124,Birmingham,E01008932
B45 8TP,E01034944,E05011152,Birmingham,E01034944
B19 1JL,E01009062,E05011153,Birmingham,E01009062
B20 3SA,E01009049,E05011125,Birmingham,E01009049
B31 2BX,E01008958,E05011158,Birmingham,E01008958
B72 1JX,E01009457,E05011181,Birmingham,E01009457
B6 6AD,E01009060,E05011121,Birmingham,E01009060
B42 1JQ,E01009235,E05011160,Birmingham,E01009235
B12 8UA,E01009375,E05011170,Birmingham,E01009375
B28 8LZ,E01009043,E05011140,Birmingham,E01009043
B28 0JH,E01009036,E05011141,Birmingham,E01009036
B13 0BZ,E01008934,E05011124,Birmingham,E01008934
B25 8TB,E01008897,E05011186,Birmingham,E01008897
B14 5QG,E01008979,E05011133,Birmingham,E01008979
B38 9NB,E01009109,E05011149,Birmingham,E01009109
B8 3LB,E01009489,E05011120,Birmingham,E01009489
B32 2AL,E01009261,E05011163,Birmingham,E01009261
B24 0BS,E01009005,E05011135,Birmingham,E01009005
B14 4AZ,E01008943,E05011146,Birmingham,E01008943
B31 4AQ,E01009209,E05011152,Birmingham,E01009209
B75 6NG,E01009426,E05011177,Birmingham,E01009426
B30 2UZ,E01008964,E05011172,Birmingham,E01008964
B17 9TA,E01009067,E05011144,Birmingham,E01009067
B25 8UA,E01008881,E05011186,Birmingham,E01008881
B15 3NW,E01008991,E05011134,Birmingham,E01008991
B9 5XZ,E01009342,E05011145,Birmingham,E01009342
B13 9QR,E01009176,E05011154,Birmingham,E01009176
B13 9XX,E01009394,E05011154,Birmingham,E01009394
B20 2SD,E01009050,E05011125,Birmingham,E01009050
B75 7AH,E01009424,E05011178,Birmingham,E01009424
B16 0QJ,E01009145,E05011157,Birmingham,E01009145
B26 1LD,E01008888,E05011169,Birmingham,E01008888
B42 2QT,E01009244,E05011159,Birmingham,E01009244
B13 8EU,E01009184,E05011154,Birmingham,E01009184
B75 5PG,E01009416,E05011177,Birmingham,E01009416
B28 0UX,E01009042,E05011141,Birmingham,E01009042
B38 9LG,,,,
B16 0HX,E01009152,E05011157,Birmingham,E01009152
B75 7NW,E01009446,E05011177,Birmingham,E01009446
B38 9UW,E01009114,E05011149,Birmingham,E01009114
B31 2GD,E01009213,E05011158,Birmingham,E01009213
B35 7JH,E01009101,E05011132,Birmingham,E01009101
B75 7NS,E01009448,E05011176,Birmingham,E01009448
B76 9AR,E01009441,E05011180,Birmingham,E01009441
B26 2LP,E01009520,E05011185,Birmingham,E01009520
B13 0QB,E01008936,E05011124,Birmingham,E01008936
B35 7HN,E01009101,E05011132,Birmingham,E01009101
B35 7PE,E01009106,E05011132,Birmingham,E01009106
B28 8QU,E01009024,E05011118,Birmingham,E01009024
B29 4JS,E01009504,E05011184,Birmingham,E01009504
B12 8QE,E01033648,E05011170,Birmingham,E01033648
B72 1LA,E01009471,E05011181,Birmingham,E01009471
B24 9DQ,E01009012,E05011135,Birmingham,E01009012
B30 3QH,E01008975,E05011133,Birmingham,E01008975
B36 8SX,E01009082,E05011131,Birmingham,E01009082
B14 6PJ,E01008967,E05011130,Birmingham,E01008967
B44 8RW,E01009230,E05011159,Birmingham,E01009230
B36 8HJ,E01009086,E05011131,Birmingham,E01009086
B32 2HY,E01009070,E05011144,Birmingham,E01009070
B24 0JH,E01009098,E05011162,Birmingham,E01009098
B75 5RT,E01009416,E05011177,Birmingham,E01009416
B76 1YP,E01009440,E05011180,Birmingham,E01009440
B31 1XL,E01008924,E05011123,Birmingham,E01008924
B17 0JT,E01009069,E05011144,Birmingham,E01009069
B35 7LZ,E01009097,E05011132,Birmingham,E01009097
B75 7SJ,E01009446,E05011176,Birmingham,E01009446
B30 2RP,E01008965,E05011172,Birmingham,E01008965
B32 3DP,E01008920,E05011123,Birmingham,E01008920
B33 8HT,E01009516,E05011185,Birmingham,E01009516
B27 6PP,E01008895,E05011118,Birmingham,E01008895
B45 8ST,E01009171,E05011164,Birmingham,E01009171
B10 9DJ,E01009335,E05011167,Birmingham,E01009335
B32 3RD,E01008917,E05011123,Birmingham,E01008917
B14 5QE,E01008979,E05011133,Birmingham,E01008979
B8 1SP,E01009484,E05011120,Birmingham,E01009484
B12 8JG,E01009371,E05011170,Birmingham,E01009371
B31 1XB,E01008929,E05011123,Birmingham,E01008929
B13 9PB,E01009185,E05011154,Birmingham,E01009185
B31 3TN,E01009210,E05011152,Birmingham,E01009210
B20 1HJ,E01009276,E05011143,Birmingham,E01009276
B28 0DQ,E01009037,E05011141,Birmingham,E01009037
B31 4LJ,E01009166,E05011152,Birmingham,E01009166
B8 3PP,E01009492,E05011138,Birmingham,E01009492
B35 7DG,E01009103,E05011132,Birmingham,E01009103
B31 5NN,E01009158,E05011136,Birmingham,E01009158
B28 9AU,E01009030,E05011140,Birmingham,E01009030
B73 5QY,E01009456,E05011179,Birmingham,E01009456
B31 4SD,E01009216,E05011152,Birmingham,E01009216
B31 5AE,E01009499,E05011119,Birmingham,E01009499
B28 0HA,E01009031,E05011140,Birmingham,E01009031
B27 6NT,E01008893,E05011118,Birmingham,E01008893
B31 2DX,E01009218,E05011158,Birmingham,E01009218
B14 4PF,E01008946,E05011146,Birmingham,E01008946
B28 9DL,E01009032,E05011140,Birmingham,E01009032
B20 3BE,E01009054,E05011121,Birmingham,E01009054
B17 0NL,E01009075,E05011144,Birmingham,E01009075
B16 9NQ,E01008989,E05011157,Birmingham,E01008989
B34 7NB,E01009310,E05011165,Birmingham,E01009310
B26 1HX,E01008888,E05011169,Birmingham,E01008888
B32 3DU,E01009500,E05011184,Birmingham,E01009500
B27 7DU,E01009015,E05011118,Birmingham,E01009015
B23 5JB,E01034914,E05011161,Birmingham,E01034914
B31 4DR,E01009213,E05011152,Birmingham,E01009213
B31 4LT,E01034944,E05011152,Birmingham,E01034944
B20 2ET,E01009265,E05011142,Birmingham,E01009265
B17 8TH,E01009260,E05011163,Birmingham,E01009260
B33 0ED,E01009299,E05011138,Birmingham,E01009299
B28 0DR,E01009037,E05011141,Birmingham,E01009037
B19 1SZ,E01009060,E05011153,Birmingham,E01009060
B31 1FD,E01009497,E05011119,Birmingham,E01009497
B19 1JN,E01009062,E05011153,Birmingham,E01009062
B8 2ED,E01009481,E05011183,Birmingham,E01009481
B30 3PQ,E01008974,E05011133,Birmingham,E01008974
B16 8HB,E01034948,E05011151,Birmingham,E01034948
B33 9PX,E01009311,E05011138,Birmingham,E01009311
B14 4TY,E01008946,E05011146,Birmingham,E01008946
B14 7TF,E01009177,E05011130,Birmingham,E01009177
B76 1LG,E01009439,E05011180,Birmingham,E01009439
B31 2RQ,E01009209,E05011158,Birmingham,E01009209
B9 4RL,E01009332,E05011127,Birmingham,E01009332
B15 2NH,E01008994,E05011134,Birmingham,E01008994
B1 2NJ,E01033622,E05011151,Birmingham,E01033622
B29 6QD,E01009294,E05011184,Birmingham,E01009294
B29 4PX,E01009493,E05011184,Birmingham,E01009493
B72 1JD,E01009437,E05011178,Birmingham,E01009437
B75 6DZ,E01009428,E05011178,Birmingham,E01009428
B5 6DT,E01033561,E05011126,Birmingham,E01033561
B27 7TN,E01009029,E05011118,Birmingham,E01009029
B12 8EH,E01009397,E05011170,Birmingham,E01009397
B6 5PD,E01034923,E05011121,Birmingham,E01034923
B33 9ER,E01009094,E05011138,Birmingham,E01009094
B44 0BT,E01009137,E05011150,Birmingham,E01009137
B27 7HA,E01009021,E05011118,Birmingham,E01009021
B16 0QB,E01009138,E05011157,Birmingham,E01009138
B26 1RY,E01009518,E05011185,Birmingham,E01009518
B29 5RN,E01009500,E05011184,Birmingham,E01009500
B34 7BX,E01009307,E05011165,Birmingham,E01009307
B31 2RR,E01009209,E05011158,Birmingham,E01009209
B75 5TH,E01009416,E05011177,Birmingham,E01009416
B74 4LE,E01009418,E05011175,Birmingham,E01009418
B76 1PG,E01009435,E05011176,Birmingham,E01009435
B16 8EA,E01009141,E05011151,Birmingham,E01009141
B34 6LH,E01009087,E05011131,Birmingham,E01009087
B33 8PD,E01009518,E05011185,Birmingham,E01009518
B20 1BX,E01009278,E05011143,Birmingham,E01009278
B29 5ND,E01009505,E05011184,Birmingham,E01009505
B23 5DN,E01009136,E05011161,Birmingham,E01009136
B27 6AQ,E01008889,E05011118,Birmingham,E01008889
B26 1JD,E01008888,E05011169,Birmingham,E01008888
B72 1XJ,E01009461,E05011181,Birmingham,E01009461
B31 4HN,E01009213,E05011152,Birmingham,E01009213
B28 8EZ,E01009046,E05011140,Birmingham,E01009046
B11 3RD,E01009026,E05011182,Birmingham,E01009026
B76 2TS,E01009452,E05011180,Birmingham,E01009452
B38 9NH,E01009109,E05011149,Birmingham,E01009109
B13 0HJ,E01008935,E05011124,Birmingham,E01008935
B27 6EY,E01008892,E05011118,Birmingham,E01008892
B33 9BX,E01009092,E05011138,Birmingham,E01009092
B13 8LD,E01009183,E05011154,Birmingham,E01009183
B35 7DN,E01009103,E05011132,Birmingham,E01009103
B30 1PB,E01008960,E05011129,Birmingham,E01008960
B25 8YA,E01009515,E05011185,Birmingham,E01009515
B9 5EP,E01009344,E05011127,Birmingham,E01009344
B20 3DR,E01009051,E05011121,Birmingham,E01009051
B33 0AA,E01009299,E05011138,Birmingham,E01009299
B27 6HW,E01008892,E05011118,Birmingham,E01008892
B34 7DB,E01009309,E05011165,Birmingham,E01009309
B34 6RQ,E01009307,E05011165,Birmingham,E01009307
B76 1JW,E01009454,E05011176,Birmingham,E01009454
B23 5DG,E01034914,E05011161,Birmingham,E01034914
B44 8LX,E01009227,E05011159,Birmingham,E01009227
B10 0LE,E01009380,E05011127,Birmingham,E01009380
B6 6SB,E01008899,E05011121,Birmingham,E01008899
B11 4NP,E01009382,E05011171,Birmingham,E01009382
B31 5ES,E01009158,E05011136,Birmingham,E01009158
B31 2LH,E01009219,E05011158,Birmingham,E01009219
B75 7EQ,E01009452,E05011176,Birmingham,E01009452
B72 1JA,E01009437,E05011181,Birmingham,E01009437
B72 1XE,E01009463,E05011181,Birmingham,E01009463
B27 6DG,E01008894,E05011118,Birmingham,E01008894
B30 1HT,E01008956,E05011129,Birmingham,E01008956
B28 0AA,E01009046,E05011140,Birmingham,E01009046
B27 6HY,E01008890,E05011118,Birmingham,E01008890
B29 5EH,E01009503,E05011184,Birmingham,E01009503
B11 1LJ,E01009368,E05011170,Birmingham,E01009368
B75 5UL,E01009416,E05011177,Birmingham,E01009416
B11 4JD,E01009389,E05011171,Birmingham,E01009389
B23 5GS,E01034914,E05011161,Birmingham,E01034914
B29 6GS,E01009284,E05011129,Birmingham,E01009284
B76 1HG,E01009442,E05011180,Birmingham,E01009442
B17 8PH,E01009065,E05011144,Birmingham,E01009065
B13 8LA,E01009183,E05011154,Birmingham,E01009183
B31 1DB,E01008929,E05011123,Birmingham,E01008929
B19 3AY,E01034929,E05011156,Birmingham,E01034929
B29 5BS,E01009504,E05011184,Birmingham,E01009504
B18 4HN,E01009152,E05011157,Birmingham,E01009152
B8 3RF,E01009492,E05011138,Birmingham,E01009492
B36 8BL,E01009087,E05011131,Birmingham,E01009087
B33 0NJ,E01009303,E05011138,Birmingham,E01009303
B75 7HU,E01009445,E05011176,Birmingham,E01009445
B20 2AG,E01009049,E05011143,Birmingham,E01009049
B5 7BU,E01009362,E05011126,Birmingham,E01009362
B24 0LT,E01009100,E05011162,Birmingham,E01009100
B31 1QZ,E01009499,E05011119,Birmingham,E01009499
B28 8DT,E01009045,E05011140,Birmingham,E01009045
B16 0NX,E01009151,E05011157,Birmingham,E01009151
B17 8PU,E01009066,E05011144,Birmingham,E01009066
B28 0QY,E01009036,E05011141,Birmingham,E01009036
B72 1UU,E01009424,E05011178,Birmingham,E01009424
B26 3RB,E01009319,E05011166,Birmingham,E01009319
B24 0NW,E01009098,E05011162,Birmingham,E01009098
B38 8AG,E01009118,E05011148,Birmingham,E01009118
B14 7QZ,E01009178,E05011130,Birmingham,E01009178
B31 5PA,E01009173,E05011119,Birmingham,E01009173
B12 0AF,E01034947,E05011126,Birmingham,E01034947
B27 7UY,E01009018,E05011118,Birmingham,E01009018
B24 0LQ,E01009100,E05011162,Birmingham,E01009100
B15 2PL,E01033562,E05011134,Birmingham,E01033562
B31 5GT,E01009162,E05011136,Birmingham,E01009162
B75 6QU,E01009426,E05011177,Birmingham,E01009426
B31 4AB,E01009210,E05011152,Birmingham,E01009210
B13 0EL,E01008934,E05011124,Birmingham,E01008934
B9 5QX,E01009343,E05011127,Birmingham,E01009343
B19 2XS,E01033638,E05011156,Birmingham,E01033638
B19 2NF,E01034925,E05011153,Birmingham,E01034925
B17 9EX,E01009068,E05011144,Birmingham,E01009068
B26 2AG,E01009518,E05011185,Birmingham,E01009518
B13 9PP,E01009185,E05011154,Birmingham,E01009185
B35 7FD,E01009097,E05011132,Birmingham,E01009097
B27 7RH,E01009022,E05011118,Birmingham,E01009022
B29 4QX,E01009494,E05011184,Birmingham,E01009494
B24 0NE,E01009098,E05011162,Birmingham,E01009098
B21 0HQ,E01009354,E05011147,Birmingham,E01009354
B75 5RE,E01009416,E05011177,Birmingham,E01009416
B17 8PD,E01009066,E05011144,Birmingham,E01009066
B73 6EN,E01009449,E05011178,Birmingham,E01009449
B25 8NF,E01008886,E05011169,Birmingham,E01008886
B28 8SP,E01009014,E05011182,Birmingham,E01009014
B14 4QE,E01008945,E05011146,Birmingham,E01008945
B9 5SL,E01009477,E05011145,Birmingham,E01009477
B36 8JJ,E01009085,E05011131,Birmingham,E01009085
B31 4TA,E01009170,E05011152,Birmingham,E01009170
B76 1JG,E01009440,E05011180,Birmingham,E01009440
B14 4BD,E01008943,E05011146,Birmingham,E01008943
B33 8DX,E01009510,E05011185,Birmingham,E01009510
B23 6JB,E01009406,E05011173,Birmingham,E01009406
B29 4QE,E01009496,E05011119,Birmingham,E01009496
B75 6PU,E01009426,E05011177,Birmingham,E01009426
B36 8PB,E01009084,E05011131,Birmingham,E01009084
B10 0LG,E01009329,E05011127,Birmingham,E01009329
B45 8UR,E01034945,E05011164,Birmingham,E01034945
B17 0UA,E01009072,E05011144,Birmingham,E01009072
B8 2BF,E01009486,E05011183,Birmingham,E01009486
B27 7PG,E01009022,E05011118,Birmingham,E01009022
B25 8BA,E01008883,E05011182,Birmingham,E01008883
B44 0JA,E01009122,E05011150,Birmingham,E01009122
B32 2NQ,E01009074,E05011144,Birmingham,E01009074
B26 3TH,E01009315,E05011166,Birmingham,E01009315
B16 8UZ,E01008987,E05011157,Birmingham,E01008987
B20 2JZ,E01009278,E05011143,Birmingham,E01009278
B13 0JT,E01008938,E05011124,Birmingham,E01008938
B20 2BY,E01009352,E05011142,Birmingham,E01009352
B44 0JS,E01009128,E05011150,Birmingham,E01009128
B21 9BP,E01009352,E05011142,Birmingham,E01009352
B21 8HH,E01009272,E05011143,Birmingham,E01009272
B14 7ES,E01009175,E05011130,Birmingham,E01009175
B29 6HQ,E01009290,E05011128,Birmingham,E01009290
B24 9BA,E01009013,E05011135,Birmingham,E01009013
B23 6HP,E01009410,E05011173,Birmingham,E01009410
B29 6TY,E01009280,E05011129,Birmingham,E01009280
B29 5JJ,E01009291,E05011184,Birmingham,E01009291
B27 7QU,E01009020,E05011118,Birmingham,E01009020
B30 1TY,E01009281,E05011129,Birmingham,E01009281
B20 2JY,E01009278,E05011143,Birmingham,E01009278
B10 9BH,E01009325,E05011167,Birmingham,E01009325
B33 9AG,E01009095,E05011138,Birmingham,E01009095
B23 7EP,E01009410,E05011173,Birmingham,E01009410
B9 4BS,E01009199,E05011126,Birmingham,E01009199
B17 9AS,E01009252,E05011163,Birmingham,E01009252
B76 2UP,E01009455,E05011176,Birmingham,E01009455
B26 1AS,E01008885,E05011169,Birmingham,E01008885
B24 0PH,E01009105,E05011162,Birmingham,E01009105
B76 1AW,E01009438,E05011180,Birmingham,E01009438
B13 8JG,E01009184,E05011154,Birmingham,E01009184
B74 4PU,E01009421,E05011174,Birmingham,E01009421
B44 8NS,E01009225,E05011159,Birmingham,E01009225
B35 6NH,E01009106,E05011132,Birmingham,E01009106
B76 1SL,E01009435,E05011176,Birmingham,E01009435
B31 4EU,E01009215,E05011152,Birmingham,E01009215
B44 0DJ,E01009134,E05011150,Birmingham,E01009134
B38 8YS,E01009118,E05011148,Birmingham,E01009118
B14 4AD,E01008969,E05011124,Birmingham,E01008969
B14 7QQ,E01008981,E05011130,Birmingham,E01008981
B18 7JT,E01009348,E05011168,Birmingham,E01009348
B12 8LA,E01033648,E05011170,Birmingham,E01033648
B23 5HB,E01009404,E05011161,Birmingham,E01009404
B42 2NA,E01009241,E05011160,Birmingham,E01009241
B24 9NZ,E01009011,E05011135,Birmingham,E01009011
B23 7DX,E01009126,E05011173,Birmingham,E01009126
B75 7DZ,E01009452,E05011176,Birmingham,E01009452
B76 1PE,E01009455,E05011176,Birmingham,E01009455
B16 9PQ,E01008989,E05011134,Birmingham,E01008989
B29 4HH,E01009494,E05011184,Birmingham,E01009494
B13 0AW,E01009176,E05011154,Birmingham,E01009176
B19 1NR,,,,
B8 3NB,E01009488,E05011120,Birmingham,E01009488
B14 4JL,E01008944,E05011124,Birmingham,E01008944
B29 5QY,E01009502,E05011184,Birmingham,E01009502
B24 9RJ,E01009104,E05011162,Birmingham,E01009104
B8 2XU,E01009484,E05011183,Birmingham,E01009484
B24 9AU,E01009012,E05011135,Birmingham,E01009012
B33 0XD,E01009512,E05011137,Birmingham,E01009512
B45 8UT,E01034945,E05011164,Birmingham,E01034945
B20 3ES,E01009054,E05011121,Birmingham,E01009054
B33 8LQ,E01009512,E05011137,Birmingham,E01009512
B35 6PL,E01009106,E05011132,Birmingham,E01009106
B44 8HN,E01009230,E05011150,Birmingham,E01009230
B12 9QA,E01034939,E05011122,Birmingham,E01034939
B25 8HB,E01008882,E05011182,Birmingham,E01008882
B31 1PD,E01009497,E05011119,Birmingham,E01009497
B44 0HS,E01009122,E05011150,Birmingham,E01009122
B8 2RF,E01009086,E05011131,Birmingham,E01009086
B27 6BN,E01008894,E05011118,Birmingham,E01008894
B38 9HP,E01009109,E05011149,Birmingham,E01009109
B24 8EH,E01008998,E05011139,Birmingham,E01008998
B17 0LN,E01009075,E05011144,Birmingham,E01009075
B8 3AX,E01034932,E05011120,Birmingham,E01034932
B26 3SU,E01009318,E05011166,Birmingham,E01009318
B13 8ND,E01009186,E05011154,Birmingham,E01009186
B42 2JQ,E01009245,E05011160,Birmingham,E01009245
B23 7SP,E01009125,E05011173,Birmingham,E01009125
B45 9UQ,E01009159,E05011164,Birmingham,E01009159
B31 2DD,E01008958,E05011129,Birmingham,E01008958
B20 1DU,E01009276,E05011143,Birmingham,E01009276
B24 9NN,E01009102,E05011162,Birmingham,E01009102
B31 1HP,E01009495,E05011119,Birmingham,E01009495
B75 7AR,E01009424,E05011178,Birmingham,E01009424
B75 5AD,E01009431,E05011175,Birmingham,E01009431
B45 8SF,E01009169,E05011164,Birmingham,E01009169
B42 2QP,E01009248,E05011159,Birmingham,E01009248
B28 0FJ,E01009036,E05011141,Birmingham,E01009036
B28 8ND,E01009043,E05011140,Birmingham,E01009043
B29 7HQ,E01009283,E05011128,Birmingham,E01009283
B15 1NJ,E01008994,E05011134,Birmingham,E01008994
B23 6NX,E01009407,E05011173,Birmingham,E01009407
B32 3HJ,E01033629,E05011123,Birmingham,E01033629
B31 3RJ,E01009215,E05011152,Birmingham,E01009215
B33 8PT,E01009515,E05011186,Birmingham,E01009515
B72 1YZ,E01009461,E05011181,Birmingham,E01009461
B13 8LT,E01009183,E05011154,Birmingham,E01009183
B75 7PS,E01009445,E05011176,Birmingham,E01009445
B35 6QL,E01009096,E05011132,Birmingham,E01009096
B72 1LF,E01009471,E05011181,Birmingham,E01009471
B31 3TR,E01009210,E05011152,Birmingham,E01009210
B7 5SG,E01009202,E05011155,Birmingham,E01009202
B13 0TL,E01008932,E05011124,Birmingham,E01008932
B26 2HN,E01009519,E05011185,Birmingham,E01009519
B32 1DJ,E01009253,E05011163,Birmingham,E01009253
B31 2SR,E01009162,E05011158,Birmingham,E01009162
B17 9JG,E01009065,E05011144,Birmingham,E01009065
B17 0HR,E01008992,E05011134,Birmingham,E01008992
B27 7EW,E01009021,E05011118,Birmingham,E01009021
B23 5NG,E01009404,E05011161,Birmingham,E01009404
B26 3TW,E01009315,E05011166,Birmingham,E01009315
B27 7LP,E01009024,E05011118,Birmingham,E01009024
B44 8AR,E01009232,E05011150,Birmingham,E01009232
B9 5JJ,E01009341,E05011145,Birmingham,E01009341
B23 7LB,E01009412,E05011173,Birmingham,E01009412
B42 2FR,E01009244,E05011159,Birmingham,E01009244
B33 8QU,E01009510,E05011185,Birmingham,E01009510
B35 7BX,E01009103,E05011132,Birmingham,E01009103
B31 1BS,E01008929,E05011123,Birmingham,E01008929
B31 2EG,E01009218,E05011129,Birmingham,E01009218
B32 4AJ,E01008925,E05011123,Birmingham,E01008925
B24 9SR,E01009102,E05011162,Birmingham,E01009102
B29 4AY,E01009294,E05011184,Birmingham,E01009294
B18 7AN,E01009153,E05011157,Birmingham,E01009153
B73 5XP,E01009468,E05011179,Birmingham,E01009468
B17 8RJ,E01009252,E05011163,Birmingham,E01009252
B8 3EX,E01009476,E05011138,Birmingham,E01009476
B30 1RX,E01008958,E05011129,Birmingham,E01008958
B6 7FG,E01009232,E05011160,Birmingham,E01009232
B5 7NP,E01008995,E05011122,Birmingham,E01008995
B72 1QJ,E01009449,E05011178,Birmingham,E01009449
B74 2RH,E01009427,E05011174,Birmingham,E01009427
B31 1AX,E01033629,E05011123,Birmingham,E01033629
B12 0RL,E01034947,E05011126,Birmingham,E01034947
B29 4EG,E01009505,E05011184,Birmingham,E01009505
B18 5AA,E01033559,E05011168,Birmingham,E01033559
B42 1NY,E01009237,E05011160,Birmingham,E01009237
B19 2NJ,E01008911,E05011156,Birmingham,E01008911
B13 9DB,E01009389,E05011154,Birmingham,E01009389
B31 1BN,E01008929,E05011123,Birmingham,E01008929
B27 7EB,E01009021,E05011118,Birmingham,E01009021
B11 2RH,E01009339,E05011170,Birmingham,E01009339
B73 5LU,E01009459,E05011181,Birmingham,E01009459
B24 9SD,E01009104,E05011162,Birmingham,E01009104
B13 9JT,E01009394,E05011154,Birmingham,E01009394
B8 2TG,E01009487,E05011183,Birmingham,E01009487
B26 2EG,E01009517,E05011137,Birmingham,E01009517
B14 5NG,E01008978,E05011133,Birmingham,E01008978
B23 5AF,E01034913,E05011161,Birmingham,E01034913
B44 0AY,E01009122,E05011161,Birmingham,E01009122
B24 8QX,E01008999,E05011139,Birmingham,E01008999
B75 6NA,E01009426,E05011177,Birmingham,E01009426
B42 1SS,E01009242,E05011160,Birmingham,E01009242
B32 1BB,E01009250,E05011163,Birmingham,E01009250
B72 1JS,E01009471,E05011181,Birmingham,E01009471
B44 9QA,E01009233,E05011159,Birmingham,E01009233
B35 7PU,E01009099,E05011132,Birmingham,E01009099
B5 7UR,E01008997,E05011134,Birmingham,E01008997
B11 4AP,E01034953,E05011171,Birmingham,E01034953
B13 9RG,E01009189,E05011154,Birmingham,E01009189
B26 1RZ,E01009521,E05011185,Birmingham,E01009521
B44 8LB,E01009230,E05011150,Birmingham,E01009230
B8 3DR,E01034931,E05011120,Birmingham,E01034931
B28 0HN,E01009035,E05011140,Birmingham,E01009035
B19 2NH,E01008911,E05011156,Birmingham,E01008911
B23 5HS,E01034913,E05011161,Birmingham,E01034913
B76 1YU,E01009438,E05011180,Birmingham,E01009438
B20 1JE,E01032591,E05011143,Birmingham,E01032591
B36 8BU,E01009080,E05011131,Birmingham,E01009080
B23 5TS,E01034915,E05011135,Birmingham,E01034915
B33 0PG,E01009321,E05011166,Birmingham,E01009321
B5 7XQ,E01008984,E05011134,Birmingham,E01008984
B44 0RG,E01009127,E05011150,Birmingham,E01009127
B23 7BF,E01009124,E05011173,Birmingham,E01009124
B76 2TR,E01009450,E05011180,Birmingham,E01009450
B17 9PB,E01009069,E05011144,Birmingham,E01009069
B1 3DT,E01033565,E05011168,Birmingham,E01033565
B13 0JA,E01008935,E05011124,Birmingham,E01008935
B38 9QH,E01009110,E05011149,Birmingham,E01009110
B34 7LF,E01009308,E05011165,Birmingham,E01009308
B17 0QP,E01009071,E05011144,Birmingham,E01009071
B30 1TN,E01009281,E05011129,Birmingham,E01009281
B24 0SW,E01009098,E05011162,Birmingham,E01009098
B76 9RL,E01009441,E05011180,Birmingham,E01009441
B45 0HQ,E01009160,E05011136,Birmingham,E01009160
B19 1QY,E01008905,E05011153,Birmingham,E01008905
B23 7PT,E01009413,E05011173,Birmingham,E01009413
B42 1QJ,E01009240,E05011160,Birmingham,E01009240
B74 4JQ,E01009419,E05011174,Birmingham,E01009419
B26 3UJ,E01009318,E05011166,Birmingham,E01009318
B29 4HW,E01009505,E05011184,Birmingham,E01009505
B16 8XS,E01009143,E05011151,Birmingham,E01009143
B32 1JD,E01009251,E05011163,Birmingham,E01009251
B38 8PR,E01009114,E05011148,Birmingham,E01009114
B28 0NH,E01009039,E05011141,Birmingham,E01009039
B33 8RA,E01009508,E05011185,Birmingham,E01009508
B7 5SN,E01009202,E05011155,Birmingham,E01009202
B74 2ST,E01009427,E05011174,Birmingham,E01009427
B45 0LN,E01009155,E05011136,Birmingham,E01009155
B12 8RF,E01009377,E05011170,Birmingham,E01009377
B13 0LL,E01008938,E05011124,Birmingham,E01008938
B27 6PA,E01008895,E05011118,Birmingham,E01008895
B19 1QA,E01008905,E05011153,Birmingham,E01008905
B31 2GY,E01034944,E05011152,Birmingham,E01034944
B30 1AY,E01008962,E05011129,Birmingham,E01008962
B19 2PY,E01008913,E05011156,Birmingham,E01008913
B16 0QF,E01009138,E05011157,Birmingham,E01009138
B32 2HW,E01009070,E05011144,Birmingham,E01009070
B76 2RG,E01009434,E05011180,Birmingham,E01009434
B30 1AG,E01008961,E05011129,Birmingham,E01008961
B29 7DA,E01009286,E05011128,Birmingham,E01009286
B28 8QH,E01009023,E05011118,Birmingham,E01009023
B31 1LP,E01009497,E05011119,Birmingham,E01009497
B42 2JP,E01009248,E05011159,Birmingham,E01009248
B16 8AN,E01034948,E05011151,Birmingham,E01034948
B31 5HL,E01009162,E05011158,Birmingham,E01009162
B75 6TX,E01009431,E05011175,Birmingham,E01009431
B14 5HB,E01008976,E05011133,Birmingham,E01008976
B13 8EN,E01009385,E05011154,Birmingham,E01009385
B5 7DU,E01034947,E05011126,Birmingham,E01034947
B73 6DZ,E01009449,E05011178,Birmingham,E01009449
B19 1JS,E01009062,E05011153,Birmingham,E01009062
B23 7YB,E01009411,E05011173,Birmingham,E01009411
B29 7LZ,E01009296,E05011128,Birmingham,E01009296
B32 3QX,E01008921,E05011123,Birmingham,E01008921
B76 1NP,E01009437,E05011180,Birmingham,E01009437
B32 3EN,E01008920,E05011123,Birmingham,E01008920
B27 7QN,E01009022,E05011118,Birmingham,E01009022
B34 6EZ,E01009091,E05011138,Birmingham,E01009091
B23 7RT,E01009125,E05011173,Birmingham,E01009125
B73 6JX,E01009467,E05011179,Birmingham,E01009467
B30 3NH,E01008977,E05011133,Birmingham,E01008977
B33 8RJ,E01009508,E05011185,Birmingham,E01009508
B15 3LD,E01008992,E05011134,Birmingham,E01008992
B72 1BH,E01009462,E05011181,Birmingham,E01009462
B27 6JY,E01008892,E05011118,Birmingham,E01008892
B16 0DT,E01009153,E05011151,Birmingham,E01009153
B26 3PQ,E01009320,E05011166,Birmingham,E01009320
B26 3SN,E01009319,E05011166,Birmingham,E01009319
B24 8LY,E01009400,E05011139,Birmingham,E01009400
B25 8PT,E01008881,E05011182,Birmingham,E01008881
B74 4NS,E01009417,E05011174,Birmingham,E01009417
B13 0TB,E01008933,E05011124,Birmingham,E01008933
B42 2HH,E01009238,E05011160,Birmingham,E01009238
B6 6AA,E01009062,E05011121,Birmingham,E01009062
B38 8YH,E01009118,E05011148,Birmingham,E01009118
B38 8BH,E01009116,E05011148,Birmingham,E01009116
B29 5LE,E01009501,E05011184,Birmingham,E01009501
B73 6UL,E01009465,E05011179,Birmingham,E01009465
B42 1JB,E01009246,E05011160,Birmingham,E01009246
B33 8PJ,E01009515,E05011185,Birmingham,E01009515
B29 6TQ,E01009284,E05011184,Birmingham,E01009284
B33 8DT,E01009510,E05011185,Birmingham,E01009510
B27 6BX,E01008894,E05011118,Birmingham,E01008894
B9 4AY,E01033561,E05011126,Birmingham,E01033561
B33 8DJ,E01009510,E05011185,Birmingham,E01009510
B29 5PX,E01009503,E05011184,Birmingham,E01009503
B28 8ER,E01009014,E05011182,Birmingham,E01009014
B29 5BB,E01009504,E05011184,Birmingham,E01009504
B9 4UU,E01034932,E05011126,Birmingham,E01034932
B23 6LQ,E01009405,E05011161,Birmingham,E01009405
B14 4NS,E01008946,E05011146,Birmingham,E01008946
B32 2DY,E01009254,E05011163,Birmingham,E01009254
B13 8PX,E01009184,E05011154,Birmingham,E01009184
B14 4JN,E01008944,E05011124,Birmingham,E01008944
B42 1RU,E01009240,E05011160,Birmingham,E01009240
B13 9PE,E01009185,E05011154,Birmingham,E01009185
B17 9HD,E01009065,E05011144,Birmingham,E01009065
B29 5DN,E01009501,E05011184,Birmingham,E01009501
B20 3QJ,E01009059,E05011125,Birmingham,E01009059
B16 0DE,E01009153,E05011151,Birmingham,E01009153
B18 4ED,E01009346,E05011157,Birmingham,E01009346
B13 9YJ,E01009394,E05011154,Birmingham,E01009394
B13 9TJ,E01009188,E05011154,Birmingham,E01009188
B17 0DS,E01009068,E05011144,Birmingham,E01009068
B12 8BX,E01009399,E05011170,Birmingham,E01009399
B23 6NQ,E01009006,E05011135,Birmingham,E01009006
B30 2TR,E01008963,E05011172,Birmingham,E01008963
B30 2EU,E01008961,E05011129,Birmingham,E01008961
B14 4TG,E01008949,E05011146,Birmingham,E01008949
B9 5SE,E01009477,E05011145,Birmingham,E01009477
B35 6NF,E01009097,E05011132,Birmingham,E01009097
B13 0SR,E01009179,E05011130,Birmingham,E01009179
B23 5YG,E01009135,E05011161,Birmingham,E01009135
B18 4JR,E01009346,E05011157,Birmingham,E01009346
B73 5QA,E01009466,E05011181,Birmingham,E01009466
B24 8QJ,E01009000,E05011139,Birmingham,E01009000
B29 7EJ,E01009283,E05011128,Birmingham,E01009283
B44 9TU,E01009226,E05011159,Birmingham,E01009226
B8 2LJ,E01009486,E05011183,Birmingham,E01009486
B26 1EG,E01008891,E05011169,Birmingham,E01008891
B44 0QR,E01009130,E05011150,Birmingham,E01009130
B14 7PD,E01008981,E05011130,Birmingham,E01008981
B21 9RH,E01009266,E05011143,Birmingham,E01009266
B44 0HF,E01009123,E05011173,Birmingham,E01009123
B33 9JB,E01009092,E05011138,Birmingham,E01009092
B29 4EF,E01009505,E05011184,Birmingham,E01009505
B74 4TX,E01009417,E05011174,Birmingham,E01009417
B17 0DJ,E01009068,E05011144,Birmingham,E01009068
B14 4QB,E01008942,E05011146,Birmingham,E01008942
B45 8QN,E01009164,E05011164,Birmingham,E01009164
B31 4LL,E01009166,E05011152,Birmingham,E01009166
B14 6BH,E01008968,E05011130,Birmingham,E01008968
B33 9DF,E01009092,E05011138,Birmingham,E01009092
B20 1HY,E01009267,E05011143,Birmingham,E01009267
B33 9LY,E01009093,E05011138,Birmingham,E01009093
B38 8YT,E01009118,E05011148,Birmingham,E01009118
B23 7TR,E01009125,E05011173,Birmingham,E01009125
B12 8QZ,E01009377,E05011170,Birmingham,E01009377
B17 9AA,E01009252,E05011163,Birmingham,E01009252
B24 9LP,E01009011,E05011162,Birmingham,E01009011
B32 1QB,E01009249,E05011163,Birmingham,E01009249
B33 8HN,E01009514,E05011137,Birmingham,E01009514
B29 4JH,E01009496,E05011119,Birmingham,E01009496
B33 8UW,E01009513,E05011186,Birmingham,E01009513
B15 2QP,E01034937,E05011134,Birmingham,E01034937
B31 5FP,E01009172,E05011136,Birmingham,E01009172
B30 3ER,E01008957,E05011172,Birmingham,E01008957
B33 8SY,E01009513,E05011186,Birmingham,E01009513
B28 0AY,E01009031,E05011140,Birmingham,E01009031
B32 3EL,E01008920,E05011123,Birmingham,E01008920
B29 4JU,E01009504,E05011184,Birmingham,E01009504
B5 7FS,E01033640,E05011126,Birmingham,E01033640
B26 2HX,E01009517,E05011137,Birmingham,E01009517
B31 1SR,E01009498,E05011119,Birmingham,E01009498
B75 6LY,E01009426,E05011177,Birmingham,E01009426
B34 6TY,E01009309,E05011165,Birmingham,E01009309
B23 6LH,E01009407,E05011135,Birmingham,E01009407
B14 4AR,E01008969,E05011124,Birmingham,E01008969
B24 8AZ,E01009000,E05011139,Birmingham,E01009000
B44 9AR,E01009224,E05011159,Birmingham,E01009224
B34 7NF,E01009308,E05011165,Birmingham,E01009308
B29 5EB,E01009504,E05011184,Birmingham,E01009504
B29 6QP,E01009292,E05011184,Birmingham,E01009292
B12 8BE,E01009399,E05011154,Birmingham,E01009399
B76 2RT,E01009450,E05011180,Birmingham,E01009450
B29 7PP,E01009288,E05011128,Birmingham,E01009288
B11 1LT,E01009365,E05011170,Birmingham,E01009365
B31 2DB,E01009218,E05011129,Birmingham,E01009218
B73 5ED,E01009474,E05011179,Birmingham,E01009474
B20 2PA,E01009262,E05011143,Birmingham,E01009262
B14 7SG,E01009178,E05011130,Birmingham,E01009178
B44 8AU,E01009232,E05011150,Birmingham,E01009232
B32 3DY,E01009500,E05011184,Birmingham,E01009500
B24 8PA,E01009400,E05011139,Birmingham,E01009400
B7 5LN,E01009202,E05011155,Birmingham,E01009202
B30 2XE,E01008964,E05011172,Birmingham,E01008964
B31 1LJ,E01009496,E05011119,Birmingham,E01009496
B32 1JR,E01009249,E05011163,Birmingham,E01009249
B27 7TW,E01009029,E05011118,Birmingham,E01009029
B20 1EQ,E01009276,E05011143,Birmingham,E01009276
B31 1AE,E01008924,E05011123,Birmingham,E01008924
B38 8EX,E01009118,E05011148,Birmingham,E01009118
B33 9EQ,E01009311,E05011138,Birmingham,E01009311
B14 6TT,E01008966,E05011130,Birmingham,E01008966
B24 8BY,E01009104,E05011162,Birmingham,E01009104
B25 8XL,E01009518,E05011185,Birmingham,E01009518
B17 9BT,E01009260,E05011163,Birmingham,E01009260
B28 9LB,E01009032,E05011140,Birmingham,E01009032
B11 4JW,E01009392,E05011171,Birmingham,E01009392
B72 1NX,E01009451,E05011178,Birmingham,E01009451
B11 4DG,E01009393,E05011171,Birmingham,E01009393
B6 6PA,,,,
B24 9RQ,E01009104,E05011162,Birmingham,E01009104
B30 3EN,E01008957,E05011172,Birmingham,E01008957
B31 3PA,E01009112,E05011152,Birmingham,E01009112
B15 3RA,E01034937,E05011134,Birmingham,E01034937
B36 8AL,E01009087,E05011131,Birmingham,E01009087
B31 2EL,E01034944,E05011152,Birmingham,E01034944
B8 3RD,E01009492,E05011138,Birmingham,E01009492
B74 4QB,E01009421,E05011174,Birmingham,E01009421
B29 6WR,E01009280,E05011129,Birmingham,E01009280
B13 0RX,E01008935,E05011124,Birmingham,E01008935
B13 9XA,E01009045,E05011154,Birmingham,E01009045
B29 7HH,E01009283,E05011128,Birmingham,E01009283
B29 7DH,E01009286,E05011128,Birmingham,E01009286
B32 2QG,E01009258,E05011163,Birmingham,E01009258
B42 2ND,E01009241,E05011160,Birmingham,E01009241
B18 4NA,E01009361,E05011168,Birmingham,E01009361
B24 0RQ,E01009098,E05011162,Birmingham,E01009098
B24 8EZ,E01009400,E05011139,Birmingham,E01009400
B75 7PB,E01009446,E05011176,Birmingham,E01009446
B31 3DP,E01009117,E05011148,Birmingham,E01009117
B74 2SH,E01009427,E05011174,Birmingham,E01009427
B10 0TT,E01009334,E05011167,Birmingham,E01009334
B75 5EB,E01009423,E05011175,Birmingham,E01009423
B32 2DE,E01009254,E05011163,Birmingham,E01009254
B24 0EA,E01009003,E05011135,Birmingham,E01009003
B34 7PN,E01009306,E05011165,Birmingham,E01009306
B16 0DP,E01009153,E05011151,Birmingham,E01009153
B32 2HU,E01009070,E05011144,Birmingham,E01009070
B36 8DT,E01009090,E05011131,Birmingham,E01009090
B30 3BP,E01008955,E05011172,Birmingham,E01008955
B14 6EZ,E01008971,E05011124,Birmingham,E01008971
B14 6RX,E01008966,E05011130,Birmingham,E01008966
B9 5AG,E01009344,E05011127,Birmingham,E01009344
B15 1HN,E01008994,E05011134,Birmingham,E01008994
B23 5FJ,E01034913,E05011161,Birmingham,E01034913
B45 8TT,E01009165,E05011164,Birmingham,E01009165
B20 3DA,E01009054,E05011121,Birmingham,E01009054
B10 0XE,E01009332,E05011127,Birmingham,E01009332
B73 6UG,E01009465,E05011179,Birmingham,E01009465
B75 5QN,E01009423,E05011175,Birmingham,E01009423
B13 9JS,E01009176,E05011154,Birmingham,E01009176
B44 9LX,E01009233,E05011159,Birmingham,E01009233
B33 9UP,E01009297,E05011138,Birmingham,E01009297
B12 0BS,E01009365,E05011170,Birmingham,E01009365
B44 9DU,E01009225,E05011159,Birmingham,E01009225
B11 1QX,E01033650,E05011170,Birmingham,E01033650
B28 0UN,E01009041,E05011141,Birmingham,E01009041
B7 4HX,E01009204,E05011155,Birmingham,E01009204
B75 5PX,E01009426,E05011177,Birmingham,E01009426
B44 9DR,E01009224,E05011159,Birmingham,E01009224
B9 5JQ,E01009341,E05011145,Birmingham,E01009341
B29 6GJ,E01009284,E05011129,Birmingham,E01009284
B21 0EW,E01009349,E05011147,Birmingham,E01009349
B33 9NQ,E01009093,E05011138,Birmingham,E01009093
B31 4HH,E01009209,E05011152,Birmingham,E01009209
B44 8SX,E01009228,E05011159,Birmingham,E01009228
B28 0TA,E01008944,E05011124,Birmingham,E01008944
B76 1BP,E01009454,E05011176,Birmingham,E01009454
B28 8SH,E01009043,E05011140,Birmingham,E01009043
B76 1GW,E01009440,E05011180,Birmingham,E01009440
B30 1UH,E01008951,E05011129,Birmingham,E01008951
B13 9SG,E01009185,E05011154,Birmingham,E01009185
B12 9NE,E01034938,E05011122,Birmingham,E01034938
B31 5DP,E01009208,E05011158,Birmingham,E01009208
B26 3LE,E01009319,E05011166,Birmingham,E01009319
B15 2AT,E01033624,E05011151,Birmingham,E01033624
B15 2NP,E01034936,E05011134,Birmingham,E01034936
B26 3EX,E01009320,E05011166,Birmingham,E01009320
B8 2UW,,,,
B31 4RN,E01009215,E05011152,Birmingham,E01009215
B45 0NR,E01009161,E05011136,Birmingham,E01009161
B27 7DG,E01009019,E05011118,Birmingham,E01009019
B6 4ES,E01034930,E05011156,Birmingham,E01034930
B20 2SZ,E01009056,E05011125,Birmingham,E01009056
B14 4HT,E01008944,E05011124,Birmingham,E01008944
B13 0QE,E01008936,E05011124,Birmingham,E01008936
B35 7EF,E01009103,E05011132,Birmingham,E01009103
B75 5HX,E01009415,E05011175,Birmingham,E01009415
B31 4NB,E01009166,E05011152,Birmingham,E01009166
B31 1JS,E01008930,E05011123,Birmingham,E01008930
B5 5PG,E01033561,E05011126,Birmingham,E01033561
B11 1NY,E01033650,E05011170,Birmingham,E01033650
B24 8DF,E01009000,E05011139,Birmingham,E01009000
B44 9JU,E01009222,E05011159,Birmingham,E01009222
B11 3BD,E01034955,E05011140,Birmingham,E01034955
B26 3UX,E01009317,E05011166,Birmingham,E01009317
B42 1SL,E01009242,E05011160,Birmingham,E01009242
B31 1QT,E01009499,E05011119,Birmingham,E01009499
B21 0BQ,E01009349,E05011147,Birmingham,E01009349
B36 8LA,E01009082,E05011131,Birmingham,E01009082
B29 7LW,E01009288,E05011128,Birmingham,E01009288
B11 2FF,E01034952,E05011170,Birmingham,E01034952
B29 6WG,E01009284,E05011129,Birmingham,E01009284
B73 5RN,E01009458,E05011179,Birmingham,E01009458
B30 1LJ,E01008951,E05011129,Birmingham,E01008951
B75 5AB,E01009431,E05011175,Birmingham,E01009431
B16 0EE,E01009153,E05011157,Birmingham,E01009153
B12 9RU,E01009376,E05011122,Birmingham,E01009376
B76 1GX,E01009440,E05011180,Birmingham,E01009440
B26 3SS,E01009318,E05011166,Birmingham,E01009318
B31 3XU,E01009211,E05011152,Birmingham,E01009211
B17 9TZ,E01009070,E05011144,Birmingham,E01009070
B8 1QP,E01009483,E05011120,Birmingham,E01009483
B5 7LW,E01008996,E05011122,Birmingham,E01008996
B74 4XD,E01009433,E05011175,Birmingham,E01009433
B6 5HH,E01034924,E05011121,Birmingham,E01034924
B74 2UP,E01009425,E05011174,Birmingham,E01009425
B26 1LT,E01009313,E05011166,Birmingham,E01009313
B7 4SU,E01034927,E05011155,Birmingham,E01034927
B73 6ST,E01009469,E05011179,Birmingham,E01009469
B26 2AU,E01009517,E05011185,Birmingham,E01009517
B44 8SR,E01009227,E05011159,Birmingham,E01009227
B23 7TP,E01009125,E05011173,Birmingham,E01009125
B73 6SF,E01009467,E05011179,Birmingham,E01009467
B17 0SS,E01009072,E05011144,Birmingham,E01009072
B17 8AE,E01009260,E05011163,Birmingham,E01009260
B14 4RF,E01008943,E05011146,Birmingham,E01008943
B20 1LD,E01032591,E05011143,Birmingham,E01032591
B38 9BP,,,,
B72 1LD,E01009471,E05011181,Birmingham,E01009471
B17 8JG,E01009138,E05011157,Birmingham,E01009138
B42 1JT,E01009235,E05011160,Birmingham,E01009235
B32 3EW,E01033629,E05011123,Birmingham,E01033629
B23 7NG,E01009413,E05011173,Birmingham,E01009413
B16 8DJ,E01009143,E05011151,Birmingham,E01009143
B31 5AS,E01009207,E05011119,Birmingham,E01009207
B14 6UF,E01008966,E05011130,Birmingham,E01008966
B33 0BA,E01009301,E05011138,Birmingham,E01009301
B9 5HN,E01009197,E05011145,Birmingham,E01009197
B26 3EL,E01009320,E05011166,Birmingham,E01009320
B33 8EY,E01009511,E05011137,Birmingham,E01009511
B38 8DS,E01009119,E05011148,Birmingham,E01009119
B6 6BZ,E01034923,E05011121,Birmingham,E01034923
B28 0EE,E01009037,E05011141,Birmingham,E01009037
B44 8PX,E01009230,E05011150,Birmingham,E01009230
B13 9JX,E01009176,E05011154,Birmingham,E01009176
B13 0RG,E01008935,E05011124,Birmingham,E01008935
B44 9NH,E01009221,E05011150,Birmingham,E01009221
B75 5NN,E01009420,E05011177,Birmingham,E01009420
B44 8NA,E01009248,E05011150,Birmingham,E01009248
B18 4EX,E01009345,E05011157,Birmingham,E01009345
B13 9UQ,E01009189,E05011154,Birmingham,E01009189
B30 1LA,E01008951,E05011129,Birmingham,E01008951
B29 4BW,E01009494,E05011184,Birmingham,E01009494
B6 7PB,,,,
B21 0HX,E01009351,E05011147,Birmingham,E01009351
B20 3HS,E01009053,E05011121,Birmingham,E01009053
B31 3QA,E01009217,E05011152,Birmingham,E01009217
B16 8UH,E01009143,E05011151,Birmingham,E01009143
B14 6RG,E01008966,E05011130,Birmingham,E01008966
B75 5PD,E01009416,E05011177,Birmingham,E01009416
B8 2EA,E01009481,E05011183,Birmingham,E01009481
B28 9LS,E01032589,E05011140,Birmingham,E01032589
B29 7QH,E01009296,E05011128,Birmingham,E01009296
B75 5JA,E01009415,E05011175,Birmingham,E01009415
B11 4PB,E01009371,E05011170,Birmingham,E01009371
B28 0PP,E01009039,E05011141,Birmingham,E01009039
B31 5HD,E01009158,E05011136,Birmingham,E01009158
B31 1BY,E01008929,E05011123,Birmingham,E01008929
B36 8BZ,E01009081,E05011131,Birmingham,E01009081
B8 3DG,E01009491,E05011120,Birmingham,E01009491
B36 8PG,E01009081,E05011131,Birmingham,E01009081
B31 2BE,E01009218,E05011158,Birmingham,E01009218
B32 2QD,E01009258,E05011163,Birmingham,E01009258
B73 6BQ,E01009430,E05011178,Birmingham,E01009430
B17 8BJ,E01009066,E05011144,Birmingham,E01009066
B32 3RF,E01008917,E05011123,Birmingham,E01008917
B19 2NR,E01008911,E05011156,Birmingham,E01008911
B16 9NY,E01008991,E05011134,Birmingham,E01008991
B11 3RP,E01034955,E05011170,Birmingham,E01034955
B31 2AW,E01008954,E05011129,Birmingham,E01008954
B74 4YE,E01009433,E05011175,Birmingham,E01009433
B11 1UA,E01009371,E05011170,Birmingham,E01009371
B33 0DU,E01009303,E05011138,Birmingham,E01009303
B14 5RR,E01008980,E05011133,Birmingham,E01008980
B14 5HG,E01008976,E05011133,Birmingham,E01008976
B74 4QD,E01009421,E05011174,Birmingham,E01009421
B35 6JR,E01009096,E05011132,Birmingham,E01009096
B32 4NP,E01008927,E05011123,Birmingham,E01008927
B8 3NG,E01009488,E05011120,Birmingham,E01009488
B11 4BU,E01034955,E05011140,Birmingham,E01034955
B27 6TA,E01008891,E05011169,Birmingham,E01008891
B29 6QG,E01009292,E05011184,Birmingham,E01009292
B17 0RR,E01009077,E05011144,Birmingham,E01009077
B9 5JN,E01009341,E05011145,Birmingham,E01009341
B26 3FR,E01009317,E05011166,Birmingham,E01009317
B11 3FR,E01009014,E05011140,Birmingham,E01009014
B12 8HB,E01009399,E05011154,Birmingham,E01009399
B27 7JX,E01009025,E05011118,Birmingham,E01009025
B31 4TQ,E01009170,E05011152,Birmingham,E01009170
B35 7EG,E01009101,E05011132,Birmingham,E01009101
B23 7XA,E01009124,E05011173,Birmingham,E01009124
B28 8EX,E01009046,E05011140,Birmingham,E01009046
B35 6PA,E01009106,E05011132,Birmingham,E01009106
B13 0PZ,E01008935,E05011124,Birmingham,E01008935
B42 2JH,E01009245,E05011160,Birmingham,E01009245
B23 5EP,E01009403,E05011161,Birmingham,E01009403
B73 6DE,E01009430,E05011178,Birmingham,E01009430
B29 5PU,E01009503,E05011184,Birmingham,E01009503
B72 1ED,E01009459,E05011181,Birmingham,E01009459
B20 1EJ,E01009276,E05011143,Birmingham,E01009276
B16 8AL,E01034948,E05011151,Birmingham,E01034948
B31 1BG,E01008929,E05011123,Birmingham,E01008929
B20 1EH,E01009276,E05011143,Birmingham,E01009276
B31 2BJ,E01008958,E05011158,Birmingham,E01008958
B76 2QE,E01009436,E05011180,Birmingham,E01009436
B17 8RA,E01009260,E05011163,Birmingham,E01009260
B5 7SA,E01034937,E05011134,Birmingham,E01034937
B23 6NR,E01009002,E05011135,Birmingham,E01009002
B28 0DU,E01009037,E05011141,Birmingham,E01009037
B28 9NP,E01009033,E05011140,Birmingham,E01009033
B23 5GN,E01009458,E05011135,Birmingham,E01009458
B23 5SU,E01009006,E05011135,Birmingham,E01009006
B28 8BG,E01009045,E05011140,Birmingham,E01009045
B27 6SL,E01008895,E05011169,Birmingham,E01008895
B31 4QN,E01009168,E05011152,Birmingham,E01009168
B15 3LA,E01008992,E05011134,Birmingham,E01008992
B30 3AR,E01009119,E05011148,Birmingham,E01009119
B30 3AL,E01008974,E05011133,Birmingham,E01008974
B38 9FJ,E01009120,E05011149,Birmingham,E01009120
B7 4EY,E01009204,E05011155,Birmingham,E01009204
B31 2BZ,E01009218,E05011129,Birmingham,E01009218
B14 7AD,E01009178,E05011130,Birmingham,E01009178
B76 9AA,E01009450,E05011180,Birmingham,E01009450
B31 2NR,E01009219,E05011158,Birmingham,E01009219
B10 9ET,E01009329,E05011167,Birmingham,E01009329
B14 5YG,E01008979,E05011133,Birmingham,E01008979
B29 5LS,E01009502,E05011184,Birmingham,E01009502
B33 0GE,E01009512,E05011137,Birmingham,E01009512
B26 3HT,E01009315,E05011166,Birmingham,E01009315
B33 9SU,E01009300,E05011138,Birmingham,E01009300
B29 5UL,E01008924,E05011123,Birmingham,E01008924
B27 6TF,E01008890,E05011118,Birmingham,E01008890
B75 5UE,E01009416,E05011177,Birmingham,E01009416
B33 9QX,E01009298,E05011138,Birmingham,E01009298
B27 7SR,E01009016,E05011182,Birmingham,E01009016
B28 0JS,E01009036,E05011141,Birmingham,E01009036
B32 1QD,E01009249,E05011163,Birmingham,E01009249
B44 9DH,E01009224,E05011159,Birmingham,E01009224
B73 5EB,E01009474,E05011179,Birmingham,E01009474
B75 7PN,E01009445,E05011176,Birmingham,E01009445
B27 7RY,E01009016,E05011182,Birmingham,E01009016
B16 8TD,E01009143,E05011151,Birmingham,E01009143
B5 7FG,E01033640,E05011126,Birmingham,E01033640
B75 6DN,E01009446,E05011177,Birmingham,E01009446
B18 4EY,E01009345,E05011157,Birmingham,E01009345
B75 5AP,E01009431,E05011175,Birmingham,E01009431
B30 2PA,E01008952,E05011172,Birmingham,E01008952
B8 1SA,E01009483,E05011120,Birmingham,E01009483
B76 1UF,E01009438,E05011180,Birmingham,E01009438
B17 9HP,E01009067,E05011144,Birmingham,E01009067
B17 9NT,E01009069,E05011144,Birmingham,E01009069
B31 3UG,E01009205,E05011148,Birmingham,E01009205
B24 9LD,E01009008,E05011135,Birmingham,E01009008
B29 5ST,E01009064,E05011184,Birmingham,E01009064
B33 8TH,E01009513,E05011186,Birmingham,E01009513
B75 6AU,E01009444,E05011177,Birmingham,E01009444
B25 8LS,E01008886,E05011169,Birmingham,E01008886
B31 3SL,E01009212,E05011152,Birmingham,E01009212
B18 5PH,,,,
B42 1QW,E01009237,E05011160,Birmingham,E01009237
B75 7HH,E01009446,E05011177,Birmingham,E01009446
B30 3SD,E01008975,E05011133,Birmingham,E01008975
B18 5SG,E01009361,E05011168,Birmingham,E01009361
B28 0LD,E01009034,E05011141,Birmingham,E01009034
B32 2XL,E01009254,E05011163,Birmingham,E01009254
B23 6LE,E01009405,E05011161,Birmingham,E01009405
B28 8JF,E01009032,E05011140,Birmingham,E01009032
B14 6HB,E01008967,E05011130,Birmingham,E01008967
B16 0RY,E01009140,E05011157,Birmingham,E01009140
B14 7HL,E01009179,E05011130,Birmingham,E01009179
B42 2NY,E01009243,E05011160,Birmingham,E01009243
B17 8RR,E01009260,E05011163,Birmingham,E01009260
B20 2SW,E01009056,E05011125,Birmingham,E01009056
B12 9PY,E01034939,E05011122,Birmingham,E01034939
B13 8JU,E01009184,E05011154,Birmingham,E01009184
B30 3JH,E01009119,E05011148,Birmingham,E01009119
B14 4JP,E01008945,E05011146,Birmingham,E01008945
B33 0TX,E01009322,E05011137,Birmingham,E01009322
B74 2QG,E01009430,E05011174,Birmingham,E01009430
B24 0AD,E01009003,E05011135,Birmingham,E01009003
B13 9PJ,E01009185,E05011154,Birmingham,E01009185
B73 6TB,E01009465,E05011179,Birmingham,E01009465
B75 7RA,E01009447,E05011176,Birmingham,E01009447
B29 5NR,E01009501,E05011184,Birmingham,E01009501
B33 8AJ,E01009507,E05011186,Birmingham,E01009507
B17 9BH,E01009067,E05011144,Birmingham,E01009067
B16 0SH,E01009140,E05011157,Birmingham,E01009140
B27 6SQ,E01008893,E05011169,Birmingham,E01008893
B6 5HU,E01034926,E05011121,Birmingham,E01034926
B28 8PF,E01009023,E05011118,Birmingham,E01009023
B9 5TL,E01009475,E05011145,Birmingham,E01009475
B21 8NH,E01009274,E05011147,Birmingham,E01009274
B21 9DB,E01009352,E05011142,Birmingham,E01009352
B17 0AG,E01009071,E05011144,Birmingham,E01009071
B13 0PA,E01008968,E05011124,Birmingham,E01008968
B29 4HJ,E01009494,E05011184,Birmingham,E01009494
B38 8JE,E01009112,E05011152,Birmingham,E01009112
B33 9FG,E01009095,E05011138,Birmingham,E01009095
B75 7NQ,E01009448,E05011176,Birmingham,E01009448
B20 1LA,E01009267,E05011143,Birmingham,E01009267
B72 1HP,E01009457,E05011181,Birmingham,E01009457
B74 4PJ,E01009421,E05011174,Birmingham,E01009421
B31 2SL,E01009209,E05011158,Birmingham,E01009209
B21 8PU,E01009271,E05011147,Birmingham,E01009271
B33 8SR,E01009509,E05011186,Birmingham,E01009509
B38 8RX,E01009119,E05011148,Birmingham,E01009119
B72 1HU,E01009471,E05011181,Birmingham,E01009471
B38 9TQ,E01009113,E05011149,Birmingham,E01009113
B31 2UN,E01009158,E05011158,Birmingham,E01009158
B30 1RJ,E01008954,E05011129,Birmingham,E01008954
B33 0GD,E01009512,E05011137,Birmingham,E01009512
B17 8RB,E01009260,E05011163,Birmingham,E01009260
B8 3EL,E01009488,E05011120,Birmingham,E01009488
B31 2AJ,E01034944,E05011152,Birmingham,E01034944
B35 7PR,E01009099,E05011132,Birmingham,E01009099
B19 3XP,E01034929,E05011156,Birmingham,E01034929
B12 0XP,E01009362,E05011126,Birmingham,E01009362
B29 4DP,E01009504,E05011184,Birmingham,E01009504
B30 2TH,E01008963,E05011172,Birmingham,E01008963
B20 1BN,E01009278,E05011143,Birmingham,E01009278
B30 3DA,E01008953,E05011172,Birmingham,E01008953
B27 6TG,E01008895,E05011169,Birmingham,E01008895
B15 2LN,E01008994,E05011134,Birmingham,E01008994
B5 7SN,E01034937,E05011134,Birmingham,E01034937
B29 5BQ,E01009505,E05011184,Birmingham,E01009505
B13 0EN,E01008934,E05011124,Birmingham,E01008934
B76 1DE,E01009438,E05011180,Birmingham,E01009438
B18 7AS,E01009141,E05011151,Birmingham,E01009141
B14 4EZ,E01008941,E05011124,Birmingham,E01008941
B44 0NY,E01009132,E05011150,Birmingham,E01009132
B31 1EU,E01009495,E05011123,Birmingham,E01009495
B28 0JG,E01009036,E05011141,Birmingham,E01009036
B33 0BS,E01009301,E05011138,Birmingham,E01009301
B30 3PY,E01008974,E05011133,Birmingham,E01008974
B31 4BT,E01009215,E05011152,Birmingham,E01009215
B75 6RS,E01009429,E05011177,Birmingham,E01009429
B32 2EU,E01009261,E05011163,Birmingham,E01009261
B31 1UR,E01008930,E05011123,Birmingham,E01008930
B31 3NX,E01009217,E05011152,Birmingham,E01009217
B23 5UR,E01034915,E05011135,Birmingham,E01034915
B17 8HB,E01009139,E05011157,Birmingham,E01009139
B11 3EA,E01009014,E05011140,Birmingham,E01009014
B26 1NU,E01009313,E05011166,Birmingham,E01009313
B44 8EB,E01009230,E05011150,Birmingham,E01009230
B13 0DZ,E01008934,E05011124,Birmingham,E01008934
B44 8HT,E01009227,E05011159,Birmingham,E01009227
B21 0NG,E01009354,E05011168,Birmingham,E01009354
B73 5SG,E01009458,E05011179,Birmingham,E01009458
B10 9LZ,E01009328,E05011167,Birmingham,E01009328
B30 1EG,E01008959,E05011129,Birmingham,E01008959
B19 2AG,E01008913,E05011156,Birmingham,E01008913
B12 9AE,E01009376,E05011122,Birmingham,E01009376
B13 8RT,E01009183,E05011154,Birmingham,E01009183
B12 8LB,E01009377,E05011170,Birmingham,E01009377
B14 6PP,E01008970,E05011130,Birmingham,E01008970
B32 3EY,E01033629,E05011123,Birmingham,E01033629
B76 1PA,E01009454,E05011176,Birmingham,E01009454
B31 3JW,E01009216,E05011152,Birmingham,E01009216
B12 8RH,E01009377,E05011170,Birmingham,E01009377
B31 2LG,E01009219,E05011158,Birmingham,E01009219
B16 0JT,E01009151,E05011157,Birmingham,E01009151
B44 0JP,E01009130,E05011150,Birmingham,E01009130
B74 2TB,E01009431,E05011174,Birmingham,E01009431
B25 8PG,E01008882,E05011182,Birmingham,E01008882
B45 0JP,E01009174,E05011136,Birmingham,E01009174
B73 5TT,E01009456,E05011179,Birmingham,E01009456
B31 3LU,E01009214,E05011152,Birmingham,E01009214
B33 8JG,E01009511,E05011137,Birmingham,E01009511
B73 6QF,E01009469,E05011179,Birmingham,E01009469
B21 9HJ,E01009350,E05011142,Birmingham,E01009350
B42 1RL,E01009242,E05011160,Birmingham,E01009242
B38 9TN,E01009113,E05011149,Birmingham,E01009113
B45 9JL,E01009160,E05011164,Birmingham,E01009160
B15 3PN,E01008991,E05011134,Birmingham,E01008991
B38 8EL,E01009111,E05011148,Birmingham,E01009111
B31 1RL,E01009499,E05011119,Birmingham,E01009499
B76 1SR,E01009435,E05011176,Birmingham,E01009435
B8 3NU,E01009492,E05011120,Birmingham,E01009492
B17 0RX,E01009077,E05011144,Birmingham,E01009077
B31 4TE,E01009170,E05011152,Birmingham,E01009170
B13 9US,E01009394,E05011171,Birmingham,E01009394
B45 0HH,E01009160,E05011136,Birmingham,E01009160
B36 8QN,E01009079,E05011131,Birmingham,E01009079
B23 5QY,E01009460,E05011135,Birmingham,E01009460
B18 4BJ,E01009345,E05011168,Birmingham,E01009345
B38 8JP,E01009112,E05011152,Birmingham,E01009112
B21 9SX,E01034921,E05011168,Birmingham,E01034921
B17 9SB,E01009068,E05011144,Birmingham,E01009068
B12 9DX,E01009366,E05011122,Birmingham,E01009366
B7 5RJ,E01009201,E05011155,Birmingham,E01009201
B30 2SG,E01008965,E05011172,Birmingham,E01008965
B42 2GL,E01009239,E05011160,Birmingham,E01009239
B35 6DP,E01009101,E05011132,Birmingham,E01009101
B23 5SR,E01009001,E05011135,Birmingham,E01009001
B76 2PR,E01009435,E05011180,Birmingham,E01009435
B17 0RD,E01009077,E05011144,Birmingham,E01009077
B45 9QD,E01009165,E05011164,Birmingham,E01009165
B9 5JU,E01009341,E05011145,Birmingham,E01009341
B31 2NN,E01009219,E05011158,Birmingham,E01009219
B27 7RR,E01009016,E05011182,Birmingham,E01009016
B44 9LT,E01009222,E05011159,Birmingham,E01009222
B31 4QR,E01009168,E05011152,Birmingham,E01009168
B14 5UX,E01008980,E05011133,Birmingham,E01008980
B26 3SL,E01009319,E05011166,Birmingham,E01009319
B29 4AE,E01009294,E05011184,Birmingham,E01009294
B31 2DU,E01009218,E05011158,Birmingham,E01009218
B27 6NN,E01008895,E05011118,Birmingham,E01008895
B29 6HW,E01009295,E05011129,Birmingham,E01009295
B45 9YE,E01009160,E05011164,Birmingham,E01009160
B75 7BL,E01009432,E05011176,Birmingham,E01009432
B75 6PQ,E01009429,E05011175,Birmingham,E01009429
B24 9ST,E01009102,E05011162,Birmingham,E01009102
B20 2QB,E01009265,E05011142,Birmingham,E01009265
B31 5EE,E01009162,E05011158,Birmingham,E01009162
B13 0LS,E01008935,E05011124,Birmingham,E01008935
B17 8EB,E01009147,E05011157,Birmingham,E01009147
B72 1HQ,E01009457,E05011181,Birmingham,E01009457
B8 3RS,E01009477,E05011138,Birmingham,E01009477
B12 8JZ,E01033648,E05011170,Birmingham,E01033648
B28 8NE,E01009043,E05011140,Birmingham,E01009043
B74 2SN,E01009427,E05011174,Birmingham,E01009427
B25 8TU,E01008897,E05011186,Birmingham,E01008897
B31 2YP,E01009213,E05011152,Birmingham,E01009213
B23 7PX,E01009414,E05011173,Birmingham,E01009414
B31 3PF,E01009216,E05011152,Birmingham,E01009216
B34 7PT,E01009306,E05011165,Birmingham,E01009306
B26 2SD,E01009517,E05011137,Birmingham,E01009517
B23 5NN,E01009405,E05011161,Birmingham,E01009405
B12 8SN,E01009377,E05011170,Birmingham,E01009377
B32 4HA,E01008928,E05011123,Birmingham,E01008928
B28 0QL,E01009041,E05011141,Birmingham,E01009041
B35 7PB,E01009097,E05011132,Birmingham,E01009097
B13 0DU,E01008934,E05011124,Birmingham,E01008934
B45 8RE,E01009165,E05011164,Birmingham,E01009165
B19 2YT,E01008913,E05011156,Birmingham,E01008913
B20 1NL,E01009267,E05011143,Birmingham,E01009267
B38 9BY,,,,
B33 9NZ,E01009311,E05011138,Birmingham,E01009311
B76 1EF,E01009439,E05011180,Birmingham,E01009439
B11 1JY,E01009365,E05011170,Birmingham,E01009365
B44 0NN,E01009132,E05011150,Birmingham,E01009132
B45 0JD,E01009161,E05011136,Birmingham,E01009161
B33 0EF,E01009299,E05011138,Birmingham,E01009299
B24 9LU,E01009011,E05011135,Birmingham,E01009011
B23 6HJ,E01009408,E05011173,Birmingham,E01009408
B30 2XU,E01008952,E05011172,Birmingham,E01008952
B31 2RP,E01009209,E05011158,Birmingham,E01009209
B9 5FH,E01009197,E05011145,Birmingham,E01009197
B73 5RL,E01009459,E05011179,Birmingham,E01009459
B14 4JD,E01008944,E05011124,Birmingham,E01008944
B24 8ER,E01008998,E05011139,Birmingham,E01008998
B75 6NE,E01009426,E05011177,Birmingham,E01009426
B36 8SJ,E01009079,E05011131,Birmingham,E01009079
B23 7UG,E01009124,E05011173,Birmingham,E01009124
B24 8RA,E01009013,E05011139,Birmingham,E01009013
B73 6RJ,E01009469,E05011179,Birmingham,E01009469
B20 1JJ,E01032591,E05011143,Birmingham,E01032591
B13 0AX,E01008933,E05011124,Birmingham,E01008933
B30 1UJ,E01009281,E05011129,Birmingham,E01009281
B38 8AE,E01009116,E05011148,Birmingham,E01009116
B75 7AT,E01009424,E05011178,Birmingham,E01009424
B42 2QR,E01009244,E05011159,Birmingham,E01009244
B38 9EQ,E01009113,E05011149,Birmingham,E01009113
B8 2NG,E01009481,E05011183,Birmingham,E01009481
B76 2TJ,E01009434,E05011180,Birmingham,E01009434
B44 9BX,E01009224,E05011159,Birmingham,E01009224
B5 6QQ,E01033640,E05011126,Birmingham,E01033640
B75 5JG,E01009418,E05011175,Birmingham,E01009418
B20 2PL,E01009262,E05011143,Birmingham,E01009262
B75 5QB,E01009426,E05011177,Birmingham,E01009426
B34 7PB,E01009306,E05011165,Birmingham,E01009306
B31 3QS,E01009215,E05011152,Birmingham,E01009215
B26 3TT,E01009317,E05011166,Birmingham,E01009317
B31 3DA,E01009214,E05011152,Birmingham,E01009214
B31 2NS,E01009219,E05011158,Birmingham,E01009219
B74 4LS,E01009433,E05011175,Birmingham,E01009433
B72 1DW,E01009463,E05011181,Birmingham,E01009463
B37 5JR,E01009302,E05011138,Birmingham,E01009302
B10 9QJ,E01009332,E05011127,Birmingham,E01009332
B72 1HN,E01009463,E05011181,Birmingham,E01009463
B13 8AZ,E01009384,E05011154,Birmingham,E01009384
B14 7BX,E01009178,E05011130,Birmingham,E01009178
B30 3RE,E01008975,E05011133,Birmingham,E01008975
B38 8HF,E01009112,E05011148,Birmingham,E01009112
B35 6JE,E01009106,E05011132,Birmingham,E01009106
B9 4PW,E01009199,E05011126,Birmingham,E01009199
B13 0NT,E01008939,E05011124,Birmingham,E01008939
B24 9BJ,E01009013,E05011135,Birmingham,E01009013
B75 7QN,E01009447,E05011176,Birmingham,E01009447
B17 9PY,E01009071,E05011144,Birmingham,E01009071
B34 7PP,E01009306,E05011165,Birmingham,E01009306
B27 6NE,E01008893,E05011118,Birmingham,E01008893
B35 6BA,E01009096,E05011132,Birmingham,E01009096
B73 5HB,E01009462,E05011179,Birmingham,E01009462
B31 5DG,E01009208,E05011158,Birmingham,E01009208
B13 0DN,E01008933,E05011124,Birmingham,E01008933
B33 0UX,E01009512,E05011137,Birmingham,E01009512
B45 8DE,E01034944,E05011152,Birmingham,E01034944
B13 8JP,E01009184,E05011154,Birmingham,E01009184
B35 7DW,E01009097,E05011132,Birmingham,E01009097
B31 4AP,E01009209,E05011152,Birmingham,E01009209
B30 1SA,E01008954,E05011129,Birmingham,E01008954
B74 4NY,E01009419,E05011174,Birmingham,E01009419
B20 3TP,E01009056,E05011125,Birmingham,E01009056
B13 8JQ,E01009184,E05011154,Birmingham,E01009184
B19 2AF,E01008913,E05011156,Birmingham,E01008913
B24 0JZ,E01009011,E05011162,Birmingham,E01009011
B36 8QA,E01009079,E05011131,Birmingham,E01009079
B5 7JJ,E01034947,E05011126,Birmingham,E01034947
B24 0BN,E01009100,E05011162,Birmingham,E01009100
B5 7RU,E01008982,E05011134,Birmingham,E01008982
B31 1HZ,E01008930,E05011123,Birmingham,E01008930
B42 2DR,E01009236,E05011160,Birmingham,E01009236
B23 5EX,E01009403,E05011161,Birmingham,E01009403
B24 8QS,E01008999,E05011139,Birmingham,E01008999
B23 5YR,E01009135,E05011161,Birmingham,E01009135
B20 2NH,E01009278,E05011143,Birmingham,E01009278
B11 4JG,E01009389,E05011171,Birmingham,E01009389
B33 9NN,E01009093,E05011138,Birmingham,E01009093
B19 1PJ,E01033638,E05011153,Birmingham,E01033638
B14 5NP,E01008978,E05011133,Birmingham,E01008978
B74 2UQ,E01009425,E05011174,Birmingham,E01009425
B75 7HN,E01009448,E05011177,Birmingham,E01009448
B23 7RN,E01009411,E05011173,Birmingham,E01009411
B76 1WQ,E01009461,E05011181,Birmingham,E01009461
B73 5RX,E01009456,E05011179,Birmingham,E01009456
B23 7NL,E01009413,E05011139,Birmingham,E01009413
B9 5DL,E01009344,E05011127,Birmingham,E01009344
B32 4LD,E01008925,E05011123,Birmingham,E01008925
B14 5BP,E01008943,E05011146,Birmingham,E01008943
B29 4LB,E01009506,E05011184,Birmingham,E01009506
B34 6PB,E01009305,E05011131,Birmingham,E01009305
B75 7SH,E01009447,E05011176,Birmingham,E01009447
B34 7PD,E01009306,E05011165,Birmingham,E01009306
B36 8HU,E01009086,E05011131,Birmingham,E01009086
B38 0AP,E01009109,E05011149,Birmingham,E01009109
B15 2LJ,E01008997,E05011134,Birmingham,E01008997
B17 9SU,E01009067,E05011144,Birmingham,E01009067
B10 9NG,E01009327,E05011167,Birmingham,E01009327
B10 9AB,E01009328,E05011167,Birmingham,E01009328
B33 0PU,E01009321,E05011166,Birmingham,E01009321
B28 9AT,E01009030,E05011140,Birmingham,E01009030
B32 3XA,E01008919,E05011123,Birmingham,E01008919
B38 0AA,E01009120,E05011149,Birmingham,E01009120
B75 5AH,E01009423,E05011175,Birmingham,E01009423
B12 9PG,E01009182,E05011122,Birmingham,E01009182
B32 3LD,E01033629,E05011123,Birmingham,E01033629
B17 0NE,E01033562,E05011144,Birmingham,E01033562
B31 1JN,E01008930,E05011123,Birmingham,E01008930
B18 7BL,E01009348,E05011168,Birmingham,E01009348
B14 5BL,E01008943,E05011146,Birmingham,E01008943
B30 2SD,E01008965,E05011172,Birmingham,E01008965
B45 8XX,E01009165,E05011164,Birmingham,E01009165
B14 5XA,E01008980,E05011133,Birmingham,E01008980
B72 1ST,E01009451,E05011178,Birmingham,E01009451
B11 3LB,E01034953,E05011171,Birmingham,E01034953
B24 9BZ,E01009012,E05011135,Birmingham,E01009012
B13 9LU,E01009044,E05011171,Birmingham,E01009044
B25 8LG,E01008886,E05011169,Birmingham,E01008886
B26 1TS,E01009520,E05011185,Birmingham,E01009520
B75 7JG,E01009446,E05011177,Birmingham,E01009446
B33 0NB,E01009301,E05011138,Birmingham,E01009301
B19 1QP,E01008905,E05011153,Birmingham,E01008905
B25 8YE,E01009515,E05011185,Birmingham,E01009515
B13 0DD,E01008933,E05011124,Birmingham,E01008933
B36 8EX,E01009085,E05011131,Birmingham,E01009085
B31 1QQ,E01009498,E05011119,Birmingham,E01009498
B31 3RA,E01009216,E05011152,Birmingham,E01009216
B26 2UP,E01009316,E05011166,Birmingham,E01009316
B13 0TA,E01008933,E05011124,Birmingham,E01008933
B28 0XX,E01009036,E05011141,Birmingham,E01009036
B20 3FH,E01009051,E05011125,Birmingham,E01009051
B31 1FH,E01009497,E05011119,Birmingham,E01009497
B75 5RB,E01009416,E05011177,Birmingham,E01009416
B44 9NW,E01009220,E05011159,Birmingham,E01009220
B45 9BH,E01009164,E05011164,Birmingham,E01009164
B30 1NH,E01008956,E05011129,Birmingham,E01008956
B32 3HH,E01033629,E05011123,Birmingham,E01033629
B38 9HX,E01009109,E05011149,Birmingham,E01009109
B32 1NS,E01009249,E05011163,Birmingham,E01009249
B17 9DJ,E01009065,E05011144,Birmingham,E01009065
B31 3SQ,E01009212,E05011152,Birmingham,E01009212
B13 0TG,E01008932,E05011124,Birmingham,E01008932
B75 5HJ,E01009425,E05011175,Birmingham,E01009425
B20 2AX,E01009263,E05011143,Birmingham,E01009263
B24 9ES,E01034916,E05011135,Birmingham,E01034916
B7 5HJ,E01009201,E05011155,Birmingham,E01009201
B73 6DQ,E01009424,E05011178,Birmingham,E01009424
B9 4DH,E01009199,E05011126,Birmingham,E01009199
B24 8AG,E01009000,E05011139,Birmingham,E01009000
B75 7QJ,E01009447,E05011176,Birmingham,E01009447
B17 8TN,E01009260,E05011163,Birmingham,E01009260
B21 9BH,E01009355,E05011142,Birmingham,E01009355
B32 3QP,E01008920,E05011123,Birmingham,E01008920
B16 9EW,E01009140,E05011151,Birmingham,E01009140
B26 2TA,E01009323,E05011137,Birmingham,E01009323
B12 9LZ,E01034938,E05011122,Birmingham,E01034938
B43 7EN,E01009220,E05011159,Birmingham,E01009220
B8 2QX,E01009478,E05011183,Birmingham,E01009478
B30 1ED,E01008959,E05011129,Birmingham,E01008959
B30 3RJ,E01008975,E05011133,Birmingham,E01008975
B30 1SP,E01008954,E05011129,Birmingham,E01008954
B11 1UH,E01009371,E05011170,Birmingham,E01009371
B31 5DJ,E01009208,E05011158,Birmingham,E01009208
B17 8HE,E01009139,E05011157,Birmingham,E01009139
B23 5JU,E01009001,E05011135,Birmingham,E01009001
B31 2SE,E01009213,E05011152,Birmingham,E01009213
B23 7YQ,E01009410,E05011173,Birmingham,E01009410
B75 5BG,E01009425,E05011175,Birmingham,E01009425
B24 8HR,E01009400,E05011139,Birmingham,E01009400
B12 9AP,E01009374,E05011122,Birmingham,E01009374
B29 4EW,E01009494,E05011184,Birmingham,E01009494
B76 1EQ,E01009454,E05011176,Birmingham,E01009454
B38 9EZ,E01009108,E05011149,Birmingham,E01009108
B33 0GF,E01009512,E05011137,Birmingham,E01009512
B15 3SJ,E01034936,E05011134,Birmingham,E01034936
B17 9LE,E01009069,E05011144,Birmingham,E01009069
B17 0AH,E01009072,E05011144,Birmingham,E01009072
B21 0DJ,E01009351,E05011147,Birmingham,E01009351
B10 0NN,E01009379,E05011127,Birmingham,E01009379
B29 6WJ,E01009280,E05011129,Birmingham,E01009280
B5 7JP,E01009362,E05011126,Birmingham,E01009362
B73 5EZ,E01009462,E05011179,Birmingham,E01009462
B24 9ET,E01034916,E05011135,Birmingham,E01034916
B14 5RH,E01008980,E05011133,Birmingham,E01008980
B44 0QN,E01009134,E05011150,Birmingham,E01009134
B24 9SE,E01009013,E05011135,Birmingham,E01009013
B73 5PA,E01009471,E05011181,Birmingham,E01009471
B16 8DU,E01009143,E05011151,Birmingham,E01009143
B17 0LX,E01009075,E05011144,Birmingham,E01009075
B35 7EU,E01009101,E05011132,Birmingham,E01009101
B25 8HY,E01008884,E05011182,Birmingham,E01008884
B45 8SN,E01009171,E05011164,Birmingham,E01009171
B42 2RT,E01009248,E05011159,Birmingham,E01009248
B33 8AA,E01009507,E05011186,Birmingham,E01009507
B45 9NA,E01009164,E05011164,Birmingham,E01009164
B36 8TA,E01009082,E05011131,Birmingham,E01009082
B75 5TQ,E01009416,E05011177,Birmingham,E01009416
B28 0XH,E01009039,E05011141,Birmingham,E01009039
B26 2RU,E01009322,E05011137,Birmingham,E01009322
B14 5JS,E01008948,E05011146,Birmingham,E01008948
B17 8ND,E01008989,E05011134,Birmingham,E01008989
B20 1AL,E01009267,E05011143,Birmingham,E01009267
B31 4HT,E01009213,E05011152,Birmingham,E01009213
B31 4TT,E01009216,E05011152,Birmingham,E01009216
B29 6NE,E01009295,E05011184,Birmingham,E01009295
B6 7NP,E01008901,E05011155,Birmingham,E01008901
B73 6QB,E01009469,E05011179,Birmingham,E01009469
B28 0JE,E01009034,E05011141,Birmingham,E01009034
B14 5YA,E01008979,E05011133,Birmingham,E01008979
B15 2HT,E01008994,E05011134,Birmingham,E01008994
B76 1LA,E01009454,E05011176,Birmingham,E01009454
B12 9BN,E01009376,E05011122,Birmingham,E01009376
B75 7LW,E01009448,E05011176,Birmingham,E01009448
B26 2XA,E01009316,E05011166,Birmingham,E01009316
B74 4DS,E01009433,E05011175,Birmingham,E01009433
B13 9JY,E01009176,E05011154,Birmingham,E01009176
B29 7NG,E01009288,E05011128,Birmingham,E01009288
B44 0AU,E01009136,E05011161,Birmingham,E01009136
B36 8UX,E01009082,E05011131,Birmingham,E01009082
B8 3JS,E01009485,E05011120,Birmingham,E01009485
B38 8XS,E01009118,E05011148,Birmingham,E01009118
B74 4PD,E01009419,E05011174,Birmingham,E01009419
B11 4PJ,E01009397,E05011170,Birmingham,E01009397
B15 3AZ,E01008991,E05011134,Birmingham,E01008991
B32 2LE,E01009070,E05011144,Birmingham,E01009070
B31 1JE,E01008930,E05011123,Birmingham,E01008930
B31 2YR,E01009213,E05011152,Birmingham,E01009213
B74 2NQ,E01009428,E05011178,Birmingham,E01009428
B32 1LR,E01009257,E05011163,Birmingham,E01009257
B28 0ET,E01009034,E05011140,Birmingham,E01009034
B33 0QR,E01009321,E05011166,Birmingham,E01009321
B21 9DA,E01009352,E05011142,Birmingham,E01009352
B14 6BS,E01008967,E05011130,Birmingham,E01008967
B29 4QU,E01009494,E05011184,Birmingham,E01009494
B30 1HU,E01008950,E05011129,Birmingham,E01008950
B20 3NF,E01034917,E05011125,Birmingham,E01034917
B32 1BA,E01009250,E05011163,Birmingham,E01009250
B6 6ER,E01034920,E05011121,Birmingham,E01034920
B27 7XB,E01009029,E05011118,Birmingham,E01009029
B74 4NZ,E01009419,E05011174,Birmingham,E01009419
B29 7BY,E01009286,E05011128,Birmingham,E01009286
B18 7QS,E01009153,E05011157,Birmingham,E01009153
B19 1PX,E01033638,E05011153,Birmingham,E01033638
B24 9DT,E01009008,E05011135,Birmingham,E01009008
B45 9BU,E01009164,E05011164,Birmingham,E01009164
B19 2LS,E01034925,E05011153,Birmingham,E01034925
B30 3LS,E01009119,E05011148,Birmingham,E01009119
B20 3NQ,E01009057,E05011125,Birmingham,E01009057
B74 2RD,E01009430,E05011174,Birmingham,E01009430
B20 2PH,E01009263,E05011143,Birmingham,E01009263
B33 0LW,E01009303,E05011138,Birmingham,E01009303
B44 8TT,E01009228,E05011159,Birmingham,E01009228
B31 1HD,E01009495,E05011123,Birmingham,E01009495
B7 5QD,E01009201,E05011155,Birmingham,E01009201
B73 5UP,E01009474,E05011179,Birmingham,E01009474
B74 2TR,E01009425,E05011174,Birmingham,E01009425
B15 2ST,E01033562,E05011134,Birmingham,E01033562
B14 6DG,E01008968,E05011130,Birmingham,E01008968
B14 7HH,E01009179,E05011130,Birmingham,E01009179
B26 2AL,E01009518,E05011185,Birmingham,E01009518
B31 1JX,E01008930,E05011123,Birmingham,E01008930
B10 9AA,E01009328,E05011167,Birmingham,E01009328
B8 2XN,E01009479,E05011183,Birmingham,E01009479
B75 6TH,E01009431,E05011175,Birmingham,E01009431
B33 8HB,E01009508,E05011137,Birmingham,E01009508
B11 4PR,E01009396,E05011171,Birmingham,E01009396
B36 8ET,E01009084,E05011131,Birmingham,E01009084
B28 0AD,E01009046,E05011140,Birmingham,E01009046
B13 0JD,E01008935,E05011124,Birmingham,E01008935
B23 7LU,E01009412,E05011173,Birmingham,E01009412
B31 2EP,E01009205,E05011158,Birmingham,E01009205
B28 8DL,E01009045,E05011140,Birmingham,E01009045
B28 9JU,E01009032,E05011140,Birmingham,E01009032
B74 2BA,E01009464,E05011179,Birmingham,E01009464
B32 1AE,E01009250,E05011163,Birmingham,E01009250
B24 8BH,E01009013,E05011139,Birmingham,E01009013
B24 8PE,E01009400,E05011139,Birmingham,E01009400
B14 5AP,E01008971,E05011130,Birmingham,E01008971
B5 7FP,E01009362,E05011126,Birmingham,E01009362
B35 6LP,E01009106,E05011132,Birmingham,E01009106
B44 8SG,E01009229,E05011159,Birmingham,E01009229
B73 5HG,E01009462,E05011179,Birmingham,E01009462
B28 9LH,E01009035,E05011140,Birmingham,E01009035
B72 1AU,E01009462,E05011181,Birmingham,E01009462
B32 2JE,E01009072,E05011144,Birmingham,E01009072
B29 6WQ,E01009280,E05011129,Birmingham,E01009280
B18 4DZ,E01009346,E05011157,Birmingham,E01009346
B17 9QY,E01009067,E05011144,Birmingham,E01009067
B27 7AR,E01009024,E05011118,Birmingham,E01009024
B73 5RZ,E01009456,E05011179,Birmingham,E01009456
B34 6TF,E01009307,E05011165,Birmingham,E01009307
B34 7BU,E01009304,E05011165,Birmingham,E01009304
B33 9AX,E01009095,E05011138,Birmingham,E01009095
B28 9DT,E01009032,E05011140,Birmingham,E01009032
B23 7TF,E01009125,E05011173,Birmingham,E01009125
B44 8QG,E01009231,E05011150,Birmingham,E01009231
B45 9ND,E01009164,E05011164,Birmingham,E01009164
B36 8LY,E01009083,E05011131,Birmingham,E01009083
B74 2QT,E01009430,E05011174,Birmingham,E01009430
B33 0UW,E01009512,E05011137,Birmingham,E01009512
B23 5NJ,E01009405,E05011161,Birmingham,E01009405
B28 8DE,E01009046,E05011140,Birmingham,E01009046
B24 9BE,E01009013,E05011135,Birmingham,E01009013
B28 0PQ,E01009040,E05011141,Birmingham,E01009040
B74 2QD,E01009430,E05011174,Birmingham,E01009430
B72 1XA,E01009424,E05011178,Birmingham,E01009424
B31 5FE,E01009172,E05011136,Birmingham,E01009172
B32 4LX,E01008925,E05011123,Birmingham,E01008925
B13 9TP,E01009188,E05011154,Birmingham,E01009188
B75 7HA,E01009448,E05011177,Birmingham,E01009448
B30 2QQ,E01008953,E05011172,Birmingham,E01008953
B10 0PB,E01009379,E05011127,Birmingham,E01009379
B75 6HP,E01009446,E05011177,Birmingham,E01009446
B17 0TD,E01009071,E05011144,Birmingham,E01009071
B12 8SR,E01009377,E05011170,Birmingham,E01009377
B5 7BW,E01033640,E05011126,Birmingham,E01033640
B76 1NG,E01009440,E05011180,Birmingham,E01009440
B9 4JH,E01009200,E05011126,Birmingham,E01009200
B18 4JY,E01009346,E05011157,Birmingham,E01009346
B23 7AX,E01009414,E05011173,Birmingham,E01009414
B30 2US,E01008964,E05011172,Birmingham,E01008964
B11 3SJ,E01033643,E05011171,Birmingham,E01033643
B76 1BS,E01009438,E05011180,Birmingham,E01009438
B11 3JZ,E01009026,E05011140,Birmingham,E01009026
B44 0EG,E01009137,E05011150,Birmingham,E01009137
B35 7LD,E01009099,E05011132,Birmingham,E01009099
B28 8EW,E01009014,E05011182,Birmingham,E01009014
B9 5SB,E01009476,E05011145,Birmingham,E01009476
B31 2JY,E01009219,E05011158,Birmingham,E01009219
B72 1JZ,E01009437,E05011178,Birmingham,E01009437
B35 7HW,E01009101,E05011132,Birmingham,E01009101
B27 7NQ,E01009018,E05011118,Birmingham,E01009018
B7 5PR,E01009201,E05011155,Birmingham,E01009201
B75 7SX,E01009432,E05011178,Birmingham,E01009432
B32 2PE,E01009256,E05011163,Birmingham,E01009256
B9 5DE,E01009332,E05011127,Birmingham,E01009332
B14 6HG,E01008967,E05011130,Birmingham,E01008967
B23 7UR,E01009124,E05011173,Birmingham,E01009124
B74 2RQ,E01009427,E05011174,Birmingham,E01009427
B14 5AU,E01008974,E05011133,Birmingham,E01008974
B14 6JN,E01008971,E05011130,Birmingham,E01008971
B29 5ER,E01009505,E05011184,Birmingham,E01009505
B31 1RG,E01009499,E05011119,Birmingham,E01009499
B14 4TQ,E01008949,E05011146,Birmingham,E01008949
B13 8PD,E01009186,E05011154,Birmingham,E01009186
B30 3ET,E01008957,E05011172,Birmingham,E01008957
B8 1DE,E01009192,E05011120,Birmingham,E01009192
B31 5FS,E01009162,E05011136,Birmingham,E01009162
B29 5EA,E01009504,E05011184,Birmingham,E01009504
B28 8NR,E01009022,E05011118,Birmingham,E01009022
B23 5BZ,E01009132,E05011161,Birmingham,E01009132
B45 0LZ,E01009155,E05011136,Birmingham,E01009155
B25 8UX,E01008881,E05011169,Birmingham,E01008881
B24 9LX,E01009011,E05011135,Birmingham,E01009011
B17 9LB,E01009069,E05011144,Birmingham,E01009069
B34 7DX,E01009304,E05011165,Birmingham,E01009304
B29 5SG,E01009064,E05011184,Birmingham,E01009064
B29 6NW,E01009295,E05011184,Birmingham,E01009295
B72 1ER,E01009457,E05011181,Birmingham,E01009457
B29 7JB,E01009288,E05011128,Birmingham,E01009288
B32 3DG,E01008920,E05011123,Birmingham,E01008920
B6 4TL,E01034926,E05011156,Birmingham,E01034926
B75 6RJ,E01009426,E05011177,Birmingham,E01009426
B38 8LZ,E01009112,E05011148,Birmingham,E01009112
B76 2QG,E01009436,E05011180,Birmingham,E01009436
B13 9JR,E01009176,E05011154,Birmingham,E01009176
B13 9XD,E01009045,E05011154,Birmingham,E01009045
B5 7EF,E01008996,E05011122,Birmingham,E01008996
B29 5HY,E01009500,E05011184,Birmingham,E01009500
B74 4PN,E01009421,E05011174,Birmingham,E01009421
B76 9AL,E01009441,E05011180,Birmingham,E01009441
B18 5DS,E01009360,E05011168,Birmingham,E01009360
B23 6PH,E01009407,E05011173,Birmingham,E01009407
B17 8SN,E01009260,E05011163,Birmingham,E01009260
B38 8LT,E01009112,E05011152,Birmingham,E01009112
B28 0XA,E01009041,E05011141,Birmingham,E01009041
B75 5LN,E01009420,E05011177,Birmingham,E01009420
B32 2UX,E01008919,E05011144,Birmingham,E01008919
B18 6BS,E01033623,E05011168,Birmingham,E01033623
B42 1PN,E01009241,E05011160,Birmingham,E01009241
B31 4NG,E01034945,E05011152,Birmingham,E01034945
B14 5RX,E01008980,E05011133,Birmingham,E01008980
B76 1XD,E01009443,E05011180,Birmingham,E01009443
B18 7JJ,E01009348,E05011168,Birmingham,E01009348
B73 6QX,E01009469,E05011179,Birmingham,E01009469
B30 1LD,E01008951,E05011129,Birmingham,E01008951
B30 2NZ,E01008952,E05011172,Birmingham,E01008952
B16 0SL,E01009140,E05011157,Birmingham,E01009140
B27 7RB,E01009020,E05011118,Birmingham,E01009020
B35 6LS,E01009097,E05011132,Birmingham,E01009097
B20 2LS,E01009278,E05011143,Birmingham,E01009278
B44 0AQ,E01009122,E05011150,Birmingham,E01009122
B3 1TW,E01033623,E05011168,Birmingham,E01033623
B29 6EA,E01009289,E05011128,Birmingham,E01009289
B29 5BP,E01009504,E05011184,Birmingham,E01009504
B38 9TA,E01009113,E05011149,Birmingham,E01009113
B75 5JQ,E01009415,E05011175,Birmingham,E01009415
B31 4DE,E01009215,E05011152,Birmingham,E01009215
B75 6NB,E01009426,E05011177,Birmingham,E01009426
B15 2BU,E01008994,E05011134,Birmingham,E01008994
B72 1DX,E01009459,E05011181,Birmingham,E01009459
B15 3AU,E01008990,E05011134,Birmingham,E01008990
B31 5HS,E01009159,E05011136,Birmingham,E01009159
B74 2AH,E01009464,E05011179,Birmingham,E01009464
B6 6AN,E01009060,E05011121,Birmingham,E01009060
B33 8DH,E01009510,E05011185,Birmingham,E01009510
B32 1EY,E01009251,E05011163,Birmingham,E01009251
B72 1EU,E01009457,E05011181,Birmingham,E01009457
B15 2GP,E01033624,E05011151,Birmingham,E01033624
B24 0HG,E01009100,E05011162,Birmingham,E01009100
B26 2TB,E01009323,E05011137,Birmingham,E01009323
B35 6PW,E01009106,E05011132,Birmingham,E01009106
B9 5DR,E01009328,E05011127,Birmingham,E01009328
B72 1JH,E01009449,E05011178,Birmingham,E01009449
B45 9YG,E01009159,E05011164,Birmingham,E01009159
B24 9DX,E01009008,E05011135,Birmingham,E01009008
B32 3PZ,E01008917,E05011123,Birmingham,E01008917
B28 9JL,E01032589,E05011140,Birmingham,E01032589
B38 8NY,E01009108,E05011149,Birmingham,E01009108
B6 7QY,E01034927,E05011155,Birmingham,E01034927
B15 3QF,E01008991,E05011134,Birmingham,E01008991
B14 5JU,E01008948,E05011146,Birmingham,E01008948
B75 5RL,E01009416,E05011177,Birmingham,E01009416
B14 4JU,E01008939,E05011146,Birmingham,E01008939
B75 6DA,E01009428,E05011178,Birmingham,E01009428
B29 6UY,E01009284,E05011129,Birmingham,E01009284
B75 5BA,E01009423,E05011175,Birmingham,E01009423
B29 4BU,E01009504,E05011184,Birmingham,E01009504
B24 8NY,E01008999,E05011139,Birmingham,E01008999
B23 5HN,E01034914,E05011161,Birmingham,E01034914
B34 6ER,E01009091,E05011138,Birmingham,E01009091
B13 0PD,E01008968,E05011124,Birmingham,E01008968
B1 3LY,E01033565,E05011168,Birmingham,E01033565
B23 5AQ,E01034914,E05011161,Birmingham,E01034914
B12 9HA,E01009366,E05011122,Birmingham,E01009366
B16 9EH,E01008987,E05011151,Birmingham,E01008987
B28 9EG,E01009035,E05011140,Birmingham,E01009035
B20 2ER,E01009265,E05011142,Birmingham,E01009265
B23 5SF,E01009006,E05011135,Birmingham,E01009006
B10 0BX,E01009363,E05011127,Birmingham,E01009363
B23 7QY,E01009413,E05011173,Birmingham,E01009413
B29 6BE,E01034940,E05011128,Birmingham,E01034940
B76 1DN,E01009438,E05011180,Birmingham,E01009438
B31 3AH,E01009205,E05011148,Birmingham,E01009205
B73 5NZ,E01009471,E05011181,Birmingham,E01009471
B72 1JG,E01009471,E05011181,Birmingham,E01009471
B28 0FH,E01009036,E05011141,Birmingham,E01009036
B15 2FP,E01033624,E05011151,Birmingham,E01033624
B73 6JT,E01009470,E05011179,Birmingham,E01009470
B23 5BL,E01034914,E05011161,Birmingham,E01034914
B30 1AL,E01008962,E05011129,Birmingham,E01008962
B27 6JD,E01008892,E05011118,Birmingham,E01008892
B16 0AQ,E01009153,E05011151,Birmingham,E01009153
B14 7QG,E01008981,E05011130,Birmingham,E01008981
B17 8SX,E01009260,E05011163,Birmingham,E01009260
B16 8JJ,E01009143,E05011151,Birmingham,E01009143
B6 6SE,E01008899,E05011121,Birmingham,E01008899
B12 8SL,E01009377,E05011170,Birmingham,E01009377
B75 6DL,E01009428,E05011177,Birmingham,E01009428
B24 9DD,E01009012,E05011135,Birmingham,E01009012
B75 5BE,E01009423,E05011175,Birmingham,E01009423
B34 7LE,E01009310,E05011165,Birmingham,E01009310
B30 2BN,E01008952,E05011172,Birmingham,E01008952
B13 0HA,E01008934,E05011124,Birmingham,E01008934
B13 9EZ,E01009187,E05011154,Birmingham,E01009187
B9 4EG,E01009200,E05011126,Birmingham,E01009200
B42 1BZ,E01009242,E05011160,Birmingham,E01009242
B31 2TT,E01009162,E05011158,Birmingham,E01009162
B33 9QD,E01009311,E05011138,Birmingham,E01009311
B31 4JB,E01009213,E05011152,Birmingham,E01009213
B18 4JT,E01009346,E05011157,Birmingham,E01009346
B21 9DG,E01009352,E05011142,Birmingham,E01009352
B24 8HE,E01009400,E05011139,Birmingham,E01009400
B23 5QD,E01009001,E05011135,Birmingham,E01009001
B24 9HJ,E01009012,E05011135,Birmingham,E01009012
B12 8TD,E01009367,E05011170,Birmingham,E01009367
B24 0RT,E01009098,E05011162,Birmingham,E01009098
B35 7JD,E01009101,E05011132,Birmingham,E01009101
B23 7QD,E01009414,E05011173,Birmingham,E01009414
B26 2BJ,E01009514,E05011185,Birmingham,E01009514
B13 9HP,E01009394,E05011154,Birmingham,E01009394
B27 6NU,E01008895,E05011118,Birmingham,E01008895
B5 7RY,E01034937,E05011134,Birmingham,E01034937
B30 2JU,E01008952,E05011172,Birmingham,E01008952
B5 7PQ,E01008984,E05011134,Birmingham,E01008984
B76 2WS,E01009436,E05011180,Birmingham,E01009436
B14 7QR,E01009178,E05011130,Birmingham,E01009178
B73 6AF,E01009424,E05011178,Birmingham,E01009424
B24 0BG,E01009003,E05011135,Birmingham,E01009003
B12 0EJ,E01009364,E05011126,Birmingham,E01009364
B16 8DE,E01033618,E05011151,Birmingham,E01033618
B75 5NG,E01009420,E05011177,Birmingham,E01009420
B17 9RA,E01009067,E05011144,Birmingham,E01009067
B32 1AR,E01009250,E05011163,Birmingham,E01009250
B13 8JH,E01009184,E05011154,Birmingham,E01009184
B6 5BP,E01008910,E05011121,Birmingham,E01008910
B35 7JT,E01009101,E05011132,Birmingham,E01009101
B1 3ER,E01034951,E05011168,Birmingham,E01034951
B31 5DS,E01009208,E05011158,Birmingham,E01009208
B33 9JX,E01009093,E05011138,Birmingham,E01009093
B7 5UH,E01009201,E05011155,Birmingham,E01009201
B36 8DL,E01009087,E05011131,Birmingham,E01009087
B32 3RA,E01008917,E05011123,Birmingham,E01008917
B76 1EB,E01009442,E05011180,Birmingham,E01009442
B28 0AH,E01009046,E05011140,Birmingham,E01009046
B34 6PH,E01009305,E05011131,Birmingham,E01009305
B27 7YA,E01009015,E05011118,Birmingham,E01009015
B17 0QF,E01009077,E05011144,Birmingham,E01009077
B75 5UA,E01009416,E05011177,Birmingham,E01009416
B33 9JU,E01009094,E05011138,Birmingham,E01009094
B32 2PB,E01009256,E05011163,Birmingham,E01009256
B11 3NF,E01009014,E05011140,Birmingham,E01009014
B23 7BE,E01009408,E05011173,Birmingham,E01009408
B28 8NY,E01009023,E05011118,Birmingham,E01009023
B14 5TH,E01008980,E05011133,Birmingham,E01008980
B25 8DF,E01008884,E05011182,Birmingham,E01008884
B38 9AS,E01009119,E05011149,Birmingham,E01009119
B17 9TD,E01009070,E05011144,Birmingham,E01009070
B17 9SE,E01009068,E05011144,Birmingham,E01009068
B24 9DL,E01009012,E05011135,Birmingham,E01009012
B30 3EL,E01009116,E05011148,Birmingham,E01009116
B28 0DJ,E01009031,E05011141,Birmingham,E01009031
B34 6SS,E01009307,E05011165,Birmingham,E01009307
B18 4DY,E01009346,E05011157,Birmingham,E01009346
B28 0FD,E01009041,E05011141,Birmingham,E01009041
B42 1QL,E01009240,E05011160,Birmingham,E01009240
B16 9JS,E01008989,E05011157,Birmingham,E01008989
B35 7PA,E01009097,E05011132,Birmingham,E01009097
B26 2PS,E01009316,E05011166,Birmingham,E01009316
B30 1PX,E01008950,E05011129,Birmingham,E01008950
B28 8DB,E01009046,E05011140,Birmingham,E01009046
B38 8NE,E01009111,E05011148,Birmingham,E01009111
B35 6HP,E01009096,E05011132,Birmingham,E01009096
B23 5EB,E01009404,E05011161,Birmingham,E01009404
B30 2HH,E01008951,E05011129,Birmingham,E01008951
B13 0QQ,E01008936,E05011124,Birmingham,E01008936
B73 5BJ,E01009474,E05011179,Birmingham,E01009474
B19 1QT,E01008905,E05011153,Birmingham,E01008905
B32 1DH,E01009253,E05011163,Birmingham,E01009253
B1 3NS,E01033623,E05011168,Birmingham,E01033623
B74 4AB,E01009425,E05011175,Birmingham,E01009425
B44 9DJ,E01009224,E05011159,Birmingham,E01009224
B33 9HQ,E01009095,E05011138,Birmingham,E01009095
B31 2UL,E01009158,E05011158,Birmingham,E01009158
B27 7ET,E01009021,E05011118,Birmingham,E01009021
B20 1AR,E01009267,E05011143,Birmingham,E01009267
B75 6DU,E01009446,E05011177,Birmingham,E01009446
B11 1UG,E01009371,E05011170,Birmingham,E01009371
B73 6BZ,E01009449,E05011178,Birmingham,E01009449
B13 9PA,E01009185,E05011154,Birmingham,E01009185
B8 2ND,E01009481,E05011183,Birmingham,E01009481
B29 5HL,E01009503,E05011184,Birmingham,E01009503
B34 6EB,E01009089,E05011131,Birmingham,E01009089
B19 1NP,E01008905,E05011153,Birmingham,E01008905
B29 5BZ,E01009294,E05011184,Birmingham,E01009294
B75 5JU,E01009426,E05011177,Birmingham,E01009426
B18 7HU,E01009348,E05011168,Birmingham,E01009348
B21 0DP,E01009349,E05011147,Birmingham,E01009349
B33 0RA,E01009321,E05011166,Birmingham,E01009321
B76 1EU,E01009454,E05011176,Birmingham,E01009454
B32 1DD,E01009253,E05011163,Birmingham,E01009253
B38 8QR,E01009119,E05011149,Birmingham,E01009119
B38 9QJ,E01009110,E05011149,Birmingham,E01009110
B28 0PD,E01009039,E05011141,Birmingham,E01009039
B38 8AP,E01009117,E05011148,Birmingham,E01009117
B75 6TQ,E01009431,E05011175,Birmingham,E01009431
B31 4BS,E01009215,E05011152,Birmingham,E01009215
B32 2SA,E01009255,E05011163,Birmingham,E01009255
B76 1SN,E01009435,E05011176,Birmingham,E01009435
B35 7HL,E01009101,E05011132,Birmingham,E01009101
B74 4DQ,E01009415,E05011175,Birmingham,E01009415
B29 4QP,E01009494,E05011184,Birmingham,E01009494
B76 1JH,E01009440,E05011180,Birmingham,E01009440
B26 1BD,E01008885,E05011169,Birmingham,E01008885
B14 5EE,E01008947,E05011146,Birmingham,E01008947
B33 8PX,E01009515,E05011186,Birmingham,E01009515
B27 7BS,E01009021,E05011118,Birmingham,E01009021
B13 0BG,E01009046,E05011124,Birmingham,E01009046
B20 1AG,E01009267,E05011143,Birmingham,E01009267
B75 5AG,E01009429,E05011175,Birmingham,E01009429
B23 6LD,E01009406,E05011161,Birmingham,E01009406
B17 9SL,E01009065,E05011144,Birmingham,E01009065
B76 1PX,E01009437,E05011180,Birmingham,E01009437
B18 5RJ,E01009360,E05011168,Birmingham,E01009360
B16 0EF,E01009153,E05011157,Birmingham,E01009153
B32 2UL,E01009258,E05011163,Birmingham,E01009258
B74 4DT,E01009433,E05011175,Birmingham,E01009433
B14 5BT,E01008942,E05011146,Birmingham,E01008942
B32 2US,E01009258,E05011163,Birmingham,E01009258
B16 0NE,E01009145,E05011157,Birmingham,E01009145
B33 0SF,E01009512,E05011137,Birmingham,E01009512
B14 5EA,E01008947,E05011146,Birmingham,E01008947
B73 6PN,E01009470,E05011179,Birmingham,E01009470
B1 2QQ,E01033627,E05011151,Birmingham,E01033627
B28 0EW,E01009037,E05011141,Birmingham,E01009037
B26 2LH,E01009519,E05011185,Birmingham,E01009519
B31 1NN,E01009496,E05011119,Birmingham,E01009496
B72 1BS,E01009461,E05011181,Birmingham,E01009461
B75 7JX,E01009447,E05011176,Birmingham,E01009447
B11 2BL,E01008889,E05011182,Birmingham,E01008889
B23 5GE,E01034914,E05011161,Birmingham,E01034914
B73 5BT,E01009458,E05011179,Birmingham,E01009458
B44 8PG,E01009223,E05011159,Birmingham,E01009223
B74 4EP,E01009415,E05011175,Birmingham,E01009415
B45 0NW,E01009155,E05011136,Birmingham,E01009155
B13 9RB,E01009189,E05011154,Birmingham,E01009189
B29 5SS,E01009064,E05011184,Birmingham,E01009064
B32 3HZ,E01008920,E05011123,Birmingham,E01008920
B35 7NU,E01009097,E05011132,Birmingham,E01009097
B26 2RJ,E01009314,E05011166,Birmingham,E01009314
B30 1LU,E01008950,E05011129,Birmingham,E01008950
B9 5XL,E01009342,E05011145,Birmingham,E01009342
B74 4TA,E01009421,E05011174,Birmingham,E01009421
B31 4RH,E01009216,E05011152,Birmingham,E01009216
B29 6UF,E01009284,E05011129,Birmingham,E01009284
B31 2BD,E01009218,E05011158,Birmingham,E01009218
B16 0LX,E01009140,E05011157,Birmingham,E01009140
B34 7BA,E01009309,E05011165,Birmingham,E01009309
B23 5JT,E01009001,E05011135,Birmingham,E01009001
B13 9DF,E01009394,E05011154,Birmingham,E01009394
B15 3JE,E01008992,E05011134,Birmingham,E01008992
B12 8EQ,E01009397,E05011170,Birmingham,E01009397
B36 8AT,E01009081,E05011131,Birmingham,E01009081
B23 5NP,E01009405,E05011161,Birmingham,E01009405
B26 1JF,E01008885,E05011169,Birmingham,E01008885
B30 1TJ,E01009281,E05011129,Birmingham,E01009281
B29 4RE,E01009506,E05011184,Birmingham,E01009506
B76 2SN,E01009450,E05011180,Birmingham,E01009450
B32 1AB,E01009250,E05011163,Birmingham,E01009250
B44 8HU,E01009227,E05011159,Birmingham,E01009227
B7 5JQ,E01009202,E05011155,Birmingham,E01009202
B29 6GN,E01009284,E05011129,Birmingham,E01009284
B11 1AB,E01009365,E05011170,Birmingham,E01009365
B14 5NN,,,,
B42 2NE,E01009241,E05011160,Birmingham,E01009241
B38 8JH,E01009112,E05011152,Birmingham,E01009112
B14 4PW,E01008949,E05011146,Birmingham,E01008949
B19 1PA,E01008905,E05011153,Birmingham,E01008905
B29 4ES,E01009505,E05011184,Birmingham,E01009505
B23 6BS,E01033646,E05011139,Birmingham,E01033646
B30 1LE,E01008951,E05011129,Birmingham,E01008951
B31 5SE,E01008930,E05011123,Birmingham,E01008930
B8 1QR,E01009483,E05011120,Birmingham,E01009483
B21 9ST,E01009359,E05011168,Birmingham,E01009359
B24 8HG,E01009400,E05011139,Birmingham,E01009400
B75 7EY,E01009452,E05011176,Birmingham,E01009452
B72 1SN,E01009451,E05011178,Birmingham,E01009451
B9 4TR,E01034935,E05011126,Birmingham,E01034935
B35 6DD,E01009096,E05011132,Birmingham,E01009096
B34 6TS,E01009309,E05011165,Birmingham,E01009309
B12 8BA,E01009399,E05011154,Birmingham,E01009399
B11 1YA,E01009371,E05011170,Birmingham,E01009371
B73 5RH,E01009459,E05011179,Birmingham,E01009459
B73 6PU,E01009467,E05011179,Birmingham,E01009467
B42 1JG,E01009235,E05011160,Birmingham,E01009235
B33 0QP,E01009321,E05011166,Birmingham,E01009321
B32 1BG,E01009250,E05011163,Birmingham,E01009250
B74 2SY,E01009430,E05011174,Birmingham,E01009430
B32 3HN,E01008920,E05011123,Birmingham,E01008920
B15 3RW,E01008990,E05011134,Birmingham,E01008990
B30 2JS,E01008952,E05011172,Birmingham,E01008952
B30 1HJ,E01008956,E05011129,Birmingham,E01008956
B10 9RS,E01009332,E05011127,Birmingham,E01009332
B26 3ES,E01009319,E05011166,Birmingham,E01009319
B42 2PG,E01009243,E05011160,Birmingham,E01009243
B31 2TZ,E01009158,E05011158,Birmingham,E01009158
B28 9HA,E01032589,E05011140,Birmingham,E01032589
B23 5UY,E01034915,E05011135,Birmingham,E01034915
B14 7EJ,E01009175,E05011130,Birmingham,E01009175
B31 4BL,E01009209,E05011152,Birmingham,E01009209
B27 6JF,E01008892,E05011118,Birmingham,E01008892
B45 0LA,E01009174,E05011136,Birmingham,E01009174
B24 9RR,E01009104,E05011162,Birmingham,E01009104
B6 4TD,E01008910,E05011156,Birmingham,E01008910
B74 2QU,E01009430,E05011174,Birmingham,E01009430
B11 1TJ,E01009373,E05011170,Birmingham,E01009373
B74 4XP,E01009433,E05011175,Birmingham,E01009433
B31 3QF,E01009212,E05011152,Birmingham,E01009212
B15 3QD,E01008991,E05011134,Birmingham,E01008991
B29 5NU,E01009501,E05011184,Birmingham,E01009501
B29 4NG,E01009504,E05011184,Birmingham,E01009504
B15 3LT,E01008990,E05011134,Birmingham,E01008990
B30 3NW,E01008974,E05011133,Birmingham,E01008974
B13 0RY,E01008968,E05011124,Birmingham,E01008968
B14 5PD,E01008978,E05011133,Birmingham,E01008978
B35 7NF,E01009097,E05011132,Birmingham,E01009097
B28 0SU,E01008944,E05011124,Birmingham,E01008944
B8 1ER,E01009192,E05011120,Birmingham,E01009192
B35 6DY,E01009101,E05011132,Birmingham,E01009101
B44 0PP,E01009133,E05011150,Birmingham,E01009133
B44 0SG,E01009469,E05011179,Birmingham,E01009469
B10 9NJ,E01009327,E05011167,Birmingham,E01009327
B33 9DT,E01009092,E05011138,Birmingham,E01009092
B74 4UP,E01009433,E05011175,Birmingham,E01009433
B75 6HY,E01009446,E05011177,Birmingham,E01009446
B33 0HP,E01009303,E05011138,Birmingham,E01009303
B27 7NF,E01009018,E05011118,Birmingham,E01009018
B11 1RN,E01009365,E05011170,Birmingham,E01009365
B76 2QL,E01009437,E05011180,Birmingham,E01009437
B38 8XE,E01009117,E05011148,Birmingham,E01009117
B1 3DW,E01034950,E05011168,Birmingham,E01034950
B31 3QB,E01009217,E05011152,Birmingham,E01009217
B14 7BZ,E01009175,E05011130,Birmingham,E01009175
B12 8AQ,E01009397,E05011170,Birmingham,E01009397
B31 2PH,E01009219,E05011158,Birmingham,E01009219
B6 4LH,E01034930,E05011156,Birmingham,E01034930
B14 5XZ,E01008979,E05011133,Birmingham,E01008979
B17 9DS,E01009067,E05011144,Birmingham,E01009067
B23 5AN,E01034913,E05011161,Birmingham,E01034913
B18 4RF,E01009361,E05011168,Birmingham,E01009361
B33 9FH,E01009095,E05011138,Birmingham,E01009095
B23 7YW,E01009411,E05011173,Birmingham,E01009411
B24 0SZ,E01009100,E05011162,Birmingham,E01009100
B31 1RA,E01009499,E05011119,Birmingham,E01009499
B13 9QU,E01009185,E05011154,Birmingham,E01009185
B38 8DE,E01009116,E05011148,Birmingham,E01009116
B17 8AS,E01009260,E05011163,Birmingham,E01009260
B38 8LE,E01009112,E05011148,Birmingham,E01009112
B29 6JE,E01009284,E05011129,Birmingham,E01009284
B26 2TX,E01009323,E05011137,Birmingham,E01009323
B31 2YT,E01009213,E05011152,Birmingham,E01009213
B32 1JH,E01009251,E05011163,Birmingham,E01009251
B19 2TP,E01009047,E05011153,Birmingham,E01009047
B13 8QU,E01009186,E05011154,Birmingham,E01009186
B21 0HD,E01009349,E05011147,Birmingham,E01009349
B42 1NL,E01009237,E05011160,Birmingham,E01009237
B31 1NJ,E01009496,E05011119,Birmingham,E01009496
B76 1PH,E01009435,E05011180,Birmingham,E01009435
B8 2DP,E01009090,E05011131,Birmingham,E01009090
B28 0NR,E01009040,E05011141,Birmingham,E01009040
B31 5BD,E01009207,E05011158,Birmingham,E01009207
B25 8NQ,E01008882,E05011182,Birmingham,E01008882
B26 3YB,E01009317,E05011166,Birmingham,E01009317
B20 3BP,E01009051,E05011121,Birmingham,E01009051
B11 2NS,E01009339,E05011170,Birmingham,E01009339
B21 0LA,E01009354,E05011147,Birmingham,E01009354
B29 6LJ,E01009294,E05011129,Birmingham,E01009294
B24 8HD,E01009400,E05011139,Birmingham,E01009400
B31 2SU,E01009162,E05011158,Birmingham,E01009162
B5 6DA,E01033615,E05011126,Birmingham,E01033615
B33 9NR,E01009311,E05011138,Birmingham,E01009311
B8 1PL,E01009482,E05011120,Birmingham,E01009482
B31 1FE,E01009497,E05011119,Birmingham,E01009497
B44 8UA,E01009228,E05011159,Birmingham,E01009228
B32 3AR,E01008919,E05011123,Birmingham,E01008919
B23 7LP,E01009412,E05011173,Birmingham,E01009412
B72 1SY,E01009449,E05011178,Birmingham,E01009449
B75 5GA,E01009415,E05011175,Birmingham,E01009415
B44 0LR,E01009130,E05011150,Birmingham,E01009130
B30 2QR,E01008953,E05011172,Birmingham,E01008953
B11 2JR,E01034952,E05011170,Birmingham,E01034952
B13 8NH,E01009183,E05011154,Birmingham,E01009183
B28 8HB,E01009046,E05011140,Birmingham,E01009046
B74 4SD,E01009422,E05011174,Birmingham,E01009422
B17 9DU,E01009067,E05011144,Birmingham,E01009067
B44 0UB,E01009131,E05011150,Birmingham,E01009131
B33 8PY,E01009515,E05011186,Birmingham,E01009515
B16 0HT,E01009152,E05011157,Birmingham,E01009152
B42 2NR,E01009247,E05011160,Birmingham,E01009247
B76 2SH,E01009435,E05011180,Birmingham,E01009435
B35 6PP,E01009106,E05011132,Birmingham,E01009106
B73 6HJ,E01009466,E05011178,Birmingham,E01009466
B32 4LG,E01008925,E05011123,Birmingham,E01008925
B15 1JN,E01008994,E05011134,Birmingham,E01008994
B14 4DT,E01008941,E05011124,Birmingham,E01008941
B12 0XX,E01009362,E05011126,Birmingham,E01009362
B33 9JY,E01009092,E05011138,Birmingham,E01009092
B8 3JF,E01009489,E05011120,Birmingham,E01009489
B28 0QZ,E01008940,E05011124,Birmingham,E01008940
B30 1DE,E01008960,E05011129,Birmingham,E01008960
B13 8EH,E01009385,E05011154,Birmingham,E01009385
B72 1NN,E01009453,E05011178,Birmingham,E01009453
B15 3QB,E01008991,E05011134,Birmingham,E01008991
B16 8EG,E01009141,E05011151,Birmingham,E01009141
B28 9DF,E01009035,E05011140,Birmingham,E01009035
B44 8NG,E01009227,E05011159,Birmingham,E01009227
B42 2EY,E01009239,E05011160,Birmingham,E01009239
B8 1DQ,E01034934,E05011120,Birmingham,E01034934
B14 5SP,E01008978,E05011133,Birmingham,E01008978
B38 8BX,E01009116,E05011148,Birmingham,E01009116
B13 9JJ,E01009176,E05011154,Birmingham,E01009176
B31 4SS,E01009170,E05011152,Birmingham,E01009170
B8 2DQ,E01009478,E05011183,Birmingham,E01009478
B29 4DT,E01009505,E05011184,Birmingham,E01009505
B16 0DU,E01009153,E05011157,Birmingham,E01009153
B75 5QG,E01009415,E05011175,Birmingham,E01009415
B75 5RH,E01009416,E05011177,Birmingham,E01009416
B45 0DB,E01034943,E05011136,Birmingham,E01034943
B8 3AW,E01034931,E05011120,Birmingham,E01034931
B24 9LL,E01009008,E05011135,Birmingham,E01009008
B31 5EP,E01009158,E05011136,Birmingham,E01009158
B27 6JL,E01008890,E05011118,Birmingham,E01008890
B23 5AW,E01009136,E05011161,Birmingham,E01009136
B72 1HS,E01009463,E05011181,Birmingham,E01009463
B38 8YL,E01009118,E05011148,Birmingham,E01009118
B73 6DJ,E01009449,E05011178,Birmingham,E01009449
B74 2XY,E01009425,E05011174,Birmingham,E01009425
B17 0PR,E01033562,E05011144,Birmingham,E01033562
B19 2LQ,E01034925,E05011153,Birmingham,E01034925
B44 0EH,E01009122,E05011150,Birmingham,E01009122
B7 4HS,E01009204,E05011155,Birmingham,E01009204
B44 8HP,E01009229,E05011150,Birmingham,E01009229
B13 0QU,E01008936,E05011124,Birmingham,E01008936
B29 7QY,E01009282,E05011128,Birmingham,E01009282
B33 0ET,E01009297,E05011138,Birmingham,E01009297
B10 9QP,E01009332,E05011127,Birmingham,E01009332
B27 6HJ,E01008892,E05011118,Birmingham,E01008892
B8 3BW,E01009492,E05011138,Birmingham,E01009492
B17 0AP,E01009071,E05011144,Birmingham,E01009071
B34 6SB,E01009307,E05011165,Birmingham,E01009307
B14 6HY,E01008967,E05011130,Birmingham,E01008967
B73 6JH,E01009468,E05011179,Birmingham,E01009468
B13 0LE,E01008938,E05011124,Birmingham,E01008938
B14 7AX,E01009188,E05011130,Birmingham,E01009188
B32 3QD,E01008920,E05011123,Birmingham,E01008920
B29 6DX,E01009289,E05011128,Birmingham,E01009289
B11 2HL,E01034952,E05011182,Birmingham,E01034952
B75 7SB,E01009446,E05011176,Birmingham,E01009446
B31 3XS,E01009211,E05011152,Birmingham,E01009211
B45 0JH,E01034943,E05011136,Birmingham,E01034943
B18 7LB,E01009348,E05011168,Birmingham,E01009348
B76 2RZ,E01009434,E05011180,Birmingham,E01009434
B13 9YE,E01009176,E05011154,Birmingham,E01009176
B19 2NQ,E01008911,E05011156,Birmingham,E01008911
B16 8ET,E01033627,E05011151,Birmingham,E01033627
B26 3PW,E01009320,E05011166,Birmingham,E01009320
B28 9EP,E01009035,E05011140,Birmingham,E01009035
B72 1RQ,E01009453,E05011178,Birmingham,E01009453
B31 5JN,E01034942,E05011136,Birmingham,E01034942
B24 9PZ,E01009098,E05011162,Birmingham,E01009098
B8 3LT,E01009488,E05011120,Birmingham,E01009488
B36 8AQ,E01009090,E05011131,Birmingham,E01009090
B19 2DJ,E01034925,E05011153,Birmingham,E01034925
B13 8QX,E01009186,E05011154,Birmingham,E01009186
B75 6LZ,E01009426,E05011177,Birmingham,E01009426
B8 2RH,E01009086,E05011131,Birmingham,E01009086
B11 3HL,E01009028,E05011182,Birmingham,E01009028
B33 0XA,E01009517,E05011137,Birmingham,E01009517
B27 7RU,E01009018,E05011182,Birmingham,E01009018
B75 6NL,E01009426,E05011177,Birmingham,E01009426
B20 1JL,E01009279,E05011143,Birmingham,E01009279
B32 2AY,E01009261,E05011163,Birmingham,E01009261
B33 8ER,E01009511,E05011137,Birmingham,E01009511
B35 7DE,E01009103,E05011132,Birmingham,E01009103
B73 5SJ,E01009466,E05011179,Birmingham,E01009466
B19 2LX,E01008909,E05011156,Birmingham,E01008909
B11 3FD,E01009014,E05011140,Birmingham,E01009014
B74 2QY,E01009430,E05011174,Birmingham,E01009430
B76 1GP,E01009440,E05011180,Birmingham,E01009440
B8 1RH,E01009479,E05011120,Birmingham,E01009479
B1 3NT,E01033623,E05011168,Birmingham,E01033623
B20 1AU,E01009267,E05011143,Birmingham,E01009267
B28 0BA,E01009031,E05011140,Birmingham,E01009031
B13 0NR,E01008938,E05011124,Birmingham,E01008938
B31 4BW,E01009215,E05011152,Birmingham,E01009215
B24 9JF,E01034916,E05011135,Birmingham,E01034916
B25 8BZ,E01008884,E05011182,Birmingham,E01008884
B21 8HL,E01009272,E05011143,Birmingham,E01009272
B38 9LE,,,,
B29 4DJ,E01009494,E05011184,Birmingham,E01009494
B33 0NP,E01009302,E05011138,Birmingham,E01009302
B24 0EG,E01009005,E05011135,Birmingham,E01009005
B11 1LU,E01009368,E05011170,Birmingham,E01009368
B31 3QE,E01009217,E05011152,Birmingham,E01009217
B76 1YR,E01009438,E05011180,Birmingham,E01009438
B1 1PT,E01033557,E05011151,Birmingham,E01033557
B9 5JR,E01009341,E05011145,Birmingham,E01009341
B34 6BG,E01009090,E05011131,Birmingham,E01009090
B29 6GY,E01009284,E05011129,Birmingham,E01009284
B74 4AW,E01009425,E05011174,Birmingham,E01009425
B74 2UU,E01009425,E05011174,Birmingham,E01009425
B11 3DY,E01009014,E05011140,Birmingham,E01009014
B31 4ED,E01009213,E05011152,Birmingham,E01009213
B31 4HA,E01009209,E05011152,Birmingham,E01009209
B73 5DB,E01009472,E05011179,Birmingham,E01009472
B33 8RU,E01009508,E05011185,Birmingham,E01009508
B45 9GF,E01009158,E05011158,Birmingham,E01009158
B26 3RU,E01009320,E05011166,Birmingham,E01009320
B8 2JD,E01009486,E05011183,Birmingham,E01009486
B17 8QR,E01009066,E05011144,Birmingham,E01009066
B18 5NY,E01033559,E05011168,Birmingham,E01033559
B26 2DN,E01009514,E05011137,Birmingham,E01009514
B9 5NS,E01034935,E05011145,Birmingham,E01034935
B76 1NY,E01009454,E05011176,Birmingham,E01009454
B31 2ND,E01009205,E05011158,Birmingham,E01009205
B31 3NG,E01009216,E05011152,Birmingham,E01009216
B33 9PD,E01009311,E05011138,Birmingham,E01009311
B73 6PJ,E01009470,E05011179,Birmingham,E01009470
B33 9ND,E01009091,E05011138,Birmingham,E01009091
B32 3SX,E01008931,E05011123,Birmingham,E01008931
B23 5JW,E01009406,E05011161,Birmingham,E01009406
B25 8JY,E01008887,E05011169,Birmingham,E01008887
B8 1NU,E01009484,E05011120,Birmingham,E01009484
B42 2GA,E01009239,E05011160,Birmingham,E01009239
B74 2FF,E01009424,E05011178,Birmingham,E01009424
B42 2RF,E01009243,E05011159,Birmingham,E01009243
B21 0HL,E01009354,E05011147,Birmingham,E01009354
B44 9NP,E01009220,E05011159,Birmingham,E01009220
B31 1HH,E01009495,E05011119,Birmingham,E01009495
B20 1NR,E01009267,E05011143,Birmingham,E01009267
B17 0LR,E01009075,E05011144,Birmingham,E01009075
B29 6UP,E01009284,E05011129,Birmingham,E01009284
B76 1QZ,E01009436,E05011180,Birmingham,E01009436
B30 1EL,E01008954,E05011129,Birmingham,E01008954
B44 9SR,E01009226,E05011159,Birmingham,E01009226
B10 9SH,,,,
B42 2NU,E01009247,E05011160,Birmingham,E01009247
B8 2AS,E01009490,E05011183,Birmingham,E01009490
B75 6QJ,E01009426,E05011177,Birmingham,E01009426
B13 0SD,E01008968,E05011124,Birmingham,E01008968
B18 5JR,E01009358,E05011168,Birmingham,E01009358
B13 0BF,E01008935,E05011124,Birmingham,E01008935
B31 2FX,E01009506,E05011184,Birmingham,E01009506
B74 2TA,E01009427,E05011174,Birmingham,E01009427
B12 8SH,E01009377,E05011170,Birmingham,E01009377
B27 7XT,E01009015,E05011118,Birmingham,E01009015
B31 1SU,E01009172,E05011119,Birmingham,E01009172
B76 1PW,E01009438,E05011180,Birmingham,E01009438
B29 4NH,E01009504,E05011184,Birmingham,E01009504
B28 8AZ,E01009045,E05011140,Birmingham,E01009045
B17 8PL,E01009065,E05011144,Birmingham,E01009065
B31 3RG,E01009212,E05011152,Birmingham,E01009212
B18 4PU,E01009361,E05011168,Birmingham,E01009361
B23 7JE,E01009410,E05011173,Birmingham,E01009410
B75 5JW,E01009418,E05011175,Birmingham,E01009418
B23 6HD,E01009409,E05011173,Birmingham,E01009409
B9 5PH,E01009476,E05011145,Birmingham,E01009476
B10 0EW,E01009338,E05011167,Birmingham,E01009338
B14 6LG,E01008973,E05011130,Birmingham,E01008973
B44 9LJ,E01009222,E05011159,Birmingham,E01009222
B28 9NR,E01009033,E05011140,Birmingham,E01009033
B26 3XU,E01009314,E05011166,Birmingham,E01009314
B73 5BU,E01009458,E05011179,Birmingham,E01009458
B75 7DW,E01009452,E05011176,Birmingham,E01009452
B14 5XS,E01008979,E05011133,Birmingham,E01008979
B13 0NJ,E01008938,E05011124,Birmingham,E01008938
B14 4EH,E01008939,E05011124,Birmingham,E01008939
B32 2JS,E01009074,E05011144,Birmingham,E01009074
B1 3AX,E01034950,E05011168,Birmingham,E01034950
B75 5PL,E01009420,E05011177,Birmingham,E01009420
B14 4QP,E01008945,E05011146,Birmingham,E01008945
B20 1AA,E01009267,E05011143,Birmingham,E01009267
B28 8JP,E01009045,E05011140,Birmingham,E01009045
B27 7PY,E01009022,E05011118,Birmingham,E01009022
B23 5QG,E01009001,E05011135,Birmingham,E01009001
B30 1HP,E01008959,E05011129,Birmingham,E01008959
B74 4HR,E01009419,E05011174,Birmingham,E01009419
B25 8EL,E01008890,E05011169,Birmingham,E01008890
B33 0BH,E01009301,E05011138,Birmingham,E01009301
B26 2QE,E01009314,E05011166,Birmingham,E01009314
B32 1JE,E01009251,E05011163,Birmingham,E01009251
B27 6EJ,E01008893,E05011118,Birmingham,E01008893
B23 5JG,E01034914,E05011161,Birmingham,E01034914
B26 3LY,E01009320,E05011166,Birmingham,E01009320
B72 1NB,E01009437,E05011181,Birmingham,E01009437
B42 2LU,E01009238,E05011160,Birmingham,E01009238
B17 8JF,E01009138,E05011157,Birmingham,E01009138
B31 1ST,E01009172,E05011119,Birmingham,E01009172
B42 2LT,E01009238,E05011160,Birmingham,E01009238
B20 3DS,E01009051,E05011121,Birmingham,E01009051
B72 1DJ,E01009463,E05011181,Birmingham,E01009463
B23 6TS,E01009007,E05011135,Birmingham,E01009007
B73 6NR,E01009470,E05011179,Birmingham,E01009470
B16 0DG,E01009153,E05011157,Birmingham,E01009153
B72 1RF,E01009449,E05011178,Birmingham,E01009449
B11 2HX,E01034952,E05011170,Birmingham,E01034952
B26 2JX,E01009519,E05011185,Birmingham,E01009519
B25 8AA,E01008887,E05011169,Birmingham,E01008887
B38 8YB,E01009118,E05011148,Birmingham,E01009118
B38 8EJ,E01009111,E05011148,Birmingham,E01009111
B75 5AW,E01009425,E05011175,Birmingham,E01009425
B75 7QT,E01009447,E05011176,Birmingham,E01009447
B36 8QT,E01009081,E05011131,Birmingham,E01009081
B29 6PA,E01009284,E05011184,Birmingham,E01009284
B33 0XL,E01009512,E05011137,Birmingham,E01009512
B8 3BH,E01034932,E05011120,Birmingham,E01034932
B75 5SU,E01009416,E05011177,Birmingham,E01009416
B73 5LH,E01009456,E05011179,Birmingham,E01009456
B18 7JN,E01009348,E05011168,Birmingham,E01009348
B15 3SA,E01008992,E05011134,Birmingham,E01008992
B15 3EN,E01008990,E05011134,Birmingham,E01008990
B29 4DL,E01009494,E05011184,Birmingham,E01009494
B27 7ND,E01009018,E05011118,Birmingham,E01009018
B30 3RX,E01008975,E05011133,Birmingham,E01008975
B34 7QZ,E01009306,E05011165,Birmingham,E01009306
B8 3RN,E01009477,E05011138,Birmingham,E01009477
B44 0US,E01009127,E05011150,Birmingham,E01009127
B16 0SW,E01009140,E05011157,Birmingham,E01009140
B29 7HY,E01009288,E05011128,Birmingham,E01009288
B17 8TG,E01009260,E05011163,Birmingham,E01009260
B44 9TX,E01009226,E05011159,Birmingham,E01009226
B29 5SA,E01009064,E05011184,Birmingham,E01009064
B28 8JD,E01009030,E05011140,Birmingham,E01009030
B14 5YH,E01008979,E05011133,Birmingham,E01008979
B14 4TN,E01008949,E05011146,Birmingham,E01008949
B33 9EG,E01009311,E05011138,Birmingham,E01009311
B30 1QT,E01008950,E05011129,Birmingham,E01008950
B26 3TU,E01009315,E05011166,Birmingham,E01009315
B76 2PU,E01009436,E05011180,Birmingham,E01009436
B45 9GA,E01009158,E05011158,Birmingham,E01009158
B12 8DE,E01009399,E05011170,Birmingham,E01009399
B20 1EU,E01009279,E05011143,Birmingham,E01009279
B32 1DY,E01009253,E05011163,Birmingham,E01009253
B72 1NG,E01009453,E05011178,Birmingham,E01009453
B20 2EY,E01009265,E05011142,Birmingham,E01009265
B31 4SY,E01009170,E05011152,Birmingham,E01009170
B24 9RT,E01009104,E05011162,Birmingham,E01009104
B6 7DY,E01008899,E05011121,Birmingham,E01008899
B14 4LN,E01008946,E05011146,Birmingham,E01008946
B9 5PR,E01009327,E05011127,Birmingham,E01009327
B35 6LB,E01009096,E05011132,Birmingham,E01009096
B26 3EJ,E01009320,E05011166,Birmingham,E01009320
B35 6LL,E01009106,E05011132,Birmingham,E01009106
B73 5LS,E01009460,E05011179,Birmingham,E01009460
B32 3UQ,E01008921,E05011123,Birmingham,E01008921
B31 5AY,E01009207,E05011158,Birmingham,E01009207
B76 2PX,E01009436,E05011180,Birmingham,E01009436
B76 1AQ,E01009454,E05011176,Birmingham,E01009454
B26 1BN,E01008891,E05011169,Birmingham,E01008891
B75 7PG,E01009445,E05011176,Birmingham,E01009445
B28 0SF,E01008944,E05011124,Birmingham,E01008944
B11 2AA,E01008889,E05011182,Birmingham,E01008889
B32 1BF,E01009250,E05011163,Birmingham,E01009250
B3 1SH,E01033623,E05011168,Birmingham,E01033623
B28 0LS,E01009040,E05011141,Birmingham,E01009040
B28 0UB,E01009042,E05011141,Birmingham,E01009042
B21 8DT,E01009269,E05011147,Birmingham,E01009269
B10 9HJ,E01009326,E05011167,Birmingham,E01009326
B14 7SA,E01009178,E05011130,Birmingham,E01009178
B31 2AE,E01008954,E05011129,Birmingham,E01008954
B13 8DR,E01009182,E05011154,Birmingham,E01009182
B16 0HP,E01009140,E05011157,Birmingham,E01009140
B16 0RZ,E01009140,E05011157,Birmingham,E01009140
B73 5LT,E01009459,E05011181,Birmingham,E01009459
B27 7XJ,E01009018,E05011118,Birmingham,E01009018
B26 2SP,E01009322,E05011137,Birmingham,E01009322
B27 6AU,E01008890,E05011182,Birmingham,E01008890
B14 4EE,E01008941,E05011124,Birmingham,E01008941
B26 3HY,E01009315,E05011166,Birmingham,E01009315
B9 5NJ,E01033649,E05011145,Birmingham,E01033649
B28 8EL,E01009046,E05011140,Birmingham,E01009046
B43 7EP,E01009220,E05011159,Birmingham,E01009220
B34 7RX,E01009310,E05011165,Birmingham,E01009310
B8 3HF,E01009491,E05011120,Birmingham,E01009491
B38 8ER,E01009112,E05011148,Birmingham,E01009112
B30 3BN,E01008953,E05011172,Birmingham,E01008953
B75 6UL,E01009428,E05011178,Birmingham,E01009428
B75 5LL,E01009423,E05011177,Birmingham,E01009423
B26 1HU,E01008891,E05011169,Birmingham,E01008891
B74 4DF,E01009418,E05011175,Birmingham,E01009418
B13 0QA,E01008936,E05011124,Birmingham,E01008936
B15 3NS,E01008991,E05011134,Birmingham,E01008991
B21 8EY,E01009269,E05011147,Birmingham,E01009269
B73 5HS,E01009460,E05011179,Birmingham,E01009460
B44 9NE,E01009221,E05011159,Birmingham,E01009221
B27 7XR,E01009018,E05011118,Birmingham,E01009018
B14 4SJ,E01008942,E05011146,Birmingham,E01008942
B73 5DX,E01009474,E05011179,Birmingham,E01009474
B24 0QD,E01009105,E05011162,Birmingham,E01009105
B16 0LW,E01009140,E05011157,Birmingham,E01009140
B32 1DG,E01009253,E05011163,Birmingham,E01009253
B31 3QR,E01009216,E05011152,Birmingham,E01009216
B44 8AY,E01009232,E05011150,Birmingham,E01009232
B30 2SX,E01008965,E05011172,Birmingham,E01008965
B6 6QN,E01009053,E05011121,Birmingham,E01009053
B30 1QU,E01008950,E05011129,Birmingham,E01008950
B32 1HD,E01009251,E05011163,Birmingham,E01009251
B11 3AA,E01009391,E05011171,Birmingham,E01009391
B29 4RB,E01009506,E05011184,Birmingham,E01009506
B31 5AR,E01009207,E05011119,Birmingham,E01009207
B7 4QJ,E01034927,E05011155,Birmingham,E01034927
B15 3PS,E01008989,E05011134,Birmingham,E01008989
B14 6EX,E01008967,E05011130,Birmingham,E01008967
B33 9UR,E01009297,E05011138,Birmingham,E01009297
B28 0EU,E01009034,E05011140,Birmingham,E01009034
B76 1PU,E01009440,E05011180,Birmingham,E01009440
B75 7NP,E01009445,E05011176,Birmingham,E01009445
B8 3HW,E01009491,E05011120,Birmingham,E01009491
B17 8SP,E01009260,E05011163,Birmingham,E01009260
B31 4AG,E01009209,E05011152,Birmingham,E01009209
B21 9HF,E01009350,E05011142,Birmingham,E01009350
B27 7JE,E01009019,E05011118,Birmingham,E01009019
B27 6BA,E01008890,E05011118,Birmingham,E01008890
B75 7SU,E01009446,E05011177,Birmingham,E01009446
B28 0BS,E01009037,E05011141,Birmingham,E01009037
B30 3RG,E01008975,E05011133,Birmingham,E01008975
B75 7JA,E01009448,E05011176,Birmingham,E01009448
B45 9WL,E01009159,E05011136,Birmingham,E01009159
B44 9BJ,E01009223,E05011159,Birmingham,E01009223
B42 2AH,E01009248,E05011159,Birmingham,E01009248
B14 6LQ,E01008974,E05011130,Birmingham,E01008974
B45 8QQ,E01009164,E05011164,Birmingham,E01009164
B31 3BX,E01009210,E05011152,Birmingham,E01009210
B44 0BP,E01009137,E05011150,Birmingham,E01009137
B13 8RS,E01009183,E05011154,Birmingham,E01009183
B31 1FF,E01009497,E05011119,Birmingham,E01009497
B15 2LF,E01034936,E05011134,Birmingham,E01034936
B31 1LU,E01009497,E05011119,Birmingham,E01009497
B35 6PT,E01009096,E05011132,Birmingham,E01009096
B30 1QG,E01008954,E05011129,Birmingham,E01008954
B18 4QW,E01009359,E05011168,Birmingham,E01009359
B76 2PJ,E01009435,E05011180,Birmingham,E01009435
B30 1RQ,E01008950,E05011129,Birmingham,E01008950
B75 5GB,E01009416,E05011177,Birmingham,E01009416
B38 8PT,E01009114,E05011148,Birmingham,E01009114
B20 3UX,E01034918,E05011125,Birmingham,E01034918
B8 1LL,E01034933,E05011120,Birmingham,E01034933
B5 7TX,E01008997,E05011134,Birmingham,E01008997
B19 3AB,E01033623,E05011168,Birmingham,E01033623
B74 4AN,E01009425,E05011174,Birmingham,E01009425
B16 9RH,E01008988,E05011157,Birmingham,E01008988
B74 4LH,E01009419,E05011174,Birmingham,E01009419
B20 3UB,E01009056,E05011125,Birmingham,E01009056
B76 1NH,E01009437,E05011180,Birmingham,E01009437
B75 5BZ,E01009423,E05011175,Birmingham,E01009423
B74 4SY,E01009417,E05011174,Birmingham,E01009417
B28 0QR,E01032589,E05011141,Birmingham,E01032589
B17 9JE,E01009065,E05011144,Birmingham,E01009065
B73 6TR,E01009464,E05011179,Birmingham,E01009464
B74 4YG,E01009433,E05011175,Birmingham,E01009433
B31 1GA,E01033629,E05011123,Birmingham,E01033629
B35 7NW,E01009097,E05011132,Birmingham,E01009097
B29 4HA,E01009505,E05011184,Birmingham,E01009505
B32 2DN,E01009261,E05011163,Birmingham,E01009261
B76 1JE,E01009440,E05011180,Birmingham,E01009440
B74 4AY,E01009425,E05011174,Birmingham,E01009425
B16 8RB,E01034948,E05011151,Birmingham,E01034948
B45 0EP,E01009157,E05011136,Birmingham,E01009157
B32 1PX,E01009249,E05011163,Birmingham,E01009249
B26 2HU,E01009519,E05011185,Birmingham,E01009519
B29 6HU,E01009281,E05011129,Birmingham,E01009281
B24 9LT,E01009011,E05011162,Birmingham,E01009011
B5 7SR,E01034937,E05011134,Birmingham,E01034937
B74 2QQ,E01009430,E05011174,Birmingham,E01009430
B23 6QU,E01009007,E05011135,Birmingham,E01009007
B26 1DD,E01008886,E05011169,Birmingham,E01008886
B20 3TL,E01009056,E05011125,Birmingham,E01009056
B73 6LY,E01009468,E05011179,Birmingham,E01009468
B14 7HJ,E01009179,E05011130,Birmingham,E01009179
B28 0AG,E01009046,E05011140,Birmingham,E01009046
B31 1LA,E01009497,E05011158,Birmingham,E01009497
B29 4NE,E01009504,E05011184,Birmingham,E01009504
B44 8PU,E01009230,E05011150,Birmingham,E01009230
B75 6HZ,E01009446,E05011177,Birmingham,E01009446
B35 7HR,E01009101,E05011132,Birmingham,E01009101
B16 0QH,E01009145,E05011157,Birmingham,E01009145
B73 5JT,E01009460,E05011179,Birmingham,E01009460
B15 2PH,E01033562,E05011134,Birmingham,E01033562
B18 7BN,E01009153,E05011157,Birmingham,E01009153
B19 2NG,E01034925,E05011153,Birmingham,E01034925
B31 1EZ,E01009495,E05011123,Birmingham,E01009495
B75 5AJ,E01009429,E05011175,Birmingham,E01009429
B72 1PH,E01009449,E05011178,Birmingham,E01009449
B33 9DU,E01009092,E05011138,Birmingham,E01009092
B20 1ET,E01009279,E05011143,Birmingham,E01009279
B11 4AW,E01034953,E05011171,Birmingham,E01034953
B30 2HD,E01008956,E05011129,Birmingham,E01008956
B73 6JB,E01009468,E05011178,Birmingham,E01009468
B44 0PT,E01009134,E05011150,Birmingham,E01009134
B20 1HL,E01032591,E05011143,Birmingham,E01032591
B31 4QP,E01009215,E05011152,Birmingham,E01009215
B14 5JL,E01008947,E05011146,Birmingham,E01008947
B28 0HY,E01009034,E05011141,Birmingham,E01009034
B36 8JR,E01009084,E05011131,Birmingham,E01009084
B14 6LJ,E01008974,E05011130,Birmingham,E01008974
B23 5DQ,E01034914,E05011161,Birmingham,E01034914
B33 8UJ,E01009513,E05011186,Birmingham,E01009513
B23 6DR,E01009007,E05011135,Birmingham,E01009007
B73 5BQ,E01009458,E05011179,Birmingham,E01009458
B73 5NH,E01009462,E05011181,Birmingham,E01009462
B44 9HY,E01009220,E05011159,Birmingham,E01009220
B24 8EN,E01008998,E05011139,Birmingham,E01008998
B73 5PY,E01009466,E05011181,Birmingham,E01009466
B73 6RE,E01009469,E05011179,Birmingham,E01009469
B1 3RB,E01034951,E05011168,Birmingham,E01034951
B30 1JN,,,,
B31 2RT,E01009206,E05011158,Birmingham,E01009206
B34 7QY,E01009306,E05011165,Birmingham,E01009306
B73 5NX,E01009466,E05011181,Birmingham,E01009466
B25 8UD,E01008881,E05011186,Birmingham,E01008881
B31 5BB,E01009207,E05011158,Birmingham,E01009207
B28 0QU,E01009036,E05011141,Birmingham,E01009036
B20 2NY,E01009263,E05011143,Birmingham,E01009263
B29 4DX,E01009506,E05011184,Birmingham,E01009506
B44 8TY,E01009228,E05011159,Birmingham,E01009228
B75 7TA,E01009424,E05011178,Birmingham,E01009424
B25 8HG,E01008884,E05011182,Birmingham,E01008884
B29 7JA,E01009288,E05011128,Birmingham,E01009288
B13 9JG,E01009394,E05011154,Birmingham,E01009394
B19 3LB,E01034930,E05011156,Birmingham,E01034930
B10 9QX,E01009332,E05011127,Birmingham,E01009332
B20 2PB,E01009263,E05011143,Birmingham,E01009263
B29 5AP,E01009294,E05011184,Birmingham,E01009294
B74 2NE,E01009428,E05011178,Birmingham,E01009428
B73 5HR,E01009460,E05011179,Birmingham,E01009460
B72 1LB,E01009471,E05011181,Birmingham,E01009471
B16 9DN,E01008987,E05011151,Birmingham,E01008987
B35 6JF,E01009096,E05011132,Birmingham,E01009096
B75 6SN,E01009429,E05011175,Birmingham,E01009429
B45 9WE,E01009159,E05011136,Birmingham,E01009159
B9 4SD,E01009199,E05011126,Birmingham,E01009199
B1 2RR,E01033622,E05011151,Birmingham,E01033622
B28 8FJ,E01009014,E05011182,Birmingham,E01009014
B42 2RP,E01009243,E05011159,Birmingham,E01009243
B28 9LT,E01032589,E05011140,Birmingham,E01032589
B45 9GE,E01009158,E05011158,Birmingham,E01009158
B17 9RS,E01009070,E05011144,Birmingham,E01009070
B28 8DY,E01009044,E05011140,Birmingham,E01009044
B18 5RP,E01009360,E05011168,Birmingham,E01009360
B19 3BW,E01033638,E05011156,Birmingham,E01033638
B30 1LG,E01008951,E05011129,Birmingham,E01008951
B75 5NZ,E01009416,E05011177,Birmingham,E01009416
B12 0BP,E01009367,E05011170,Birmingham,E01009367
B38 9DN,,,,
B73 6AR,E01009468,E05011178,Birmingham,E01009468
B74 4PZ,E01009421,E05011174,Birmingham,E01009421
B36 8US,E01009082,E05011131,Birmingham,E01009082
B14 4LZ,E01008942,E05011146,Birmingham,E01008942
B73 6PE,E01009473,E05011179,Birmingham,E01009473
B23 7NX,E01009401,E05011139,Birmingham,E01009401
B20 2NA,E01009278,E05011143,Birmingham,E01009278
B75 7HG,E01009445,E05011176,Birmingham,E01009445
B35 7HT,E01009101,E05011132,Birmingham,E01009101
B36 8QD,E01009079,E05011131,Birmingham,E01009079
B10 9SL,E01009332,E05011167,Birmingham,E01009332
B32 1ES,E01009251,E05011163,Birmingham,E01009251
B26 2PE,E01009324,E05011166,Birmingham,E01009324
B72 1EH,E01009463,E05011181,Birmingham,E01009463
B16 0PY,E01009145,E05011157,Birmingham,E01009145
B32 1JT,E01009257,E05011163,Birmingham,E01009257
B35 7DQ,E01009101,E05011132,Birmingham,E01009101
B76 9QE,E01009450,E05011180,Birmingham,E01009450
B26 3RA,E01009318,E05011166,Birmingham,E01009318
B24 8AS,E01009000,E05011139,Birmingham,E01009000
B75 5DH,E01009429,E05011175,Birmingham,E01009429
B14 4FE,E01008939,E05011124,Birmingham,E01008939
B31 4RJ,E01009216,E05011152,Birmingham,E01009216
B24 0NT,E01009098,E05011162,Birmingham,E01009098
B31 1UW,E01008930,E05011123,Birmingham,E01008930
B14 5AH,E01008942,E05011146,Birmingham,E01008942
B31 2UR,E01009162,E05011158,Birmingham,E01009162
B14 6SE,E01008966,E05011130,Birmingham,E01008966
B12 9BW,E01009376,E05011122,Birmingham,E01009376
B15 2TT,E01034937,E05011134,Birmingham,E01034937
B13 0BJ,E01009031,E05011124,Birmingham,E01009031
B76 1GL,E01009436,E05011180,Birmingham,E01009436
B33 8JD,E01009511,E05011137,Birmingham,E01009511
B13 0LG,E01008938,E05011124,Birmingham,E01008938
B34 7AH,E01009309,E05011165,Birmingham,E01009309
B19 2TB,E01034925,E05011153,Birmingham,E01034925
B20 2ND,E01009278,E05011143,Birmingham,E01009278
B14 4AU,E01008943,E05011146,Birmingham,E01008943
B17 0PP,E01033562,E05011144,Birmingham,E01033562
B17 9DG,E01009066,E05011144,Birmingham,E01009066
B26 3EN,E01009320,E05011166,Birmingham,E01009320
B38 8YG,E01009118,E05011148,Birmingham,E01009118
B44 9NA,E01009233,E05011159,Birmingham,E01009233
B35 7ES,E01009103,E05011132,Birmingham,E01009103
B44 8LG,E01009230,E05011159,Birmingham,E01009230
B24 9NP,E01009102,E05011162,Birmingham,E01009102
B27 7TP,E01009029,E05011118,Birmingham,E01009029
B26 3LS,E01009320,E05011166,Birmingham,E01009320
B35 6JW,E01009096,E05011132,Birmingham,E01009096
B12 8RD,E01009377,E05011170,Birmingham,E01009377
B24 9BU,E01009012,E05011135,Birmingham,E01009012
B14 6NU,E01008967,E05011130,Birmingham,E01008967
B35 7QS,E01009101,E05011132,Birmingham,E01009101
B42 2NF,E01009242,E05011160,Birmingham,E01009242
B32 3QB,E01008920,E05011123,Birmingham,E01008920
B24 0SA,E01009098,E05011162,Birmingham,E01009098
B34 6TQ,E01009307,E05011165,Birmingham,E01009307
B6 5HQ,E01034924,E05011121,Birmingham,E01034924
B17 8SR,E01009260,E05011163,Birmingham,E01009260
B24 0RS,E01009098,E05011162,Birmingham,E01009098
B11 2EU,E01034954,E05011170,Birmingham,E01034954
B31 1NB,E01009497,E05011119,Birmingham,E01009497
B76 2RS,E01009434,E05011180,Birmingham,E01009434
B16 9RE,E01008988,E05011157,Birmingham,E01008988
B36 8SW,E01009079,E05011131,Birmingham,E01009079
B25 8HZ,E01008884,E05011182,Birmingham,E01008884
B11 2JA,E01034952,E05011170,Birmingham,E01034952
B31 4TZ,E01009170,E05011152,Birmingham,E01009170
B28 8NX,E01009023,E05011118,Birmingham,E01009023
B19 2XX,E01008906,E05011156,Birmingham,E01008906
B27 7SL,E01009016,E05011182,Birmingham,E01009016
B62 0QB,E01008921,E05011123,Birmingham,E01008921
B7 4QD,E01009204,E05011155,Birmingham,E01009204
B8 1NH,E01009192,E05011120,Birmingham,E01009192
B30 1XD,E01009281,E05011129,Birmingham,E01009281
B73 6EP,E01009468,E05011178,Birmingham,E01009468
B16 9RP,E01008988,E05011134,Birmingham,E01008988
B13 9YP,E01009176,E05011154,Birmingham,E01009176
B28 9DW,E01009032,E05011140,Birmingham,E01009032
B73 5BE,E01009472,E05011179,Birmingham,E01009472
B17 9SP,E01009065,E05011144,Birmingham,E01009065
B13 0SX,E01008936,E05011124,Birmingham,E01008936
B44 0LB,E01009129,E05011150,Birmingham,E01009129
B73 5AR,E01009473,E05011179,Birmingham,E01009473
B8 3TQ,E01034932,E05011120,Birmingham,E01034932
B32 1BQ,E01009250,E05011163,Birmingham,E01009250
B23 7HY,E01009125,E05011173,Birmingham,E01009125
B14 7PG,E01008981,E05011130,Birmingham,E01008981
B14 6BD,E01008981,E05011130,Birmingham,E01008981
B72 1BZ,E01009471,E05011181,Birmingham,E01009471
B72 1JL,E01009471,E05011181,Birmingham,E01009471
B15 2FN,E01033624,E05011151,Birmingham,E01033624
B31 3NA,E01009217,E05011152,Birmingham,E01009217
B13 8DG,E01009384,E05011154,Birmingham,E01009384
B30 1AN,E01008959,E05011129,Birmingham,E01008959
B17 0RN,E01009078,E05011144,Birmingham,E01009078
B38 8HY,E01009214,E05011152,Birmingham,E01009214
B44 0SA,E01009127,E05011150,Birmingham,E01009127
B17 0BX,E01009071,E05011144,Birmingham,E01009071
B26 2TZ,E01009323,E05011137,Birmingham,E01009323
B28 0HR,E01009034,E05011140,Birmingham,E01009034
B26 3AA,E01009315,E05011166,Birmingham,E01009315
B24 9NX,E01009102,E05011162,Birmingham,E01009102
B29 6GT,E01009284,E05011129,Birmingham,E01009284
B32 2EJ,,,,
B32 2JB,E01009070,E05011144,Birmingham,E01009070
B27 7PJ,E01009019,E05011118,Birmingham,E01009019
B44 0QA,E01009133,E05011150,Birmingham,E01009133
B9 5RE,E01009343,E05011127,Birmingham,E01009343
B14 6HE,E01008967,E05011130,Birmingham,E01008967
B73 5BN,E01009460,E05011179,Birmingham,E01009460
B11 4LE,E01009396,E05011171,Birmingham,E01009396
B74 2AJ,E01009464,E05011179,Birmingham,E01009464
B9 4XE,E01034935,E05011126,Birmingham,E01034935
B76 9BJ,E01009441,E05011180,Birmingham,E01009441
B75 7SP,E01009446,E05011177,Birmingham,E01009446
B27 7SA,E01009016,E05011182,Birmingham,E01009016
B31 4ES,E01009215,E05011152,Birmingham,E01009215
B28 9DN,E01009032,E05011140,Birmingham,E01009032
B11 1DQ,E01033650,E05011170,Birmingham,E01033650
B45 0LX,E01009155,E05011136,Birmingham,E01009155
B76 1LW,E01009439,E05011180,Birmingham,E01009439
B31 4PW,E01009166,E05011152,Birmingham,E01009166
B74 4XB,E01009433,E05011175,Birmingham,E01009433
B73 5QQ,E01009466,E05011179,Birmingham,E01009466
B42 2NH,E01009238,E05011160,Birmingham,E01009238
B29 5NY,E01009503,E05011184,Birmingham,E01009503
B3 1QX,E01033623,E05011168,Birmingham,E01033623
B30 2BT,E01008952,E05011172,Birmingham,E01008952
B31 4PR,E01009168,E05011152,Birmingham,E01009168
B31 5SP,E01008930,E05011123,Birmingham,E01008930
B6 6EH,E01034919,E05011121,Birmingham,E01034919
B45 9NS,E01009167,E05011164,Birmingham,E01009167
B14 7EE,E01009175,E05011130,Birmingham,E01009175
B24 0TR,E01009009,E05011162,Birmingham,E01009009
B31 3TL,E01009210,E05011152,Birmingham,E01009210
B26 1HP,E01008885,E05011169,Birmingham,E01008885
B14 7TD,E01009177,E05011130,Birmingham,E01009177
B6 5JN,E01008901,E05011155,Birmingham,E01008901
B29 7QW,E01009293,E05011128,Birmingham,E01009293
B13 8JY,E01009183,E05011154,Birmingham,E01009183
B31 1LG,E01009496,E05011119,Birmingham,E01009496
B15 3RD,E01034937,E05011134,Birmingham,E01034937
B33 8DG,E01009510,E05011185,Birmingham,E01009510
B28 0SB,E01008944,E05011124,Birmingham,E01008944
B19 2YX,E01008911,E05011156,Birmingham,E01008911
B34 6TG,E01009307,E05011165,Birmingham,E01009307
B75 6EA,E01009428,E05011178,Birmingham,E01009428
B31 2AD,E01009493,E05011184,Birmingham,E01009493
B27 7HT,E01009025,E05011118,Birmingham,E01009025
B12 0RG,E01034946,E05011126,Birmingham,E01034946
B30 3RP,E01008977,E05011133,Birmingham,E01008977
B72 1NW,E01009453,E05011178,Birmingham,E01009453
B20 2NG,E01009278,E05011143,Birmingham,E01009278
B31 5NR,E01009158,E05011136,Birmingham,E01009158
B9 5BW,E01009332,E05011127,Birmingham,E01009332
B29 5NN,E01009501,E05011184,Birmingham,E01009501
B8 1EJ,E01009192,E05011120,Birmingham,E01009192
B74 2QE,E01009427,E05011174,Birmingham,E01009427
B26 1PH,E01009520,E05011166,Birmingham,E01009520
B32 1PT,E01009249,E05011163,Birmingham,E01009249
B30 2UJ,E01008963,E05011172,Birmingham,E01008963
B20 1LN,E01032591,E05011143,Birmingham,E01032591
B73 5TR,E01009456,E05011179,Birmingham,E01009456
B44 8SP,E01009228,E05011159,Birmingham,E01009228
B28 0PU,E01009036,E05011141,Birmingham,E01009036
B20 1DP,E01009279,E05011143,Birmingham,E01009279
B27 6SX,E01008895,E05011169,Birmingham,E01008895
B28 0NJ,E01009039,E05011141,Birmingham,E01009039
B44 0TX,E01009131,E05011150,Birmingham,E01009131
B31 5SA,E01008930,E05011123,Birmingham,E01008930
B21 9PP,E01009266,E05011147,Birmingham,E01009266
B24 9NH,E01009102,E05011162,Birmingham,E01009102
B29 5NX,E01009501,E05011184,Birmingham,E01009501
B73 6SR,E01009464,E05011179,Birmingham,E01009464
B18 5DL,E01009360,E05011168,Birmingham,E01009360
B33 0PP,E01009321,E05011166,Birmingham,E01009321
B73 5RQ,E01009458,E05011179,Birmingham,E01009458
B75 7QL,E01009447,E05011176,Birmingham,E01009447
B20 2HR,E01009265,E05011143,Birmingham,E01009265
B17 9ER,E01009067,E05011144,Birmingham,E01009067
B20 1AB,E01009267,E05011143,Birmingham,E01009267
B26 1LP,E01009313,E05011166,Birmingham,E01009313
B73 5DF,E01009473,E05011179,Birmingham,E01009473
B13 9RR,E01009175,E05011154,Birmingham,E01009175
B14 5UY,E01008980,E05011133,Birmingham,E01008980
B38 8QQ,E01009119,E05011149,Birmingham,E01009119
B16 9DG,E01008988,E05011157,Birmingham,E01008988
B11 1SP,E01009365,E05011170,Birmingham,E01009365
B14 5DW,E01008948,E05011146,Birmingham,E01008948
B31 2RN,E01009209,E05011158,Birmingham,E01009209
B13 9BQ,E01009383,E05011154,Birmingham,E01009383
B14 6TD,E01008970,E05011130,Birmingham,E01008970
B24 0EH,E01009005,E05011135,Birmingham,E01009005
B31 4EB,E01009213,E05011152,Birmingham,E01009213
B75 6ET,E01009444,E05011177,Birmingham,E01009444
B33 8DF,E01009508,E05011185,Birmingham,E01009508
B76 9RA,E01009441,E05011180,Birmingham,E01009441
B28 0BD,E01009031,E05011140,Birmingham,E01009031
B34 6NR,E01009305,E05011131,Birmingham,E01009305
B17 0JU,E01009069,E05011144,Birmingham,E01009069
B33 0ES,E01009297,E05011138,Birmingham,E01009297
B7 4JR,E01009204,E05011155,Birmingham,E01009204
B74 4QP,E01009422,E05011174,Birmingham,E01009422
B15 3HN,E01008990,E05011134,Birmingham,E01008990
B26 2JH,E01009519,E05011185,Birmingham,E01009519
B74 4BJ,E01009425,E05011175,Birmingham,E01009425
B76 1DX,E01009454,E05011176,Birmingham,E01009454
B15 1JB,E01008994,E05011134,Birmingham,E01008994
B6 5DR,,,,
B12 9DT,E01009366,E05011122,Birmingham,E01009366
B26 1PL,E01009520,E05011166,Birmingham,E01009520
B26 1LN,E01009313,E05011166,Birmingham,E01009313
B29 7BH,E01034941,E05011128,Birmingham,E01034941
B9 5TN,E01009475,E05011145,Birmingham,E01009475
B44 0HW,E01009231,E05011150,Birmingham,E01009231
B74 4DU,E01009419,E05011175,Birmingham,E01009419
B75 7TW,E01009424,E05011178,Birmingham,E01009424
B42 1EP,E01009245,E05011160,Birmingham,E01009245
B8 1JL,E01034933,E05011120,Birmingham,E01034933
B21 9PB,E01009270,E05011142,Birmingham,E01009270
B72 1DB,E01009459,E05011181,Birmingham,E01009459
B31 1SL,E01009498,E05011119,Birmingham,E01009498
B5 5TL,E01009200,E05011126,Birmingham,E01009200
B20 1JX,E01009279,E05011143,Birmingham,E01009279
B38 8DQ,E01009119,E05011148,Birmingham,E01009119
B29 4DF,E01009494,E05011184,Birmingham,E01009494
B75 6BJ,E01009428,E05011178,Birmingham,E01009428
B5 5JP,E01033617,E05011155,Birmingham,E01033617
B14 5DL,E01008947,E05011146,Birmingham,E01008947
B26 2EN,E01009514,E05011137,Birmingham,E01009514
B5 5QS,E01033561,E05011126,Birmingham,E01033561
B14 7BQ,E01009178,E05011130,Birmingham,E01009178
B11 4JA,E01009392,E05011171,Birmingham,E01009392
B8 2HA,E01009478,E05011183,Birmingham,E01009478
B13 8NS,E01009186,E05011154,Birmingham,E01009186
B29 5AL,E01009294,E05011184,Birmingham,E01009294
B31 3XA,E01009211,E05011152,Birmingham,E01009211
B7 5LJ,E01009202,E05011155,Birmingham,E01009202
B38 9JD,E01009109,E05011149,Birmingham,E01009109
B3 2NT,E01033620,E05011151,Birmingham,E01033620
B8 2XS,E01009484,E05011183,Birmingham,E01009484
B34 6HD,E01009091,E05011138,Birmingham,E01009091
B30 2XT,E01008952,E05011172,Birmingham,E01008952
B32 3LB,E01033629,E05011123,Birmingham,E01033629
B74 2DH,E01009464,E05011179,Birmingham,E01009464
B21 8NW,E01009274,E05011147,Birmingham,E01009274
B11 3QS,E01009026,E05011182,Birmingham,E01009026
B13 8EL,E01009385,E05011154,Birmingham,E01009385
B33 8SN,E01009513,E05011186,Birmingham,E01009513
B31 3UE,E01009210,E05011148,Birmingham,E01009210
B33 0XT,E01009302,E05011138,Birmingham,E01009302
B74 2SP,E01009427,E05011174,Birmingham,E01009427
B16 0HD,E01009152,E05011157,Birmingham,E01009152
B26 2LS,E01009519,E05011185,Birmingham,E01009519
B74 4NL,E01009417,E05011174,Birmingham,E01009417
B75 6DP,E01009446,E05011177,Birmingham,E01009446
B20 2FU,E01009056,E05011125,Birmingham,E01009056
B29 6HL,E01009280,E05011129,Birmingham,E01009280
B29 4AA,E01009294,E05011184,Birmingham,E01009294
B20 1DB,E01009279,E05011143,Birmingham,E01009279
B8 3BL,E01034931,E05011120,Birmingham,E01034931
B8 2AF,E01009487,E05011138,Birmingham,E01009487
B11 3JP,E01009014,E05011140,Birmingham,E01009014
B74 4XT,E01009433,E05011175,Birmingham,E01009433
B15 2BT,E01033626,E05011151,Birmingham,E01033626
B13 9RL,E01009189,E05011154,Birmingham,E01009189
B14 6AB,E01008981,E05011130,Birmingham,E01008981
B33 0UL,E01009512,E05011137,Birmingham,E01009512
B12 8NP,E01009375,E05011170,Birmingham,E01009375
B7 5UD,E01009201,E05011155,Birmingham,E01009201
B31 4AT,E01009209,E05011152,Birmingham,E01009209
B42 2HX,E01009243,E05011160,Birmingham,E01009243
B33 0HH,E01009303,E05011138,Birmingham,E01009303
B28 9LY,E01032589,E05011140,Birmingham,E01032589
B73 5NJ,E01009462,E05011181,Birmingham,E01009462
B23 5YW,E01009135,E05011161,Birmingham,E01009135
B14 7AL,E01009178,E05011130,Birmingham,E01009178
B35 7LA,E01009097,E05011132,Birmingham,E01009097
B30 2LJ,E01008955,E05011172,Birmingham,E01008955
B29 6SN,E01009284,E05011184,Birmingham,E01009284
B38 9QL,E01009107,E05011149,Birmingham,E01009107
B9 5LD,E01034935,E05011126,Birmingham,E01034935
B72 1AJ,E01009461,E05011135,Birmingham,E01009461
B31 2LY,E01009205,E05011158,Birmingham,E01009205
B27 6NB,E01008890,E05011118,Birmingham,E01008890
B17 9AR,E01009252,E05011163,Birmingham,E01009252
B5 7ED,E01008996,E05011122,Birmingham,E01008996
B38 8DD,E01009116,E05011148,Birmingham,E01009116
B32 4BY,E01008923,E05011123,Birmingham,E01008923
B8 3QJ,E01009485,E05011120,Birmingham,E01009485
B34 7AQ,E01009309,E05011165,Birmingham,E01009309
B30 1SN,E01008954,E05011129,Birmingham,E01008954
B29 6GF,E01009284,E05011129,Birmingham,E01009284
B27 7JL,E01009024,E05011118,Birmingham,E01009024
B26 2LT,E01009519,E05011185,Birmingham,E01009519
B9 4XA,E01034932,E05011126,Birmingham,E01034932
B7 5RR,E01009201,E05011155,Birmingham,E01009201
B13 9RW,E01009189,E05011154,Birmingham,E01009189
B12 0YL,E01009362,E05011126,Birmingham,E01009362
B15 2JR,E01034936,E05011134,Birmingham,E01034936
B1 1JL,E01033615,E05011151,Birmingham,E01033615
B33 9LG,E01009093,E05011138,Birmingham,E01009093
B21 9AR,E01009355,E05011142,Birmingham,E01009355
B73 6DY,E01009449,E05011178,Birmingham,E01009449
B28 9AS,E01009030,E05011140,Birmingham,E01009030
B31 1AL,E01008924,E05011123,Birmingham,E01008924
B20 3PE,E01009057,E05011125,Birmingham,E01009057
B19 3BA,E01034929,E05011156,Birmingham,E01034929
B31 2AN,E01008954,E05011129,Birmingham,E01008954
B75 5JN,E01009418,E05011175,Birmingham,E01009418
B73 6HS,E01009449,E05011178,Birmingham,E01009449
B23 7YR,E01009411,E05011173,Birmingham,E01009411
B31 5FY,E01009162,E05011136,Birmingham,E01009162
B30 1HS,E01008960,E05011129,Birmingham,E01008960
B38 8DF,E01009116,E05011148,Birmingham,E01009116
B20 2JA,E01009265,E05011143,Birmingham,E01009265
B24 8PB,E01008999,E05011139,Birmingham,E01008999
B17 0BS,E01009071,E05011144,Birmingham,E01009071
B74 4TN,E01009425,E05011174,Birmingham,E01009425
B14 4SP,E01008943,E05011146,Birmingham,E01008943
B32 1BS,E01009250,E05011163,Birmingham,E01009250
B74 2XW,E01009431,E05011174,Birmingham,E01009431
B13 0SH,E01009179,E05011130,Birmingham,E01009179
B42 2GH,E01009239,E05011160,Birmingham,E01009239
B32 3SA,E01008918,E05011123,Birmingham,E01008918
B31 2XT,E01008958,E05011129,Birmingham,E01008958
B72 1HT,E01009463,E05011181,Birmingham,E01009463
B13 0QF,E01008936,E05011124,Birmingham,E01008936
B17 0RE,E01009077,E05011144,Birmingham,E01009077
B32 3EP,E01008920,E05011123,Birmingham,E01008920
B23 7PW,E01009413,E05011173,Birmingham,E01009413
B35 7QD,E01009103,E05011132,Birmingham,E01009103
B13 9FF,E01009385,E05011154,Birmingham,E01009385
B38 8AJ,E01009118,E05011148,Birmingham,E01009118
B30 1LN,E01008951,E05011129,Birmingham,E01008951
B14 6TP,E01008966,E05011130,Birmingham,E01008966
B17 0TJ,E01009077,E05011144,Birmingham,E01009077
B73 6EB,E01009449,E05011178,Birmingham,E01009449
B28 0DZ,E01009037,E05011141,Birmingham,E01009037
B8 1SF,E01009483,E05011120,Birmingham,E01009483
B28 0RT,E01009037,E05011141,Birmingham,E01009037
B42 1HN,E01009235,E05011160,Birmingham,E01009235
B32 3PN,E01008917,E05011123,Birmingham,E01008917
B30 1LP,E01008951,E05011129,Birmingham,E01008951
B75 5TY,E01009416,E05011177,Birmingham,E01009416
B6 5BQ,E01008901,E05011121,Birmingham,E01008901
B19 2LP,E01034925,E05011153,Birmingham,E01034925
B11 4HT,E01009392,E05011171,Birmingham,E01009392
B72 1YS,E01009461,E05011181,Birmingham,E01009461
B45 8NN,E01034944,E05011152,Birmingham,E01034944
B35 7QW,E01009101,E05011132,Birmingham,E01009101
B33 8JE,E01009511,E05011137,Birmingham,E01009511
B31 2GN,E01009493,E05011184,Birmingham,E01009493
B8 3SN,E01034932,E05011120,Birmingham,E01034932
B45 8DY,E01009171,E05011164,Birmingham,E01009171
B31 2ST,E01009162,E05011158,Birmingham,E01009162
B32 4LT,E01008925,E05011123,Birmingham,E01008925
B38 8XG,E01009118,E05011148,Birmingham,E01009118
B29 5BT,E01009504,E05011184,Birmingham,E01009504
B12 9BU,E01009376,E05011122,Birmingham,E01009376
B75 5QU,E01009416,E05011175,Birmingham,E01009416
B24 9AT,E01009013,E05011135,Birmingham,E01009013
B29 5HZ,E01009291,E05011184,Birmingham,E01009291
B33 9TS,E01009300,E05011138,Birmingham,E01009300
B75 5QA,E01009426,E05011177,Birmingham,E01009426
B27 7RT,E01009018,E05011182,Birmingham,E01009018
B21 9SA,E01034921,E05011168,Birmingham,E01034921
B13 9TN,E01009187,E05011154,Birmingham,E01009187
B21 8PX,E01009268,E05011147,Birmingham,E01009268
B38 8TE,E01009116,E05011148,Birmingham,E01009116
B12 9SU,E01009374,E05011122,Birmingham,E01009374
B45 9TF,E01009159,E05011164,Birmingham,E01009159
B11 1HN,E01009363,E05011170,Birmingham,E01009363
B29 5DJ,E01009505,E05011184,Birmingham,E01009505
B14 5TX,E01008949,E05011146,Birmingham,E01008949
B24 8RD,E01008999,E05011139,Birmingham,E01008999
B14 6UE,E01008970,E05011130,Birmingham,E01008970
B28 0UT,E01009041,E05011141,Birmingham,E01009041
B75 6PB,E01009430,E05011174,Birmingham,E01009430
B29 4BF,E01009494,E05011184,Birmingham,E01009494
B33 9AS,E01009095,E05011138,Birmingham,E01009095
B35 7DL,E01009103,E05011132,Birmingham,E01009103
B33 8BG,E01009509,E05011186,Birmingham,E01009509
B24 9QE,E01009008,E05011135,Birmingham,E01009008
B30 1RY,E01008954,E05011129,Birmingham,E01008954
B6 6EG,E01034919,E05011121,Birmingham,E01034919
B73 5LR,E01009460,E05011179,Birmingham,E01009460
B7 4LB,E01033561,E05011155,Birmingham,E01033561
B76 1HU,E01009454,E05011176,Birmingham,E01009454
B31 2BG,E01009218,E05011158,Birmingham,E01009218
B23 5FE,E01009136,E05011161,Birmingham,E01009136
B23 7UL,E01009124,E05011173,Birmingham,E01009124
B25 8TZ,E01008897,E05011186,Birmingham,E01008897
B20 3ET,E01009054,E05011121,Birmingham,E01009054
B14 7QE,E01008981,E05011130,Birmingham,E01008981
B42 1LT,E01009238,E05011160,Birmingham,E01009238
B1 3LS,E01033565,E05011168,Birmingham,E01033565
B30 3NS,E01008977,E05011133,Birmingham,E01008977
B75 6AQ,E01009444,E05011177,Birmingham,E01009444
B34 6NA,E01009088,E05011131,Birmingham,E01009088
B13 0LX,E01008939,E05011124,Birmingham,E01008939
B13 9EX,E01009385,E05011154,Birmingham,E01009385
B23 5HJ,E01009123,E05011161,Birmingham,E01009123
B8 3EY,E01009476,E05011120,Birmingham,E01009476
B13 8HA,E01009184,E05011154,Birmingham,E01009184
B29 7EU,E01009283,E05011128,Birmingham,E01009283
B73 5BG,E01009474,E05011179,Birmingham,E01009474
B14 4TZ,E01008949,E05011146,Birmingham,E01008949
B35 6JH,E01009096,E05011132,Birmingham,E01009096
B42 2JU,E01009225,E05011159,Birmingham,E01009225
B23 5BU,E01009122,E05011161,Birmingham,E01009122
B20 1BD,E01009266,E05011143,Birmingham,E01009266
B12 8AP,E01009383,E05011154,Birmingham,E01009383
B44 9TR,E01009227,E05011159,Birmingham,E01009227
B74 2RW,E01009427,E05011174,Birmingham,E01009427
B75 5QE,E01009415,E05011175,Birmingham,E01009415
B33 0RG,E01009322,E05011137,Birmingham,E01009322
B15 3JD,E01008990,E05011134,Birmingham,E01008990
B31 4SA,E01009168,E05011152,Birmingham,E01009168
B6 7EQ,E01008899,E05011121,Birmingham,E01008899
B28 8AX,E01009045,E05011140,Birmingham,E01009045
B28 9HF,E01009035,E05011140,Birmingham,E01009035
B11 3JQ,E01009014,E05011140,Birmingham,E01009014
B26 2JU,E01009520,E05011185,Birmingham,E01009520
B19 2NY,E01008913,E05011156,Birmingham,E01008913
B31 4RY,E01009168,E05011152,Birmingham,E01009168
B24 8EW,E01008998,E05011139,Birmingham,E01008998
B29 4HX,E01009494,E05011184,Birmingham,E01009494
B74 2NJ,E01009424,E05011178,Birmingham,E01009424
B9 5TW,E01009475,E05011145,Birmingham,E01009475
B33 0NT,E01009302,E05011138,Birmingham,E01009302
B6 6BA,E01034923,E05011121,Birmingham,E01034923
B20 1HR,E01009267,E05011143,Birmingham,E01009267
B44 9QY,E01009233,E05011159,Birmingham,E01009233
B25 8DL,E01008884,E05011182,Birmingham,E01008884
B7 4JA,E01033561,E05011155,Birmingham,E01033561
B32 2UY,E01008919,E05011144,Birmingham,E01008919
B75 5QJ,E01009415,E05011175,Birmingham,E01009415
B14 6EN,E01008971,E05011130,Birmingham,E01008971
B28 9LE,E01009035,E05011140,Birmingham,E01009035
B29 6FT,E01009280,E05011129,Birmingham,E01009280
B73 6PH,E01009472,E05011179,Birmingham,E01009472
B23 5AR,E01034914,E05011161,Birmingham,E01034914
B34 6HF,E01009091,E05011131,Birmingham,E01009091
B28 0YH,E01032589,E05011141,Birmingham,E01032589
B73 6JD,E01009468,E05011178,Birmingham,E01009468
B13 9PF,E01009185,E05011154,Birmingham,E01009185
B76 1LZ,E01009439,E05011180,Birmingham,E01009439
B32 2PR,E01009256,E05011163,Birmingham,E01009256
B20 2NP,E01009262,E05011143,Birmingham,E01009262
B30 3NP,E01008975,E05011133,Birmingham,E01008975
B38 9AY,E01009113,E05011149,Birmingham,E01009113
B14 7LZ,E01008967,E05011130,Birmingham,E01008967
B73 6JG,E01009468,E05011178,Birmingham,E01009468
B17 0JP,E01009075,E05011144,Birmingham,E01009075
B15 3NZ,E01008991,E05011134,Birmingham,E01008991
B30 1UA,E01009281,E05011129,Birmingham,E01009281
B33 0PQ,E01009317,E05011166,Birmingham,E01009317
B21 9PY,E01009266,E05011142,Birmingham,E01009266
B12 8LG,E01009377,E05011170,Birmingham,E01009377
B33 8UQ,E01009509,E05011186,Birmingham,E01009509
B28 9NF,E01009033,E05011140,Birmingham,E01009033
B75 5BQ,E01009423,E05011175,Birmingham,E01009423
B76 2RN,E01009436,E05011180,Birmingham,E01009436
B31 4SB,E01009168,E05011152,Birmingham,E01009168
B17 8LH,E01009138,E05011157,Birmingham,E01009138
B11 1QZ,E01009371,E05011170,Birmingham,E01009371
B27 7QW,E01009022,E05011118,Birmingham,E01009022
B29 7NH,E01009283,E05011128,Birmingham,E01009283
B36 8PE,E01009081,E05011131,Birmingham,E01009081
B18 6AA,E01033559,E05011156,Birmingham,E01033559
B28 0UW,E01009041,E05011141,Birmingham,E01009041
B20 1BW,E01009278,E05011143,Birmingham,E01009278
B14 6HD,E01008967,E05011130,Birmingham,E01008967
B75 7LJ,E01009448,E05011176,Birmingham,E01009448
B29 5LP,E01009501,E05011184,Birmingham,E01009501
B28 9EH,E01009035,E05011140,Birmingham,E01009035
B14 7PQ,E01008981,E05011130,Birmingham,E01008981
B14 6HJ,E01008967,E05011130,Birmingham,E01008967
B73 5TW,E01009460,E05011179,Birmingham,E01009460
B31 4HX,E01009213,E05011152,Birmingham,E01009213
B14 6JH,E01008971,E05011130,Birmingham,E01008971
B10 9RW,E01009332,E05011127,Birmingham,E01009332
B72 1HB,E01009457,E05011181,Birmingham,E01009457
B27 7PX,E01009022,E05011118,Birmingham,E01009022
B21 9QP,E01009275,E05011147,Birmingham,E01009275
B14 7SE,E01009178,E05011130,Birmingham,E01009178
B15 2PJ,E01033562,E05011134,Birmingham,E01033562
B14 4TD,E01008949,E05011146,Birmingham,E01008949
B16 9PL,E01008989,E05011134,Birmingham,E01008989
B11 4BT,E01009393,E05011171,Birmingham,E01009393
B76 1YJ,E01009438,E05011180,Birmingham,E01009438
B75 7QA,E01009448,E05011176,Birmingham,E01009448
B45 8SU,E01034944,E05011152,Birmingham,E01034944
B11 1PR,E01009372,E05011170,Birmingham,E01009372
B9 5DD,E01009332,E05011127,Birmingham,E01009332
B44 8SZ,E01009228,E05011159,Birmingham,E01009228
B8 1LY,E01034933,E05011120,Birmingham,E01034933
B23 6LJ,E01009006,E05011135,Birmingham,E01009006
B30 3AN,E01008957,E05011172,Birmingham,E01008957
B20 1HU,E01009267,E05011143,Birmingham,E01009267
B29 5DP,E01009501,E05011184,Birmingham,E01009501
B13 8RA,E01009183,E05011154,Birmingham,E01009183
B44 9PH,E01009220,E05011159,Birmingham,E01009220
B32 4LQ,E01008925,E05011123,Birmingham,E01008925
B10 9PF,E01009343,E05011127,Birmingham,E01009343
B23 6JS,E01009407,E05011173,Birmingham,E01009407
B19 2PA,E01034925,E05011153,Birmingham,E01034925
B32 1NT,E01009249,E05011163,Birmingham,E01009249
B45 8QX,E01009169,E05011164,Birmingham,E01009169
B75 6PA,E01009427,E05011174,Birmingham,E01009427
B26 1TX,E01009520,E05011185,Birmingham,E01009520
B75 6SQ,E01009431,E05011174,Birmingham,E01009431
B30 2PN,E01008952,E05011172,Birmingham,E01008952
B29 6UA,E01009280,E05011129,Birmingham,E01009280
B32 2TY,E01009254,E05011163,Birmingham,E01009254
B30 2YH,E01009296,E05011128,Birmingham,E01009296
B74 2QW,E01009430,E05011174,Birmingham,E01009430
B18 4EF,E01009346,E05011157,Birmingham,E01009346
B13 0SW,E01009179,E05011130,Birmingham,E01009179
B74 2SG,E01009427,E05011174,Birmingham,E01009427
B14 5BB,E01008974,E05011133,Birmingham,E01008974
B42 2QH,E01009244,E05011159,Birmingham,E01009244
B30 2AR,E01009281,E05011129,Birmingham,E01009281
B29 6DY,E01009289,E05011128,Birmingham,E01009289
B17 8TB,E01009260,E05011163,Birmingham,E01009260
B13 0HH,E01008932,E05011124,Birmingham,E01008932
B45 8SB,E01009169,E05011164,Birmingham,E01009169
B44 0HP,E01009137,E05011150,Birmingham,E01009137
B28 0BU,E01009037,E05011141,Birmingham,E01009037
B15 3TQ,E01008992,E05011134,Birmingham,E01008992
B18 7PH,E01009347,E05011168,Birmingham,E01009347
B24 8BE,E01008999,E05011139,Birmingham,E01008999
B30 2RN,E01008965,E05011172,Birmingham,E01008965
B75 5ND,E01009420,E05011177,Birmingham,E01009420
B33 8DN,E01009510,E05011185,Birmingham,E01009510
B32 2TT,E01009254,E05011163,Birmingham,E01009254
B29 5NH,E01009501,E05011184,Birmingham,E01009501
B29 4HZ,E01009496,E05011184,Birmingham,E01009496
B76 1XX,E01009442,E05011180,Birmingham,E01009442
B28 9BU,E01009031,E05011140,Birmingham,E01009031
B73 6UW,E01009467,E05011179,Birmingham,E01009467
B32 4BN,E01008930,E05011123,Birmingham,E01008930
B32 2LU,E01009074,E05011144,Birmingham,E01009074
B75 6BB,E01009444,E05011177,Birmingham,E01009444
B75 6RL,E01009429,E05011177,Birmingham,E01009429
B35 7JU,E01009103,E05011132,Birmingham,E01009103
B33 0AS,E01009300,E05011138,Birmingham,E01009300
B73 6AJ,E01009424,E05011178,Birmingham,E01009424
B24 9SY,E01009102,E05011162,Birmingham,E01009102
B28 8HX,E01009030,E05011140,Birmingham,E01009030
B42 2GE,E01009239,E05011160,Birmingham,E01009239
B29 5NE,E01009505,E05011184,Birmingham,E01009505
B28 0PX,E01009039,E05011141,Birmingham,E01009039
B26 2QT,E01009324,E05011166,Birmingham,E01009324
B23 5QX,E01009001,E05011135,Birmingham,E01009001
B11 2NU,E01009339,E05011170,Birmingham,E01009339
B12 8TP,E01009375,E05011170,Birmingham,E01009375
B31 5FG,E01009172,E05011136,Birmingham,E01009172
B30 3PP,E01009120,E05011149,Birmingham,E01009120
B33 8RR,E01009509,E05011185,Birmingham,E01009509
B17 9AX,E01009260,E05011163,Birmingham,E01009260
B33 8RL,E01009508,E05011185,Birmingham,E01009508
B11 2QB,E01009339,E05011170,Birmingham,E01009339
B19 1HS,E01009047,E05011153,Birmingham,E01009047
B31 2EU,E01008962,E05011129,Birmingham,E01008962
B28 8EE,E01009045,E05011140,Birmingham,E01009045
B14 4RY,E01008943,E05011146,Birmingham,E01008943
B23 7FH,E01009414,E05011173,Birmingham,E01009414
B12 9QX,E01009376,E05011122,Birmingham,E01009376
B76 2UA,E01009434,E05011180,Birmingham,E01009434
B35 7QH,E01009103,E05011132,Birmingham,E01009103
B26 2QQ,E01009312,E05011166,Birmingham,E01009312
B35 6PJ,E01009106,E05011132,Birmingham,E01009106
B42 1EN,E01009238,E05011160,Birmingham,E01009238
B38 8SL,E01009116,E05011148,Birmingham,E01009116
B15 3UH,E01008990,E05011134,Birmingham,E01008990
B75 5NP,E01009420,E05011177,Birmingham,E01009420
B19 3DE,E01033559,E05011156,Birmingham,E01033559
B8 2NW,E01009487,E05011183,Birmingham,E01009487
B74 2RP,E01009430,E05011174,Birmingham,E01009430
B75 7BD,E01009432,E05011176,Birmingham,E01009432
B14 5RS,E01008980,E05011133,Birmingham,E01008980
B35 7HQ,E01009101,E05011132,Birmingham,E01009101
B31 3DB,E01009214,E05011152,Birmingham,E01009214
B73 6QT,E01009469,E05011179,Birmingham,E01009469
B74 2TL,E01009425,E05011174,Birmingham,E01009425
B13 9PG,E01009185,E05011154,Birmingham,E01009185
B73 5TU,E01009474,E05011179,Birmingham,E01009474
B29 6AE,E01009289,E05011128,Birmingham,E01009289
B16 0TD,E01009145,E05011157,Birmingham,E01009145
B7 4EZ,E01009204,E05011155,Birmingham,E01009204
B76 1FZ,E01009439,E05011180,Birmingham,E01009439
B10 0UG,E01009332,E05011127,Birmingham,E01009332
B14 7LG,E01009178,E05011130,Birmingham,E01009178
B14 6PA,E01008973,E05011130,Birmingham,E01008973
B8 2LL,E01009486,E05011183,Birmingham,E01009486
B23 5YQ,E01009135,E05011161,Birmingham,E01009135
B14 6EP,E01008971,E05011130,Birmingham,E01008971
B28 8BN,E01009043,E05011140,Birmingham,E01009043
B31 1JP,E01008930,E05011123,Birmingham,E01008930
B3 3RJ,E01033620,E05011151,Birmingham,E01033620
B6 6HB,E01034919,E05011121,Birmingham,E01034919
B29 7JQ,E01009288,E05011128,Birmingham,E01009288
B18 6EE,E01033559,E05011168,Birmingham,E01033559
B14 5XT,E01008979,E05011133,Birmingham,E01008979
B38 8BP,E01009116,E05011148,Birmingham,E01009116
B32 3QT,E01008921,E05011123,Birmingham,E01008921
B26 2NA,E01009312,E05011166,Birmingham,E01009312
B31 4ST,E01009170,E05011152,Birmingham,E01009170
B33 9SE,E01009299,E05011138,Birmingham,E01009299
B23 5BW,E01034914,E05011161,Birmingham,E01034914
B19 1DZ,E01008907,E05011153,Birmingham,E01008907
B23 7HD,E01009410,E05011173,Birmingham,E01009410
B13 0SB,E01008968,E05011124,Birmingham,E01008968
B44 8HS,E01009232,E05011150,Birmingham,E01009232
B6 5JH,E01008901,E05011155,Birmingham,E01008901
B26 2BE,E01009516,E05011185,Birmingham,E01009516
B15 3NT,E01008991,E05011134,Birmingham,E01008991
B29 6GX,E01009284,E05011129,Birmingham,E01009284
B31 2LT,E01009219,E05011158,Birmingham,E01009219
B25 8QB,E01008898,E05011186,Birmingham,E01008898
B9 5TG,E01009476,E05011145,Birmingham,E01009476
B31 3BQ,E01009117,E05011148,Birmingham,E01009117
B30 1JA,E01008961,E05011129,Birmingham,E01008961
B29 6PG,E01009284,E05011184,Birmingham,E01009284
B32 1QX,E01009253,E05011163,Birmingham,E01009253
B76 1PF,E01009436,E05011180,Birmingham,E01009436
B31 3LG,E01009212,E05011152,Birmingham,E01009212
B31 2RH,E01009209,E05011158,Birmingham,E01009209
B8 3RJ,E01009492,E05011138,Birmingham,E01009492
B38 8JL,E01009112,E05011152,Birmingham,E01009112
B28 0NG,E01009039,E05011141,Birmingham,E01009039
B24 0TD,E01009098,E05011162,Birmingham,E01009098
B31 3UJ,E01009205,E05011148,Birmingham,E01009205
B33 8QQ,,,,
B15 3JA,E01008992,E05011134,Birmingham,E01008992
B35 7QP,E01009103,E05011132,Birmingham,E01009103
B17 8SG,E01009260,E05011163,Birmingham,E01009260
B33 9LT,E01009093,E05011138,Birmingham,E01009093
B14 6EB,E01008971,E05011124,Birmingham,E01008971
B38 8BD,E01009119,E05011149,Birmingham,E01009119
B32 3XF,E01008919,E05011123,Birmingham,E01008919
B31 2AY,E01008958,E05011158,Birmingham,E01008958
B29 5RP,E01009500,E05011184,Birmingham,E01009500
B30 1EN,E01008954,E05011129,Birmingham,E01008954
B28 0XW,E01008944,E05011124,Birmingham,E01008944
B32 4JH,E01008928,E05011123,Birmingham,E01008928
B20 2RD,E01009056,E05011125,Birmingham,E01009056
B27 6TS,E01008890,E05011118,Birmingham,E01008890
B75 7DE,E01009447,E05011176,Birmingham,E01009447
B26 1EP,E01008891,E05011169,Birmingham,E01008891
B29 6AQ,E01034940,E05011128,Birmingham,E01034940
B33 0UJ,E01009512,E05011137,Birmingham,E01009512
B18 5QJ,E01009348,E05011168,Birmingham,E01009348
B30 2EH,E01008960,E05011129,Birmingham,E01008960
B76 1YX,E01009438,E05011180,Birmingham,E01009438
B20 1EW,E01009276,E05011143,Birmingham,E01009276
B29 5SD,E01009064,E05011184,Birmingham,E01009064
B6 6RH,E01008916,E05011121,Birmingham,E01008916
B28 9NB,E01009033,E05011140,Birmingham,E01009033
B74 4LF,E01009418,E05011175,Birmingham,E01009418
B29 4AN,E01009294,E05011184,Birmingham,E01009294
B15 2PD,E01008992,E05011134,Birmingham,E01008992
B1 3HN,E01034951,E05011168,Birmingham,E01034951
B14 5NS,E01008978,E05011133,Birmingham,E01008978
B17 9SH,E01009068,E05011144,Birmingham,E01009068
B72 1QF,E01009449,E05011178,Birmingham,E01009449
B30 3PA,E01008977,E05011148,Birmingham,E01008977
B26 3DA,E01009315,E05011166,Birmingham,E01009315
B14 6QP,E01008972,E05011130,Birmingham,E01008972
B20 2RF,E01009056,E05011125,Birmingham,E01009056
B42 2SP,E01009239,E05011160,Birmingham,E01009239
B23 5RJ,E01009001,E05011135,Birmingham,E01009001
B28 8LX,E01009043,E05011140,Birmingham,E01009043
B8 3NQ,E01009491,E05011120,Birmingham,E01009491
B30 2HL,E01008955,E05011129,Birmingham,E01008955
B29 4NQ,E01009504,E05011184,Birmingham,E01009504
B75 7NT,E01009448,E05011176,Birmingham,E01009448
B12 8LU,E01009375,E05011170,Birmingham,E01009375
B7 5AY,E01034928,E05011155,Birmingham,E01034928
B30 2PE,E01008952,E05011172,Birmingham,E01008952
B24 0NR,E01009105,E05011162,Birmingham,E01009105
B14 5XP,E01008979,E05011133,Birmingham,E01008979
B23 6SA,E01009007,E05011135,Birmingham,E01009007
B19 1JT,E01009062,E05011153,Birmingham,E01009062
B30 2QG,E01008953,E05011172,Birmingham,E01008953
B32 3XQ,E01008919,E05011123,Birmingham,E01008919
B29 6UT,E01009284,E05011129,Birmingham,E01009284
B33 8JJ,E01009511,E05011137,Birmingham,E01009511
B8 1QT,E01009482,E05011120,Birmingham,E01009482
B31 3JB,E01009214,E05011152,Birmingham,E01009214
B73 5AL,E01009473,E05011179,Birmingham,E01009473
B16 9EY,E01009140,E05011151,Birmingham,E01009140
B28 8QP,E01009022,E05011118,Birmingham,E01009022
B17 9LS,E01009068,E05011144,Birmingham,E01009068
B74 4RL,E01009417,E05011174,Birmingham,E01009417
B28 9DX,E01009032,E05011140,Birmingham,E01009032
B8 3NF,E01009491,E05011120,Birmingham,E01009491
B23 7QH,E01009414,E05011173,Birmingham,E01009414
B25 8PE,E01008898,E05011182,Birmingham,E01008898
B21 9LR,E01034921,E05011142,Birmingham,E01034921
B26 2NS,E01009324,E05011166,Birmingham,E01009324
B33 8JN,E01009514,E05011137,Birmingham,E01009514
B31 4JQ,E01009215,E05011152,Birmingham,E01009215
B35 6HH,E01009096,E05011132,Birmingham,E01009096
B13 9XH,E01009046,E05011154,Birmingham,E01009046
B26 2EP,E01009517,E05011137,Birmingham,E01009517
B36 8UR,E01009082,E05011131,Birmingham,E01009082
B8 3EW,E01009476,E05011120,Birmingham,E01009476
B73 6JP,E01009470,E05011179,Birmingham,E01009470
B26 3SQ,E01009319,E05011166,Birmingham,E01009319
B32 4HP,E01008923,E05011123,Birmingham,E01008923
B23 5YX,E01009135,E05011161,Birmingham,E01009135
B45 8DP,E01034945,E05011164,Birmingham,E01034945
B32 2PA,E01009258,E05011163,Birmingham,E01009258
B31 2HP,E01008962,E05011129,Birmingham,E01008962
B28 0TD,E01008940,E05011124,Birmingham,E01008940
B26 2SJ,E01009323,E05011137,Birmingham,E01009323
B42 2NP,E01009247,E05011160,Birmingham,E01009247
B73 6LX,E01009468,E05011179,Birmingham,E01009468
B10 0TJ,E01009380,E05011127,Birmingham,E01009380
B72 1HE,E01009457,E05011181,Birmingham,E01009457
B6 6PS,E01009053,E05011121,Birmingham,E01009053
B76 2BE,E01009436,E05011180,Birmingham,E01009436
B31 1RE,E01009499,E05011119,Birmingham,E01009499
B11 3FG,E01009014,E05011140,Birmingham,E01009014
B73 6DT,E01009449,E05011178,Birmingham,E01009449
B24 9SP,E01009102,E05011162,Birmingham,E01009102
B13 0AJ,E01009176,E05011154,Birmingham,E01009176
B36 8EE,E01009084,E05011131,Birmingham,E01009084
B5 7NY,E01008996,E05011122,Birmingham,E01008996
B38 9AP,E01009120,E05011149,Birmingham,E01009120
B75 5QW,E01009423,E05011175,Birmingham,E01009423
B8 1RD,E01009483,E05011120,Birmingham,E01009483
B28 0HF,E01009034,E05011140,Birmingham,E01009034
B15 3RH,E01034937,E05011134,Birmingham,E01034937
B73 6TH,E01009464,E05011179,Birmingham,E01009464
B76 1FE,E01009435,E05011176,Birmingham,E01009435
B38 8BN,E01009116,E05011148,Birmingham,E01009116
B20 2NW,E01009262,E05011143,Birmingham,E01009262
B4 6NS,E01033617,E05011156,Birmingham,E01033617
B29 5SL,E01009077,E05011184,Birmingham,E01009077
B75 6RF,E01009426,E05011177,Birmingham,E01009426
B38 9BQ,E01009110,E05011149,Birmingham,E01009110
B32 2RW,E01009073,E05011144,Birmingham,E01009073
B38 8BS,E01009116,E05011148,Birmingham,E01009116
B34 7LS,E01009308,E05011165,Birmingham,E01009308
B9 5DG,E01009332,E05011127,Birmingham,E01009332
B12 9ES,E01009374,E05011122,Birmingham,E01009374
B26 1SS,E01009521,E05011185,Birmingham,E01009521
B29 7HL,E01009288,E05011128,Birmingham,E01009288
B76 1RZ,E01009438,E05011180,Birmingham,E01009438
B45 0HR,E01034943,E05011136,Birmingham,E01034943
B72 1RP,E01009449,E05011178,Birmingham,E01009449
B13 9HN,E01009394,E05011154,Birmingham,E01009394
B42 2GJ,E01009239,E05011160,Birmingham,E01009239
B16 9LY,E01008989,E05011134,Birmingham,E01008989
B28 0PA,E01009039,E05011141,Birmingham,E01009039
B33 9BZ,E01009092,E05011138,Birmingham,E01009092
B14 4RB,E01008943,E05011146,Birmingham,E01008943
B1 3LT,E01033565,E05011168,Birmingham,E01033565
B14 5JN,E01008947,E05011146,Birmingham,E01008947
B31 4PZ,E01009168,E05011152,Birmingham,E01009168
B7 4PZ,E01009204,E05011155,Birmingham,E01009204
B44 9PF,E01009220,E05011159,Birmingham,E01009220
B21 0LT,E01009274,E05011147,Birmingham,E01009274
B19 2ND,E01034925,E05011153,Birmingham,E01034925
B72 1EQ,E01009463,E05011181,Birmingham,E01009463
B14 5HH,E01008976,E05011133,Birmingham,E01008976
B35 7EA,E01009101,E05011132,Birmingham,E01009101
B35 6LA,E01009096,E05011132,Birmingham,E01009096
B44 0AL,E01009132,E05011150,Birmingham,E01009132
B28 9AJ,E01009031,E05011140,Birmingham,E01009031
B42 2PD,E01009243,E05011160,Birmingham,E01009243
B42 2LZ,E01009238,E05011160,Birmingham,E01009238
B24 9RS,E01009104,E05011162,Birmingham,E01009104
B38 8AL,E01009118,E05011148,Birmingham,E01009118
B15 3RB,E01034937,E05011134,Birmingham,E01034937
B29 6RU,E01009292,E05011184,Birmingham,E01009292
B42 1ND,E01009238,E05011160,Birmingham,E01009238
B74 4JW,E01009419,E05011174,Birmingham,E01009419
B11 1SJ,E01009365,E05011170,Birmingham,E01009365
B5 7PR,E01008984,E05011122,Birmingham,E01008984
B27 6TU,E01008890,E05011118,Birmingham,E01008890
B5 5LR,E01033561,E05011126,Birmingham,E01033561
B72 1GZ,E01009463,E05011181,Birmingham,E01009463
B73 6EH,E01009449,E05011178,Birmingham,E01009449
B28 8PB,E01009032,E05011140,Birmingham,E01009032
B30 1PT,E01008950,E05011129,Birmingham,E01008950
B31 4UB,E01009217,E05011152,Birmingham,E01009217
B18 5LA,E01009358,E05011168,Birmingham,E01009358
B15 1PJ,E01008994,E05011134,Birmingham,E01008994
B28 9DJ,E01009032,E05011140,Birmingham,E01009032
B74 4DN,E01009415,E05011175,Birmingham,E01009415
B13 9RN,E01009189,E05011154,Birmingham,E01009189
B18 5BX,E01033559,E05011168,Birmingham,E01033559
B14 7PR,E01008981,E05011130,Birmingham,E01008981
B17 9DY,E01009067,E05011144,Birmingham,E01009067
B11 1LR,E01009365,E05011170,Birmingham,E01009365
B23 5HL,E01034914,E05011161,Birmingham,E01034914
B33 8SU,E01009513,E05011186,Birmingham,E01009513
B19 1TA,E01009062,E05011153,Birmingham,E01009062
B18 6JQ,E01034951,E05011168,Birmingham,E01034951
B6 6AX,E01034923,E05011121,Birmingham,E01034923
B8 3DA,E01009491,E05011120,Birmingham,E01009491
B33 0RJ,E01009321,E05011137,Birmingham,E01009321
B76 1LB,E01009439,E05011180,Birmingham,E01009439
B29 5LX,E01009501,E05011184,Birmingham,E01009501
B29 4AH,E01009294,E05011184,Birmingham,E01009294
B7 5RX,E01009201,E05011155,Birmingham,E01009201
B23 5GP,E01009458,E05011135,Birmingham,E01009458
B26 3EH,E01009320,E05011166,Birmingham,E01009320
B14 6TQ,E01008970,E05011130,Birmingham,E01008970
B76 1YZ,E01009440,E05011180,Birmingham,E01009440
B44 0PW,E01009132,E05011150,Birmingham,E01009132
B23 6EX,E01009405,E05011173,Birmingham,E01009405
B75 6PT,E01009426,E05011177,Birmingham,E01009426
B17 0EY,E01009071,E05011144,Birmingham,E01009071
B29 5RB,E01009502,E05011184,Birmingham,E01009502
B8 2UN,E01009479,E05011183,Birmingham,E01009479
B74 2DE,E01009464,E05011179,Birmingham,E01009464
B12 8EN,E01009371,E05011170,Birmingham,E01009371
B23 7RE,E01009414,E05011173,Birmingham,E01009414
B8 3HN,E01009485,E05011120,Birmingham,E01009485
B13 8PY,E01009184,E05011154,Birmingham,E01009184
B23 7FB,E01009411,E05011173,Birmingham,E01009411
B38 8PJ,E01009108,E05011148,Birmingham,E01009108
B18 4DR,E01009346,E05011157,Birmingham,E01009346
B45 8SD,E01009169,E05011164,Birmingham,E01009169
B76 2TP,E01009450,E05011180,Birmingham,E01009450
B30 3QT,E01008979,E05011133,Birmingham,E01008979
B31 2UW,E01009158,E05011158,Birmingham,E01009158
B24 0NN,E01009098,E05011162,Birmingham,E01009098
B45 8JQ,E01034944,E05011152,Birmingham,E01034944
B36 8TL,E01009082,E05011131,Birmingham,E01009082
B31 3QH,E01009217,E05011152,Birmingham,E01009217
B34 6BY,E01009087,E05011131,Birmingham,E01009087
B15 3QJ,E01008991,E05011134,Birmingham,E01008991
B44 8HJ,E01009227,E05011150,Birmingham,E01009227
B44 0HJ,E01009231,E05011150,Birmingham,E01009231
B29 5LB,E01009501,E05011184,Birmingham,E01009501
B42 1QX,E01009240,E05011160,Birmingham,E01009240
B18 4HA,E01009346,E05011157,Birmingham,E01009346
B31 1DZ,E01009505,E05011123,Birmingham,E01009505
B76 1GJ,E01009440,E05011180,Birmingham,E01009440
B23 5TJ,E01009003,E05011135,Birmingham,E01009003
B28 0JL,E01009039,E05011141,Birmingham,E01009039
B12 0TP,E01009364,E05011126,Birmingham,E01009364
B29 7AP,E01009286,E05011128,Birmingham,E01009286
B26 1RD,E01009520,E05011166,Birmingham,E01009520
B32 3QA,E01008920,E05011123,Birmingham,E01008920
B28 0DP,E01009040,E05011141,Birmingham,E01009040
B15 1AQ,E01034948,E05011151,Birmingham,E01034948
B73 5LL,E01009456,E05011179,Birmingham,E01009456
B15 2UH,E01034936,E05011134,Birmingham,E01034936
B30 3NF,E01008974,E05011133,Birmingham,E01008974
B75 7JP,E01009446,E05011177,Birmingham,E01009446
B12 9DU,E01009366,E05011122,Birmingham,E01009366
B23 6RT,,,,
B33 8QE,E01009513,E05011186,Birmingham,E01009513
B26 2AH,E01009518,E05011185,Birmingham,E01009518
B26 2TP,E01009322,E05011137,Birmingham,E01009322
B15 3NL,E01008989,E05011134,Birmingham,E01008989
B74 2XZ,E01009425,E05011174,Birmingham,E01009425
B31 2BH,E01009218,E05011158,Birmingham,E01009218
B6 6QA,E01008899,E05011121,Birmingham,E01008899
B26 3JT,E01009320,E05011166,Birmingham,E01009320
B73 5UB,E01009474,E05011179,Birmingham,E01009474
B23 6TX,E01009007,E05011135,Birmingham,E01009007
B74 4XN,E01009433,E05011175,Birmingham,E01009433
B13 9TR,E01009188,E05011154,Birmingham,E01009188
B16 9SN,E01008988,E05011157,Birmingham,E01008988
B73 5PB,E01009471,E05011181,Birmingham,E01009471
B20 2RJ,E01009056,E05011125,Birmingham,E01009056
B11 1UW,E01009371,E05011170,Birmingham,E01009371
B1 1LE,E01033616,E05011151,Birmingham,E01033616
B19 2HF,E01008909,E05011156,Birmingham,E01008909
B33 9SQ,E01009299,E05011138,Birmingham,E01009299
B44 0QU,E01009137,E05011150,Birmingham,E01009137
B44 8ND,E01009227,E05011159,Birmingham,E01009227
B20 1BT,E01009278,E05011143,Birmingham,E01009278
B31 5AW,E01009207,E05011119,Birmingham,E01009207
B20 3UG,E01009049,E05011125,Birmingham,E01009049
B75 6LN,E01009429,E05011177,Birmingham,E01009429
B35 7HH,E01009099,E05011132,Birmingham,E01009099
B29 6UJ,E01009280,E05011129,Birmingham,E01009280
B73 6EU,E01009449,E05011178,Birmingham,E01009449
B15 3NX,E01008990,E05011134,Birmingham,E01008990
B76 1LJ,E01009439,E05011180,Birmingham,E01009439
B72 1FU,E01009463,E05011181,Birmingham,E01009463
B10 9HL,E01009326,E05011167,Birmingham,E01009326
B31 3JZ,E01009216,E05011152,Birmingham,E01009216
B74 2XX,E01009427,E05011174,Birmingham,E01009427
B76 1PQ,E01009438,E05011180,Birmingham,E01009438
B31 1HG,E01009495,E05011123,Birmingham,E01009495
B74 2DF,E01009464,E05011179,Birmingham,E01009464
B75 7BE,E01009432,E05011176,Birmingham,E01009432
B31 4LD,E01009213,E05011152,Birmingham,E01009213
B15 1JP,E01008994,E05011134,Birmingham,E01008994
B72 1NZ,E01009451,E05011178,Birmingham,E01009451
B26 2NB,E01009312,E05011166,Birmingham,E01009312
B1 3DU,E01034950,E05011168,Birmingham,E01034950
B38 8LB,E01009112,E05011148,Birmingham,E01009112
B13 8AR,E01009182,E05011154,Birmingham,E01009182
B75 6AJ,E01009444,E05011178,Birmingham,E01009444
B16 8SY,E01009143,E05011151,Birmingham,E01009143
B76 1TX,E01009437,E05011180,Birmingham,E01009437
B76 1SF,E01009436,E05011180,Birmingham,E01009436
B10 0PL,E01009379,E05011127,Birmingham,E01009379
B74 2DQ,E01009464,E05011179,Birmingham,E01009464
B42 1LU,E01009238,E05011160,Birmingham,E01009238
B28 0XZ,E01009034,E05011141,Birmingham,E01009034
B16 9QY,E01008986,E05011157,Birmingham,E01008986
B28 0RN,E01009040,E05011141,Birmingham,E01009040
B18 4DS,E01009346,E05011157,Birmingham,E01009346
B73 6QE,E01009469,E05011179,Birmingham,E01009469
B13 8BP,E01009384,E05011154,Birmingham,E01009384
B29 7PE,E01009288,E05011128,Birmingham,E01009288
B20 1NP,E01032591,E05011143,Birmingham,E01032591
B8 2QS,E01009480,E05011183,Birmingham,E01009480
B17 8SH,E01009260,E05011163,Birmingham,E01009260
B26 3JY,E01009320,E05011166,Birmingham,E01009320
B29 4LY,E01009506,E05011184,Birmingham,E01009506
B32 2SD,E01009255,E05011163,Birmingham,E01009255
B23 7HJ,E01009125,E05011173,Birmingham,E01009125
B23 5HY,E01034913,E05011161,Birmingham,E01034913
B28 0UF,E01009039,E05011141,Birmingham,E01009039
B74 4EE,E01009433,E05011175,Birmingham,E01009433
B15 2NR,E01034936,E05011134,Birmingham,E01034936
B15 3LP,E01008991,E05011134,Birmingham,E01008991
B17 8SU,E01009260,E05011163,Birmingham,E01009260
B45 8QH,E01009169,E05011164,Birmingham,E01009169
B23 6HS,E01009408,E05011173,Birmingham,E01009408
B24 0ET,E01009009,E05011135,Birmingham,E01009009
B18 6HN,E01033559,E05011168,Birmingham,E01033559
B33 8EX,E01009511,E05011137,Birmingham,E01009511
B27 6DD,E01008894,E05011118,Birmingham,E01008894
B32 4NB,E01008928,E05011123,Birmingham,E01008928
B14 6LH,E01008974,E05011130,Birmingham,E01008974
B24 9AX,E01009013,E05011135,Birmingham,E01009013
B19 1PT,E01008907,E05011153,Birmingham,E01008907
B20 2DL,E01009049,E05011143,Birmingham,E01009049
B18 5JS,E01009358,E05011168,Birmingham,E01009358
B31 2GW,E01009496,E05011119,Birmingham,E01009496
B12 9AZ,E01009367,E05011122,Birmingham,E01009367
B32 1DE,E01009253,E05011163,Birmingham,E01009253
B29 7HP,E01009283,E05011128,Birmingham,E01009283
B12 8RE,E01009377,E05011170,Birmingham,E01009377
B14 7PU,E01008981,E05011130,Birmingham,E01008981
B21 0RA,E01034921,E05011168,Birmingham,E01034921
B33 0AN,E01009300,E05011138,Birmingham,E01009300
B23 5QH,E01009001,E05011135,Birmingham,E01009001
B12 0TY,E01009364,E05011126,Birmingham,E01009364
B7 5SW,E01009202,E05011155,Birmingham,E01009202
B21 0TT,E01009359,E05011168,Birmingham,E01009359
B32 3XB,E01008919,E05011123,Birmingham,E01008919
B29 7BS,E01034941,E05011128,Birmingham,E01034941
B76 9RF,E01009441,E05011180,Birmingham,E01009441
B31 1HL,E01009496,E05011119,Birmingham,E01009496
B15 2RG,E01008997,E05011134,Birmingham,E01008997
B32 2AP,E01009254,E05011163,Birmingham,E01009254
B27 7XE,E01009029,E05011118,Birmingham,E01009029
B18 4QB,E01009360,E05011168,Birmingham,E01009360
B23 5FN,E01034913,E05011161,Birmingham,E01034913
B72 1JB,E01009457,E05011181,Birmingham,E01009457
B32 1AJ,E01009250,E05011163,Birmingham,E01009250
B75 5RP,E01009416,E05011177,Birmingham,E01009416
B15 3ER,E01008990,E05011134,Birmingham,E01008990
B36 8PZ,E01009081,E05011131,Birmingham,E01009081
B15 1AY,E01034948,E05011151,Birmingham,E01034948
B28 0HD,E01009034,E05011140,Birmingham,E01009034
B18 4RH,E01009361,E05011168,Birmingham,E01009361
B30 1XA,E01009281,E05011129,Birmingham,E01009281
B74 2AW,E01009464,E05011179,Birmingham,E01009464
B76 1JX,E01009436,E05011180,Birmingham,E01009436
B10 0JX,E01009380,E05011127,Birmingham,E01009380
B4 6LE,E01034930,E05011156,Birmingham,E01034930
B13 9DY,E01009385,E05011154,Birmingham,E01009385
B28 8NA,E01009043,E05011140,Birmingham,E01009043
B73 6HT,E01009449,E05011178,Birmingham,E01009449
B12 0JD,E01034946,E05011126,Birmingham,E01034946
B21 9HU,E01009353,E05011142,Birmingham,E01009353
B14 7SW,E01009188,E05011130,Birmingham,E01009188
B29 5LD,E01009501,E05011184,Birmingham,E01009501
B29 6FS,E01009280,E05011129,Birmingham,E01009280
B23 7BZ,E01009126,E05011173,Birmingham,E01009126
B29 4LQ,E01009506,E05011184,Birmingham,E01009506
B4 6HB,E01033617,E05011156,Birmingham,E01033617
B19 3AS,E01033638,E05011156,Birmingham,E01033638
B33 8RP,E01009510,E05011185,Birmingham,E01009510
B12 8DQ,E01009399,E05011154,Birmingham,E01009399
B35 7HA,E01009101,E05011132,Birmingham,E01009101
B31 2UH,E01009158,E05011158,Birmingham,E01009158
B29 7LG,E01009283,E05011128,Birmingham,E01009283
B38 8LD,E01009112,E05011148,Birmingham,E01009112
B6 5JJ,E01008901,E05011155,Birmingham,E01008901
B8 1QQ,E01009479,E05011120,Birmingham,E01009479
B25 8AF,E01008883,E05011169,Birmingham,E01008883
B44 8NY,E01009225,E05011159,Birmingham,E01009225
B31 3BU,E01009117,E05011148,Birmingham,E01009117
B44 9HW,E01009222,E05011159,Birmingham,E01009222
B32 4HY,E01008928,E05011123,Birmingham,E01008928
B18 7AF,E01009141,E05011151,Birmingham,E01009141
B29 4BT,E01009504,E05011184,Birmingham,E01009504
B72 1BE,E01009463,E05011181,Birmingham,E01009463
B17 9DX,E01009067,E05011144,Birmingham,E01009067
B75 7SY,E01009424,E05011178,Birmingham,E01009424
B76 9BU,E01009441,E05011180,Birmingham,E01009441
B73 5EW,E01009474,E05011179,Birmingham,E01009474
B75 7JE,E01009424,E05011178,Birmingham,E01009424
B14 7JJ,E01009175,E05011130,Birmingham,E01009175
B12 0PP,E01009362,E05011126,Birmingham,E01009362
B5 7UT,E01008997,E05011134,Birmingham,E01008997
B6 7SP,E01009202,E05011155,Birmingham,E01009202
B11 1DW,E01033650,E05011170,Birmingham,E01033650
B76 1YL,E01009438,E05011180,Birmingham,E01009438
B25 8NR,E01008884,E05011182,Birmingham,E01008884
B45 9LY,E01009164,E05011164,Birmingham,E01009164
B15 2NN,E01008994,E05011134,Birmingham,E01008994
B15 3RP,E01008990,E05011134,Birmingham,E01008990
B32 2NN,E01009074,E05011144,Birmingham,E01009074
B29 4LH,E01009506,E05011184,Birmingham,E01009506
B44 8TA,E01009225,E05011159,Birmingham,E01009225
B28 8HA,E01009046,E05011140,Birmingham,E01009046
B26 2NH,E01009324,E05011166,Birmingham,E01009324
B30 3DL,E01008957,E05011129,Birmingham,E01008957
B30 3NX,E01008974,E05011133,Birmingham,E01008974
B75 5HN,E01009415,E05011175,Birmingham,E01009415
B13 0SU,E01008936,E05011124,Birmingham,E01008936
B31 2RE,E01009209,E05011158,Birmingham,E01009209
B73 6NU,E01009470,E05011179,Birmingham,E01009470
B15 3TB,E01034936,E05011134,Birmingham,E01034936
B12 9LY,E01034938,E05011122,Birmingham,E01034938
B34 6JD,E01009088,E05011131,Birmingham,E01009088
B13 9XE,E01009046,E05011154,Birmingham,E01009046
B75 5PW,E01009416,E05011177,Birmingham,E01009416
B20 1BU,E01009278,E05011143,Birmingham,E01009278
B44 8NJ,E01009227,E05011159,Birmingham,E01009227
B31 3NT,E01009112,E05011152,Birmingham,E01009112
B23 6QH,E01034916,E05011135,Birmingham,E01034916
B31 2RB,E01009207,E05011158,Birmingham,E01009207
B21 9LE,E01009270,E05011142,Birmingham,E01009270
B76 2TA,E01009434,E05011180,Birmingham,E01009434
B26 3BL,E01009316,E05011166,Birmingham,E01009316
B43 6DX,E01009243,E05011160,Birmingham,E01009243
B15 3TH,E01008990,E05011134,Birmingham,E01008990
B33 9EL,E01009094,E05011138,Birmingham,E01009094
B36 8BJ,E01009087,E05011131,Birmingham,E01009087
B17 9DZ,E01009067,E05011144,Birmingham,E01009067
B31 4TX,E01009170,E05011152,Birmingham,E01009170
B74 2XT,E01009427,E05011174,Birmingham,E01009427
B13 9FL,E01009176,E05011154,Birmingham,E01009176
B75 7NL,E01009445,E05011176,Birmingham,E01009445
B13 9QH,E01009176,E05011154,Birmingham,E01009176
B31 5AL,E01034942,E05011136,Birmingham,E01034942
B28 9PZ,E01009035,E05011140,Birmingham,E01009035
B10 0UA,E01009335,E05011167,Birmingham,E01009335
B17 8QQ,E01009066,E05011144,Birmingham,E01009066
B3 1DG,E01033622,E05011168,Birmingham,E01033622
B32 4ES,E01008923,E05011123,Birmingham,E01008923
B24 9AD,E01009013,E05011135,Birmingham,E01009013
B76 2TT,E01009450,E05011180,Birmingham,E01009450
B27 6SF,E01008893,E05011169,Birmingham,E01008893
B75 5QS,E01009416,E05011177,Birmingham,E01009416
B31 2NB,E01009205,E05011158,Birmingham,E01009205
B17 0DN,E01009068,E05011144,Birmingham,E01009068
B8 2JF,E01009481,E05011183,Birmingham,E01009481
B24 8BQ,E01008999,E05011139,Birmingham,E01008999
B74 4TL,E01009421,E05011174,Birmingham,E01009421
B14 5DT,E01008948,E05011146,Birmingham,E01008948
B75 7DH,E01009445,E05011176,Birmingham,E01009445
B36 8AE,E01009090,E05011131,Birmingham,E01009090
B30 3AJ,E01008974,E05011133,Birmingham,E01008974
B31 2DP,E01009218,E05011129,Birmingham,E01009218
B23 7BH,E01009408,E05011173,Birmingham,E01009408
B23 7RH,E01009413,E05011173,Birmingham,E01009413
B30 1SL,E01008954,E05011129,Birmingham,E01008954
B14 4AL,E01008969,E05011124,Birmingham,E01008969
B32 2EG,E01009070,E05011144,Birmingham,E01009070
B10 9QR,E01009344,E05011127,Birmingham,E01009344
B45 9PJ,E01009167,E05011164,Birmingham,E01009167
B76 1RJ,E01009437,E05011180,Birmingham,E01009437
B45 9RQ,E01009159,E05011164,Birmingham,E01009159
B74 4AL,E01009425,E05011174,Birmingham,E01009425
B33 8QB,E01009513,E05011186,Birmingham,E01009513
B20 1LY,E01032591,E05011143,Birmingham,E01032591
B75 7QB,E01009445,E05011176,Birmingham,E01009445
B35 6BH,E01009096,E05011132,Birmingham,E01009096
B74 4YQ,E01009433,E05011175,Birmingham,E01009433
B31 2QJ,E01009206,E05011158,Birmingham,E01009206
B6 6QR,E01009053,E05011121,Birmingham,E01009053
B16 9AG,E01008987,E05011157,Birmingham,E01008987
B15 2EP,E01008997,E05011134,Birmingham,E01008997
B73 6SA,E01009465,E05011179,Birmingham,E01009465
B38 8BA,E01009119,E05011148,Birmingham,E01009119
B76 1QR,E01009440,E05011180,Birmingham,E01009440
B76 1EL,E01009439,E05011180,Birmingham,E01009439
B75 6BG,E01009432,E05011178,Birmingham,E01009432
B31 2BA,E01009218,E05011158,Birmingham,E01009218
B35 6HL,E01009096,E05011132,Birmingham,E01009096
B75 6AH,E01009444,E05011178,Birmingham,E01009444
B27 6DY,E01008894,E05011118,Birmingham,E01008894
B72 1TW,E01009424,E05011178,Birmingham,E01009424
B32 4AA,E01008923,E05011123,Birmingham,E01008923
B14 5SF,E01008978,E05011133,Birmingham,E01008978
B32 1SR,E01009259,E05011163,Birmingham,E01009259
B24 8JB,E01008999,E05011139,Birmingham,E01008999
B32 1NA,E01009257,E05011163,Birmingham,E01009257
B45 0LT,E01009155,E05011136,Birmingham,E01009155
B33 9TT,E01009300,E05011138,Birmingham,E01009300
B6 6LS,E01009061,E05011121,Birmingham,E01009061
B16 8TF,E01009140,E05011151,Birmingham,E01009140
B31 3BG,E01009117,E05011148,Birmingham,E01009117
B38 9BE,E01009119,E05011149,Birmingham,E01009119
B42 2QE,E01009244,E05011159,Birmingham,E01009244
B28 8EY,E01009046,E05011140,Birmingham,E01009046
B20 2JH,E01009264,E05011143,Birmingham,E01009264
B21 8PJ,E01009268,E05011143,Birmingham,E01009268
B75 6BE,E01009432,E05011178,Birmingham,E01009432
B26 1HT,E01008891,E05011169,Birmingham,E01008891
B74 2ER,E01009464,E05011179,Birmingham,E01009464
B75 5RR,E01009416,E05011177,Birmingham,E01009416
B9 4QA,E01009199,E05011126,Birmingham,E01009199
B38 0BN,E01009120,E05011149,Birmingham,E01009120
B74 4XW,E01009433,E05011175,Birmingham,E01009433
B14 5UL,E01008980,E05011133,Birmingham,E01008980
B32 4LB,E01008925,E05011123,Birmingham,E01008925
B75 7UU,E01009451,E05011176,Birmingham,E01009451
B20 3UZ,E01034918,E05011125,Birmingham,E01034918
B5 7ET,E01033640,E05011126,Birmingham,E01033640
B30 3ND,E01008974,E05011133,Birmingham,E01008974
B75 5NB,E01009420,E05011177,Birmingham,E01009420
B31 5BU,E01009207,E05011158,Birmingham,E01009207
B72 1DR,E01009463,E05011181,Birmingham,E01009463
B76 1NX,E01009454,E05011176,Birmingham,E01009454
B15 2QT,E01034937,E05011134,Birmingham,E01034937
B28 0NT,E01009036,E05011141,Birmingham,E01009036
B14 4QQ,E01008946,E05011146,Birmingham,E01008946
B33 8NY,E01009515,E05011185,Birmingham,E01009515
B29 6QN,E01009292,E05011184,Birmingham,E01009292
B75 5TE,E01009416,E05011177,Birmingham,E01009416
B76 1YW,E01009440,E05011180,Birmingham,E01009440
B29 6WY,E01009280,E05011129,Birmingham,E01009280
B29 7LP,E01009288,E05011128,Birmingham,E01009288
B33 0QQ,E01009321,E05011166,Birmingham,E01009321
B26 2JL,E01009324,E05011166,Birmingham,E01009324
B18 7HT,E01009348,E05011168,Birmingham,E01009348
B75 5QY,E01009416,E05011175,Birmingham,E01009416
B28 0BP,E01009037,E05011141,Birmingham,E01009037
B30 1QN,E01008950,E05011129,Birmingham,E01008950
B26 2JB,E01009519,E05011185,Birmingham,E01009519
B28 9RJ,E01009033,E05011140,Birmingham,E01009033
B20 1DA,E01009279,E05011143,Birmingham,E01009279
B27 6QE,E01008889,E05011118,Birmingham,E01008889
B18 7LQ,E01009347,E05011168,Birmingham,E01009347
B17 8QP,E01009066,E05011144,Birmingham,E01009066
B72 1BW,E01009463,E05011181,Birmingham,E01009463
B30 1BX,E01008959,E05011129,Birmingham,E01008959
B10 0PJ,E01009379,E05011127,Birmingham,E01009379
B6 6HP,E01034919,E05011121,Birmingham,E01034919
B20 3RU,E01009057,E05011125,Birmingham,E01009057
B31 4HU,E01009213,E05011152,Birmingham,E01009213
B9 4JU,E01009200,E05011126,Birmingham,E01009200
B75 5QL,E01009415,E05011175,Birmingham,E01009415
B24 8JA,E01008999,E05011139,Birmingham,E01008999
B9 5XH,E01009343,E05011145,Birmingham,E01009343
B32 3JJ,E01033629,E05011123,Birmingham,E01033629
B28 9NW,E01009033,E05011140,Birmingham,E01009033
B32 1BL,E01009250,E05011163,Birmingham,E01009250
B13 8RP,E01009186,E05011154,Birmingham,E01009186
B28 0RY,E01009037,E05011141,Birmingham,E01009037
B8 3AR,E01009195,E05011120,Birmingham,E01009195
B26 3BS,E01009315,E05011166,Birmingham,E01009315
B44 0NH,E01009131,E05011150,Birmingham,E01009131
B10 9QY,E01009332,E05011127,Birmingham,E01009332
B12 8DG,E01009399,E05011170,Birmingham,E01009399
B76 1XW,E01009443,E05011180,Birmingham,E01009443
B76 9BA,E01009441,E05011180,Birmingham,E01009441
B29 4DB,E01009504,E05011184,Birmingham,E01009504
B16 9EA,E01008987,E05011151,Birmingham,E01008987
B17 8RS,E01009261,E05011163,Birmingham,E01009261
B27 7NU,E01009022,E05011118,Birmingham,E01009022
B73 6RP,E01009469,E05011179,Birmingham,E01009469
B73 6HF,E01009468,E05011178,Birmingham,E01009468
B27 6SN,E01008895,E05011169,Birmingham,E01008895
B26 1HH,E01008885,E05011169,Birmingham,E01008885
B74 2UG,E01009425,E05011175,Birmingham,E01009425
B8 1SB,E01009483,E05011120,Birmingham,E01009483
B12 8BL,E01009383,E05011154,Birmingham,E01009383
B36 8NS,E01009080,E05011131,Birmingham,E01009080
B33 0XR,E01009302,E05011138,Birmingham,E01009302
B26 3DG,E01009315,E05011166,Birmingham,E01009315
B72 1HG,E01009457,E05011181,Birmingham,E01009457
B12 9BX,E01009367,E05011122,Birmingham,E01009367
B75 5EZ,E01009423,E05011175,Birmingham,E01009423
B16 9DW,E01008987,E05011151,Birmingham,E01008987
B31 5ER,E01009158,E05011136,Birmingham,E01009158
B6 6HU,E01034924,E05011121,Birmingham,E01034924
B31 4PD,E01009168,E05011152,Birmingham,E01009168
B3 1FF,E01033622,E05011168,Birmingham,E01033622
B28 0RE,E01009042,E05011141,Birmingham,E01009042
B2 5AR,E01033620,E05011151,Birmingham,E01033620
B13 9EL,E01009187,E05011154,Birmingham,E01009187
B35 7LF,E01009097,E05011132,Birmingham,E01009097
B14 6TX,E01008966,E05011130,Birmingham,E01008966
B31 5ET,E01009158,E05011136,Birmingham,E01009158
B20 1DL,E01009267,E05011143,Birmingham,E01009267
B26 3HU,E01009315,E05011166,Birmingham,E01009315
B13 8RN,E01009186,E05011154,Birmingham,E01009186
B75 6EH,E01009444,E05011177,Birmingham,E01009444
B13 9PN,E01009185,E05011154,Birmingham,E01009185
B31 5LF,E01009158,E05011136,Birmingham,E01009158
B12 9LH,E01009366,E05011122,Birmingham,E01009366
B73 6TJ,E01009464,E05011179,Birmingham,E01009464
B19 1NY,E01008905,E05011153,Birmingham,E01008905
B16 9DB,E01008987,E05011157,Birmingham,E01008987
B5 7DS,E01008995,E05011122,Birmingham,E01008995
B17 8RG,E01009252,E05011163,Birmingham,E01009252
B42 2GD,E01009239,E05011160,Birmingham,E01009239
B18 7BG,E01009153,E05011157,Birmingham,E01009153
B35 7QR,E01009101,E05011132,Birmingham,E01009101
B31 3BD,E01009117,E05011148,Birmingham,E01009117
B31 5BZ,E01009208,E05011158,Birmingham,E01009208
B11 1SD,E01009367,E05011170,Birmingham,E01009367
B42 1PD,E01009241,E05011160,Birmingham,E01009241
B23 5XZ,E01009135,E05011161,Birmingham,E01009135
B11 3FN,E01009014,E05011140,Birmingham,E01009014
B13 0NS,E01008939,E05011124,Birmingham,E01008939
B19 1HF,E01009048,E05011153,Birmingham,E01009048
B31 4DG,E01009215,E05011152,Birmingham,E01009215
B44 9NT,E01009220,E05011159,Birmingham,E01009220
B14 7JD,E01009179,E05011130,Birmingham,E01009179
B31 5SR,E01008930,E05011123,Birmingham,E01008930
B31 5SD,E01008930,E05011123,Birmingham,E01008930
B72 1DE,E01009463,E05011181,Birmingham,E01009463
B29 5HF,E01009503,E05011184,Birmingham,E01009503
B17 0JA,E01033562,E05011134,Birmingham,E01033562
B74 4LX,E01009419,E05011175,Birmingham,E01009419
B20 1NH,E01032591,E05011143,Birmingham,E01032591
B44 0JU,E01009128,E05011150,Birmingham,E01009128
B5 7TW,E01008982,E05011134,Birmingham,E01008982
B12 8AU,E01009399,E05011154,Birmingham,E01009399
B26 2RA,E01009324,E05011166,Birmingham,E01009324
B1 1RN,E01033557,E05011151,Birmingham,E01033557
B33 0BX,E01009301,E05011138,Birmingham,E01009301
B15 2QJ,E01034937,E05011134,Birmingham,E01034937
B8 1NJ,E01009192,E05011120,Birmingham,E01009192
B74 2PX,E01009430,E05011178,Birmingham,E01009430
B11 2PY,E01009339,E05011170,Birmingham,E01009339
B76 2AA,E01009443,E05011180,Birmingham,E01009443
B75 6PH,E01009429,E05011175,Birmingham,E01009429
B13 0AD,E01008932,E05011124,Birmingham,E01008932
B19 2AA,E01008906,E05011153,Birmingham,E01008906
B31 1PW,E01009498,E05011119,Birmingham,E01009498
B17 8SB,E01009252,E05011163,Birmingham,E01009252
B11 1QE,E01009372,E05011170,Birmingham,E01009372
B34 7NP,E01009308,E05011165,Birmingham,E01009308
B17 0DR,E01009068,E05011144,Birmingham,E01009068
B31 3TX,E01009210,E05011152,Birmingham,E01009210
B32 2ED,E01009254,E05011163,Birmingham,E01009254
B76 1TE,E01009435,E05011180,Birmingham,E01009435
B29 5BN,E01009504,E05011184,Birmingham,E01009504
B24 0DQ,E01009008,E05011135,Birmingham,E01009008
B33 0AT,E01009300,E05011138,Birmingham,E01009300
B44 8RA,E01009227,E05011159,Birmingham,E01009227
B38 8HP,E01009112,E05011148,Birmingham,E01009112
B6 7TU,,,,
B17 8LS,E01009145,E05011157,Birmingham,E01009145
B74 4AS,E01009422,E05011174,Birmingham,E01009422
B5 7DZ,,,,
B21 9EN,E01009353,E05011142,Birmingham,E01009353
B31 1JF,E01008930,E05011123,Birmingham,E01008930
B35 6PH,E01009106,E05011132,Birmingham,E01009106
B13 9RA,E01009189,E05011154,Birmingham,E01009189
B73 6DG,E01009430,E05011178,Birmingham,E01009430
B38 8JB,E01009112,E05011152,Birmingham,E01009112
B14 5JQ,E01008948,E05011146,Birmingham,E01008948
B18 7RP,E01009348,E05011168,Birmingham,E01009348
B18 6LT,E01033559,E05011168,Birmingham,E01033559
B31 2SA,E01009208,E05011158,Birmingham,E01009208
B73 5UH,E01009458,E05011179,Birmingham,E01009458
B75 6HU,E01009446,E05011177,Birmingham,E01009446
B33 9EE,E01009298,E05011138,Birmingham,E01009298
B21 8NG,E01009274,E05011143,Birmingham,E01009274
B73 6JQ,E01009468,E05011179,Birmingham,E01009468
B14 5QH,E01008979,E05011133,Birmingham,E01008979
B5 5AE,E01033617,E05011155,Birmingham,E01033617
B74 4GA,E01009417,E05011174,Birmingham,E01009417
B21 0RN,E01034922,E05011168,Birmingham,E01034922
B28 8ST,E01009014,E05011140,Birmingham,E01009014
B13 0EA,E01008934,E05011124,Birmingham,E01008934
B17 9UB,E01009070,E05011144,Birmingham,E01009070
B35 7FP,E01009103,E05011132,Birmingham,E01009103
B38 9FN,E01009120,E05011149,Birmingham,E01009120
B32 3EA,E01009500,E05011184,Birmingham,E01009500
B24 0NS,E01009098,E05011162,Birmingham,E01009098
B74 4EB,E01009433,E05011175,Birmingham,E01009433
B38 0AQ,E01009120,E05011149,Birmingham,E01009120
B28 0QQ,E01009041,E05011141,Birmingham,E01009041
B73 6JN,E01009470,E05011179,Birmingham,E01009470
B76 1HX,E01009440,E05011180,Birmingham,E01009440
B14 6HT,E01008970,E05011130,Birmingham,E01008970
B11 1HW,E01033650,E05011170,Birmingham,E01033650
B29 5NG,E01009505,E05011184,Birmingham,E01009505
B44 8UG,E01009228,E05011159,Birmingham,E01009228
B13 9SJ,E01009185,E05011154,Birmingham,E01009185
B38 9BN,E01009107,E05011149,Birmingham,E01009107
B38 8PE,E01009111,E05011148,Birmingham,E01009111
B28 9HH,E01009035,E05011140,Birmingham,E01009035
B17 0JR,E01033562,E05011144,Birmingham,E01033562
B26 3EP,E01009320,E05011166,Birmingham,E01009320
B15 3TX,E01008990,E05011134,Birmingham,E01008990
B30 1UE,E01008951,E05011129,Birmingham,E01008951
B14 5RB,E01008978,E05011133,Birmingham,E01008978
B14 4EB,E01008941,E05011124,Birmingham,E01008941
B31 2JJ,E01009210,E05011158,Birmingham,E01009210
B73 6HQ,E01009468,E05011178,Birmingham,E01009468
B42 2HW,E01009238,E05011160,Birmingham,E01009238
B14 7EL,,,,
B14 4PD,E01008946,E05011146,Birmingham,E01008946
B3 1HA,E01033623,E05011168,Birmingham,E01033623
B6 5DN,,,,
B45 0DU,E01009174,E05011136,Birmingham,E01009174
B31 1AY,E01008929,E05011123,Birmingham,E01008929
B6 7PA,,,,
B12 0XJ,E01009364,E05011126,Birmingham,E01009364
B21 9RS,E01009264,E05011142,Birmingham,E01009264
B35 6HJ,E01009096,E05011132,Birmingham,E01009096
B31 2JZ,E01009219,E05011158,Birmingham,E01009219
B24 9JQ,E01034916,E05011135,Birmingham,E01034916
B44 8SF,E01009230,E05011159,Birmingham,E01009230
B74 4PG,E01009421,E05011174,Birmingham,E01009421
B12 8UH,E01009367,E05011170,Birmingham,E01009367
B28 8JX,E01009045,E05011140,Birmingham,E01009045
B74 2XP,E01009427,E05011174,Birmingham,E01009427
B76 1DW,E01009439,E05011180,Birmingham,E01009439
B75 7AU,E01009424,E05011178,Birmingham,E01009424
B15 3JN,E01008992,E05011134,Birmingham,E01008992
B24 0NX,E01009105,E05011162,Birmingham,E01009105
B32 4EN,E01008923,E05011123,Birmingham,E01008923
B14 7HR,E01009179,E05011130,Birmingham,E01009179
B19 3JP,E01033559,E05011156,Birmingham,E01033559
B8 1QU,E01009483,E05011120,Birmingham,E01009483
B31 5NJ,E01009158,E05011136,Birmingham,E01009158
B6 6AJ,E01009054,E05011121,Birmingham,E01009054
B17 8TT,E01009261,E05011163,Birmingham,E01009261
B73 5QF,E01009456,E05011179,Birmingham,E01009456
B74 4TG,E01009421,E05011174,Birmingham,E01009421
B75 5LQ,E01009416,E05011177,Birmingham,E01009416
B33 8EH,E01009510,E05011185,Birmingham,E01009510
B16 0PX,E01009145,E05011157,Birmingham,E01009145
B28 8AU,E01009045,E05011140,Birmingham,E01009045
B76 2SZ,E01009450,E05011180,Birmingham,E01009450
B62 0HQ,E01008921,E05011123,Birmingham,E01008921
B14 4PU,E01008946,E05011146,Birmingham,E01008946
B30 2TJ,E01008963,E05011172,Birmingham,E01008963
B12 8JT,E01009397,E05011170,Birmingham,E01009397
B19 3JG,E01034930,E05011156,Birmingham,E01034930
B3 1EW,E01033623,E05011168,Birmingham,E01033623
B76 2QA,E01009436,E05011180,Birmingham,E01009436
B29 4EH,E01009505,E05011184,Birmingham,E01009505
B5 6DY,E01009200,E05011126,Birmingham,E01009200
B9 5DN,E01009344,E05011127,Birmingham,E01009344
B31 2BS,E01008958,E05011158,Birmingham,E01008958
B33 0DY,E01009299,E05011138,Birmingham,E01009299
B31 1JZ,E01009497,E05011158,Birmingham,E01009497
B34 6AT,E01009087,E05011131,Birmingham,E01009087
B45 0AT,E01009174,E05011136,Birmingham,E01009174
B73 6QR,E01009469,E05011179,Birmingham,E01009469
B21 9QL,E01009275,E05011147,Birmingham,E01009275
B30 1DZ,E01008959,E05011129,Birmingham,E01008959
B15 3ES,E01008990,E05011134,Birmingham,E01008990
B33 9SH,E01009300,E05011138,Birmingham,E01009300
B28 8NZ,E01009045,E05011140,Birmingham,E01009045
B33 0NS,E01009322,E05011137,Birmingham,E01009322
B6 6DE,E01034920,E05011121,Birmingham,E01034920
B26 1RL,E01009324,E05011166,Birmingham,E01009324
B30 3QF,E01008974,E05011133,Birmingham,E01008974
B23 6JY,E01009405,E05011173,Birmingham,E01009405
B29 6QS,E01009292,E05011184,Birmingham,E01009292
B75 5NX,E01009416,E05011177,Birmingham,E01009416
B35 7DR,E01009097,E05011132,Birmingham,E01009097
B8 3HR,E01009491,E05011120,Birmingham,E01009491
B30 3LL,E01009119,E05011148,Birmingham,E01009119
B31 2AA,E01009496,E05011119,Birmingham,E01009496
B75 7TP,E01009446,E05011177,Birmingham,E01009446
B33 8TF,E01009513,E05011186,Birmingham,E01009513
B20 1AN,E01009267,E05011143,Birmingham,E01009267
B24 8LG,E01009401,E05011139,Birmingham,E01009401
B30 2YN,E01009282,E05011128,Birmingham,E01009282
B20 2PG,E01009265,E05011143,Birmingham,E01009265
B23 5GB,E01034914,E05011161,Birmingham,E01034914
B72 1DF,E01009463,E05011181,Birmingham,E01009463
B14 4EP,E01008940,E05011124,Birmingham,E01008940
B44 0HQ,E01009122,E05011150,Birmingham,E01009122
B6 6SN,E01009053,E05011121,Birmingham,E01009053
B8 2RJ,E01009086,E05011131,Birmingham,E01009086
B10 0EA,E01009379,E05011127,Birmingham,E01009379
B14 5EN,E01008943,E05011124,Birmingham,E01008943
B42 1JP,E01009238,E05011160,Birmingham,E01009238
B38 9LH,,,,
B23 5QT,E01009001,E05011135,Birmingham,E01009001
B31 3JR,E01009212,E05011152,Birmingham,E01009212
B28 8NG,E01009045,E05011140,Birmingham,E01009045
B76 1RF,E01009437,E05011180,Birmingham,E01009437
B28 0QT,E01009036,E05011141,Birmingham,E01009036
B31 3LL,E01009214,E05011152,Birmingham,E01009214
B33 8SS,E01009513,E05011186,Birmingham,E01009513
B76 2SG,E01009450,E05011180,Birmingham,E01009450
B28 9AY,E01009030,E05011140,Birmingham,E01009030
B9 5AR,E01009344,E05011127,Birmingham,E01009344
B29 6QY,E01009295,E05011184,Birmingham,E01009295
B21 9PD,E01009270,E05011142,Birmingham,E01009270
B76 1RP,,,,
B44 8TD,E01009228,E05011159,Birmingham,E01009228
B75 6SS,E01009431,E05011174,Birmingham,E01009431
B30 2RD,E01008952,E05011172,Birmingham,E01008952
B9 5PJ,E01009476,E05011145,Birmingham,E01009476
B44 8QL,E01009231,E05011150,Birmingham,E01009231
B33 9QY,E01009298,E05011138,Birmingham,E01009298
B3 1RU,E01033622,E05011168,Birmingham,E01033622
B45 0HJ,E01009160,E05011136,Birmingham,E01009160
B5 5AD,E01033617,E05011155,Birmingham,E01033617
B24 9BX,E01009012,E05011135,Birmingham,E01009012
B30 1BG,E01008962,E05011129,Birmingham,E01008962
B44 0UE,E01009128,E05011150,Birmingham,E01009128
B30 3LH,E01009119,E05011148,Birmingham,E01009119
B75 7JU,E01009447,E05011176,Birmingham,E01009447
B29 6UL,E01009280,E05011129,Birmingham,E01009280
B17 8BS,E01009066,E05011144,Birmingham,E01009066
B14 7ED,E01009189,E05011130,Birmingham,E01009189
B74 4BQ,,,,
B33 0UB,E01009322,E05011137,Birmingham,E01009322
B74 4JT,E01009418,E05011174,Birmingham,E01009418
B74 2FJ,E01009430,E05011174,Birmingham,E01009430
B29 7NL,E01009283,E05011128,Birmingham,E01009283
B10 9EA,E01033642,E05011167,Birmingham,E01033642
B15 2JW,E01034936,E05011134,Birmingham,E01034936
B13 0RR,E01008936,E05011124,Birmingham,E01008936
B29 4RA,E01009506,E05011184,Birmingham,E01009506
B72 1YB,E01009463,E05011181,Birmingham,E01009463
B23 5SA,E01009002,E05011135,Birmingham,E01009002
B11 1UD,E01009372,E05011170,Birmingham,E01009372
B4 7LR,E01033617,E05011151,Birmingham,E01033617
B15 2QB,E01034937,E05011134,Birmingham,E01034937
B29 6UZ,E01009284,E05011129,Birmingham,E01009284
B14 7QH,E01008963,E05011130,Birmingham,E01008963
B33 0EL,E01009297,E05011138,Birmingham,E01009297
B75 6QX,E01009426,E05011177,Birmingham,E01009426
B31 1JD,E01008930,E05011123,Birmingham,E01008930
B24 0UF,E01009100,E05011162,Birmingham,E01009100
B32 4ER,E01008923,E05011123,Birmingham,E01008923
B15 3JB,E01008992,E05011134,Birmingham,E01008992
B29 7PT,E01009296,E05011128,Birmingham,E01009296
B44 9ND,E01009221,E05011159,Birmingham,E01009221
B75 6JT,E01009450,E05011177,Birmingham,E01009450
B32 2UU,E01008919,E05011144,Birmingham,E01008919
B17 8NJ,E01009147,E05011157,Birmingham,E01009147
B28 9QW,E01009032,E05011140,Birmingham,E01009032
B29 7AN,E01034941,E05011128,Birmingham,E01034941
B28 0XY,E01009036,E05011141,Birmingham,E01009036
B45 0EF,E01009157,E05011136,Birmingham,E01009157
B20 3RJ,E01009057,E05011125,Birmingham,E01009057
B32 3BS,E01008921,E05011123,Birmingham,E01008921
B4 6HH,E01033617,E05011156,Birmingham,E01033617
B76 1DQ,E01009454,E05011176,Birmingham,E01009454
B38 9FH,E01009108,E05011149,Birmingham,E01009108
B38 9BS,E01009107,E05011149,Birmingham,E01009107
B5 6AA,E01033567,E05011126,Birmingham,E01033567
B8 3LH,E01009488,E05011120,Birmingham,E01009488
B9 4SU,E01034935,E05011126,Birmingham,E01034935
B31 3HH,E01009211,E05011152,Birmingham,E01009211
B35 7JL,E01009101,E05011132,Birmingham,E01009101
B35 6LR,E01009106,E05011132,Birmingham,E01009106
B33 9AW,E01009092,E05011138,Birmingham,E01009092
B9 5EG,E01009344,E05011127,Birmingham,E01009344
B44 9BZ,E01009226,E05011159,Birmingham,E01009226
B30 2AP,E01009281,E05011129,Birmingham,E01009281
B35 6PR,E01009099,E05011132,Birmingham,E01009099
B32 1PU,E01009253,E05011163,Birmingham,E01009253
B16 6JA,,,,
B32 1DN,E01009253,E05011163,Birmingham,E01009253
B24 9DP,E01009012,E05011135,Birmingham,E01009012
B25 8FD,E01008881,E05011169,Birmingham,E01008881
B5 5LY,E01033561,E05011126,Birmingham,E01033561
B42 2JY,E01009225,E05011159,Birmingham,E01009225
B72 1LZ,E01009471,E05011181,Birmingham,E01009471
B76 9PG,E01009450,E05011180,Birmingham,E01009450
B7 4TH,E01009201,E05011155,Birmingham,E01009201
B19 1AT,E01009358,E05011168,Birmingham,E01009358
B15 3PF,E01008991,E05011134,Birmingham,E01008991
B12 8UG,E01009367,E05011170,Birmingham,E01009367
B38 0BF,E01009120,E05011149,Birmingham,E01009120
B17 8PS,E01009066,E05011144,Birmingham,E01009066
B74 2NZ,E01009430,E05011174,Birmingham,E01009430
B15 1PL,E01008994,E05011134,Birmingham,E01008994
B28 9BE,E01009031,E05011140,Birmingham,E01009031
B19 3QY,E01034930,E05011156,Birmingham,E01034930
B73 6RH,E01009473,E05011179,Birmingham,E01009473
B15 2UY,E01008997,E05011134,Birmingham,E01008997
B31 1LR,E01009497,E05011119,Birmingham,E01009497
B30 3NB,E01008974,E05011133,Birmingham,E01008974
B28 0RH,E01009039,E05011141,Birmingham,E01009039
B75 6NF,E01009426,E05011177,Birmingham,E01009426
B30 2AG,E01009281,E05011129,Birmingham,E01009281
B20 1LU,E01032591,E05011143,Birmingham,E01032591
B73 6JE,E01009468,E05011178,Birmingham,E01009468
B18 7JS,E01009348,E05011168,Birmingham,E01009348
B18 6RZ,E01034950,E05011168,Birmingham,E01034950
B29 6LA,E01009284,E05011129,Birmingham,E01009284
B6 7QP,E01008899,E05011155,Birmingham,E01008899
B73 5UJ,E01009456,E05011179,Birmingham,E01009456
B75 5QZ,E01009416,E05011177,Birmingham,E01009416
B74 2QF,E01009427,E05011174,Birmingham,E01009427
B45 0JU,E01009174,E05011136,Birmingham,E01009174
B28 0RA,E01009042,E05011141,Birmingham,E01009042
B14 5AW,E01008974,E05011133,Birmingham,E01008974
B28 9QS,E01009033,E05011140,Birmingham,E01009033
B21 0JS,E01009354,E05011147,Birmingham,E01009354
B19 2AJ,E01008909,E05011156,Birmingham,E01008909
B8 3DX,E01009195,E05011120,Birmingham,E01009195
B8 2LH,E01009486,E05011183,Birmingham,E01009486
B11 2QN,E01009373,E05011170,Birmingham,E01009373
B75 7HJ,E01009450,E05011177,Birmingham,E01009450
B31 4RX,E01009168,E05011152,Birmingham,E01009168
B33 0EY,E01009297,E05011138,Birmingham,E01009297
B23 7TD,E01009232,E05011160,Birmingham,E01009232
B72 1TA,E01009449,E05011178,Birmingham,E01009449
B35 7DX,E01009103,E05011132,Birmingham,E01009103
B29 7JX,E01034937,E05011134,Birmingham,E01034937
B21 9NA,E01009275,E05011142,Birmingham,E01009275
B8 1SE,E01009483,E05011120,Birmingham,E01009483
B45 0JJ,E01009174,E05011136,Birmingham,E01009174
B13 9QY,E01009185,E05011154,Birmingham,E01009185
B8 2NL,E01009487,E05011183,Birmingham,E01009487
B16 9AJ,E01008988,E05011157,Birmingham,E01008988
B75 5TL,E01009431,E05011175,Birmingham,E01009431
B28 8BB,E01009043,E05011140,Birmingham,E01009043
B44 9LH,E01009222,E05011159,Birmingham,E01009222
B4 6LN,E01033617,E05011156,Birmingham,E01033617
B11 1BL,E01009365,E05011170,Birmingham,E01009365
B30 2UP,E01008964,E05011172,Birmingham,E01008964
B13 9FE,E01009385,E05011154,Birmingham,E01009385
B72 1YH,E01009462,E05011181,Birmingham,E01009462
B15 3JQ,E01008992,E05011134,Birmingham,E01008992
B14 7PA,E01008981,E05011130,Birmingham,E01008981
B76 1XB,E01009442,E05011180,Birmingham,E01009442
B36 8LP,E01009080,E05011131,Birmingham,E01009080
B45 9PH,E01009167,E05011164,Birmingham,E01009167
B33 8TJ,E01009513,E05011186,Birmingham,E01009513
B8 3NS,E01009488,E05011120,Birmingham,E01009488
B12 8ST,E01009375,E05011170,Birmingham,E01009375
B17 8QS,E01009066,E05011144,Birmingham,E01009066
B74 4JN,E01009419,E05011174,Birmingham,E01009419
B24 0DH,E01009009,E05011135,Birmingham,E01009009
B28 0PN,E01009040,E05011141,Birmingham,E01009040
B24 9SL,E01009102,E05011162,Birmingham,E01009102
B1 3HH,E01034951,E05011168,Birmingham,E01034951
B33 9QE,E01009298,E05011138,Birmingham,E01009298
B76 1NE,E01009439,E05011180,Birmingham,E01009439
B74 4BF,E01009421,E05011174,Birmingham,E01009421
B26 1NR,E01009313,E05011166,Birmingham,E01009313
B35 7QE,E01009103,E05011132,Birmingham,E01009103
B13 9GH,E01009385,E05011154,Birmingham,E01009385
B33 9DD,E01009092,E05011138,Birmingham,E01009092
B10 9SA,E01009332,E05011127,Birmingham,E01009332
B15 1JR,E01008994,E05011134,Birmingham,E01008994
B27 7DA,E01009020,E05011118,Birmingham,E01009020
B11 1JB,E01009365,E05011170,Birmingham,E01009365
B44 8EJ,E01009231,E05011150,Birmingham,E01009231
B76 1FD,E01009435,E05011176,Birmingham,E01009435
B15 2DE,E01033640,E05011151,Birmingham,E01033640
B27 7QT,E01009020,E05011118,Birmingham,E01009020
B32 2BD,E01009261,E05011163,Birmingham,E01009261
B5 7UA,E01008997,E05011134,Birmingham,E01008997
B75 5AF,E01009429,E05011175,Birmingham,E01009429
B14 4PS,E01008949,E05011146,Birmingham,E01008949
B74 2SF,E01009430,E05011174,Birmingham,E01009430
B17 0ND,E01009075,E05011144,Birmingham,E01009075
B24 0DF,E01009008,E05011135,Birmingham,E01009008
B11 1PJ,E01033650,E05011170,Birmingham,E01033650
B14 4RN,E01008943,E05011146,Birmingham,E01008943
B31 1BB,E01008924,E05011123,Birmingham,E01008924
B17 8AY,E01009260,E05011163,Birmingham,E01009260
B13 0AR,E01008933,E05011154,Birmingham,E01008933
B6 5DP,,,,
B23 5HF,E01009123,E05011161,Birmingham,E01009123
B38 8DA,E01009116,E05011148,Birmingham,E01009116
B26 3DX,E01009315,E05011166,Birmingham,E01009315
B23 5YT,E01009135,E05011161,Birmingham,E01009135
B30 1RE,E01008950,E05011129,Birmingham,E01008950
B31 1RZ,E01009499,E05011119,Birmingham,E01009499
B45 8UN,E01034945,E05011152,Birmingham,E01034945
B24 0DG,E01009008,E05011135,Birmingham,E01009008
B17 8TL,E01009260,E05011163,Birmingham,E01009260
B30 3JE,E01009119,E05011148,Birmingham,E01009119
B44 8RD,E01009229,E05011159,Birmingham,E01009229
B31 3EL,E01009117,E05011148,Birmingham,E01009117
B13 9EA,E01009385,E05011154,Birmingham,E01009385
B7 5AS,E01034927,E05011155,Birmingham,E01034927
B32 2DB,E01009261,E05011163,Birmingham,E01009261
B20 1BL,E01009267,E05011143,Birmingham,E01009267
B44 8BP,E01009232,E05011150,Birmingham,E01009232
B33 9QA,E01009311,E05011138,Birmingham,E01009311
B74 4BB,E01009422,E05011174,Birmingham,E01009422
B26 3TP,E01009315,E05011166,Birmingham,E01009315
B30 2XA,E01008964,E05011172,Birmingham,E01008964
B31 1JJ,E01008930,E05011123,Birmingham,E01008930
B45 9NG,E01009167,E05011164,Birmingham,E01009167
B19 2TS,E01009062,E05011153,Birmingham,E01009062
B38 9UQ,E01009114,E05011149,Birmingham,E01009114
B16 9ER,E01009140,E05011151,Birmingham,E01009140
B28 9DB,E01009032,E05011140,Birmingham,E01009032
B74 4XE,E01009433,E05011175,Birmingham,E01009433
B5 6LG,E01034947,E05011126,Birmingham,E01034947
B8 3NA,E01009488,E05011120,Birmingham,E01009488
B7 5QP,E01009201,E05011155,Birmingham,E01009201
B13 0DH,E01008933,E05011124,Birmingham,E01008933
B19 2LD,E01008911,E05011156,Birmingham,E01008911
B29 4BL,E01009294,E05011184,Birmingham,E01009294
B20 1HH,E01009276,E05011143,Birmingham,E01009276
B5 7SF,E01008982,E05011134,Birmingham,E01008982
B18 5SY,,,,
B16 0QW,E01009145,E05011157,Birmingham,E01009145
B33 8QA,E01009513,E05011186,Birmingham,E01009513
B45 9SW,E01009160,E05011164,Birmingham,E01009160
B72 1QU,E01009449,E05011178,Birmingham,E01009449
B18 4AW,E01009345,E05011168,Birmingham,E01009345
B6 5DW,,,,
B76 1FL,E01009435,E05011176,Birmingham,E01009435
B36 8EH,E01009085,E05011131,Birmingham,E01009085
B34 6LU,E01009088,E05011131,Birmingham,E01009088
B1 3DE,,,,
B26 1AU,E01009521,E05011166,Birmingham,E01009521
B31 3PU,E01009217,E05011152,Birmingham,E01009217
B20 2JN,E01009264,E05011143,Birmingham,E01009264
B6 6ED,E01034920,E05011121,Birmingham,E01034920
B38 9UN,E01009114,E05011149,Birmingham,E01009114
B6 6RE,E01008899,E05011121,Birmingham,E01008899
B42 2AJ,E01009248,E05011159,Birmingham,E01009248
B32 1DB,E01009253,E05011163,Birmingham,E01009253
B38 9TL,E01009115,E05011149,Birmingham,E01009115
B12 8NY,E01009377,E05011170,Birmingham,E01009377
B74 4FD,E01009425,E05011175,Birmingham,E01009425
B31 3AX,E01009117,E05011148,Birmingham,E01009117
B42 1BY,,,,
B76 1FB,E01009435,E05011176,Birmingham,E01009435
B18 4EG,E01009346,E05011157,Birmingham,E01009346
B45 9LH,E01009164,E05011164,Birmingham,E01009164
B13 8NG,E01009186,E05011154,Birmingham,E01009186
B17 0HW,E01009071,E05011144,Birmingham,E01009071
B75 7QE,E01009452,E05011176,Birmingham,E01009452
B32 2LA,E01009070,E05011144,Birmingham,E01009070
B75 6PS,E01009426,E05011177,Birmingham,E01009426
B35 7PT,E01009099,E05011132,Birmingham,E01009099
B14 5JP,E01008947,E05011146,Birmingham,E01008947
B75 5HP,E01009415,E05011175,Birmingham,E01009415
B45 9FP,E01009159,E05011136,Birmingham,E01009159
B28 0BH,E01009031,E05011140,Birmingham,E01009031
B75 5RW,E01009426,E05011177,Birmingham,E01009426
B31 3LD,E01009212,E05011152,Birmingham,E01009212
B31 3EE,E01009117,E05011148,Birmingham,E01009117
B33 8LG,E01009512,E05011137,Birmingham,E01009512
B18 7HF,E01009347,E05011168,Birmingham,E01009347
B31 2TU,E01009162,E05011158,Birmingham,E01009162
B14 4BT,E01008939,E05011124,Birmingham,E01008939
B29 5BL,E01009504,E05011184,Birmingham,E01009504
B31 3AZ,E01009117,E05011148,Birmingham,E01009117
B31 1NS,E01009495,E05011119,Birmingham,E01009495
B32 4LL,E01008925,E05011123,Birmingham,E01008925
B13 8DW,E01009182,E05011154,Birmingham,E01009182
B31 3UB,E01009210,E05011148,Birmingham,E01009210
B6 6HZ,E01034919,E05011121,Birmingham,E01034919
B15 2AP,E01033567,E05011151,Birmingham,E01033567
B38 8AD,E01009116,E05011148,Birmingham,E01009116
B74 2RF,E01009430,E05011174,Birmingham,E01009430
B5 7RL,E01034937,E05011134,Birmingham,E01034937
B23 5GQ,E01009458,E05011135,Birmingham,E01009458
B17 0SR,E01009072,E05011144,Birmingham,E01009072
B18 5EW,E01009361,E05011168,Birmingham,E01009361
B17 9EA,E01009067,E05011144,Birmingham,E01009067
B35 7ED,E01009101,E05011132,Birmingham,E01009101
B73 5DG,E01009473,E05011179,Birmingham,E01009473
B32 2PG,E01009073,E05011144,Birmingham,E01009073
B15 3RR,E01008990,E05011134,Birmingham,E01008990
B72 1NF,E01009451,E05011178,Birmingham,E01009451
B17 8SQ,E01009260,E05011163,Birmingham,E01009260
B20 2EG,E01009049,E05011143,Birmingham,E01009049
B76 1RG,E01009436,E05011180,Birmingham,E01009436
B12 0UP,E01009364,E05011126,Birmingham,E01009364
B14 5PE,E01008978,E05011133,Birmingham,E01008978
B32 4AF,E01008923,E05011123,Birmingham,E01008923
B15 3SR,E01034936,E05011134,Birmingham,E01034936
B31 4UD,E01009217,E05011152,Birmingham,E01009217
B75 6JR,E01009450,E05011177,Birmingham,E01009450
B6 5RX,E01008901,E05011155,Birmingham,E01008901
B38 9TR,E01009113,E05011149,Birmingham,E01009113
B5 5RX,E01033561,E05011126,Birmingham,E01033561
B21 9LN,E01009353,E05011142,Birmingham,E01009353
B5 7HY,E01009362,E05011126,Birmingham,E01009362
B21 9BY,E01009352,E05011142,Birmingham,E01009352
B12 0JG,E01034946,E05011126,Birmingham,E01034946
B31 5EY,E01034942,E05011136,Birmingham,E01034942
B8 1BY,E01034935,E05011120,Birmingham,E01034935
B32 3DX,E01009500,E05011184,Birmingham,E01009500
B38 8HJ,E01009112,E05011148,Birmingham,E01009112
B20 1JH,E01032591,E05011143,Birmingham,E01032591
B27 6RG,E01009015,E05011118,Birmingham,E01009015
B20 1DG,E01009279,E05011143,Birmingham,E01009279
B14 6LY,E01008970,E05011130,Birmingham,E01008970
B27 7QQ,E01009022,E05011118,Birmingham,E01009022
B74 2RB,E01009430,E05011174,Birmingham,E01009430
B12 8TH,E01009375,E05011170,Birmingham,E01009375
B45 9YH,E01009160,E05011164,Birmingham,E01009160
B8 3AD,E01034931,E05011120,Birmingham,E01034931
B14 6ER,E01008971,E05011124,Birmingham,E01008971
B17 9HG,E01009065,E05011144,Birmingham,E01009065
B33 0BP,E01009301,E05011138,Birmingham,E01009301
B23 7YZ,E01009411,E05011173,Birmingham,E01009411
B29 4AR,E01009294,E05011184,Birmingham,E01009294
B7 5ST,,,,
B30 1TS,E01009281,E05011129,Birmingham,E01009281
B28 9LD,E01009032,E05011140,Birmingham,E01009032
B8 3DT,E01009195,E05011120,Birmingham,E01009195
B23 5JL,E01009406,E05011161,Birmingham,E01009406
B28 8LW,E01009043,E05011140,Birmingham,E01009043
B75 6SR,E01009431,E05011174,Birmingham,E01009431
B32 3QZ,E01008921,E05011123,Birmingham,E01008921
B32 3SD,E01008918,E05011123,Birmingham,E01008918
B15 3JU,E01008992,E05011134,Birmingham,E01008992
B33 0PN,E01009317,E05011166,Birmingham,E01009317
B21 0DB,E01009349,E05011147,Birmingham,E01009349
B13 8DQ,E01009384,E05011154,Birmingham,E01009384
B29 5NZ,E01009503,E05011184,Birmingham,E01009503
B18 7DY,E01009345,E05011168,Birmingham,E01009345
B27 6JB,E01008890,E05011118,Birmingham,E01008890
B42 1LA,E01009235,E05011160,Birmingham,E01009235
B11 1DA,E01009365,E05011170,Birmingham,E01009365
B73 6ES,E01009449,E05011178,Birmingham,E01009449
B31 1LE,E01009497,E05011158,Birmingham,E01009497
B45 9UA,E01009165,E05011164,Birmingham,E01009165
B31 4TY,E01009170,E05011152,Birmingham,E01009170
B17 8AB,E01009260,E05011163,Birmingham,E01009260
B26 2UU,E01009323,E05011166,Birmingham,E01009323
B76 1PZ,E01009436,E05011180,Birmingham,E01009436
B73 5BD,E01009472,E05011179,Birmingham,E01009472
B74 4SZ,E01009421,E05011174,Birmingham,E01009421
B75 7PU,E01009445,E05011176,Birmingham,E01009445
B27 7AX,E01009019,E05011118,Birmingham,E01009019
B42 2TU,E01009239,E05011160,Birmingham,E01009239
B8 2PS,E01009490,E05011138,Birmingham,E01009490
B11 1QW,E01033650,E05011170,Birmingham,E01033650
B7 5AF,E01009201,E05011155,Birmingham,E01009201
B44 8DW,E01009232,E05011150,Birmingham,E01009232
B32 2EH,E01009252,E05011163,Birmingham,E01009252
B8 1JG,E01009483,E05011120,Birmingham,E01009483
B10 9BQ,E01009342,E05011145,Birmingham,E01009342
B29 5PA,E01009504,E05011184,Birmingham,E01009504
B32 3NS,E01033629,E05011123,Birmingham,E01033629
B26 3SZ,E01009319,E05011166,Birmingham,E01009319
B45 8EN,E01009164,E05011164,Birmingham,E01009164
B30 3BT,E01008953,E05011172,Birmingham,E01008953
B31 2EA,E01009218,E05011158,Birmingham,E01009218
B31 4AL,E01009209,E05011152,Birmingham,E01009209
B21 9ES,E01034921,E05011142,Birmingham,E01034921
B12 0JB,E01009364,E05011126,Birmingham,E01009364
B11 4RG,E01033643,E05011171,Birmingham,E01033643
B18 5BJ,E01009360,E05011168,Birmingham,E01009360
B73 6RU,E01009467,E05011179,Birmingham,E01009467
B33 8NZ,E01009515,E05011185,Birmingham,E01009515
B15 3ND,E01008991,E05011134,Birmingham,E01008991
B32 3AJ,E01009500,E05011184,Birmingham,E01009500
B17 8SS,E01009260,E05011163,Birmingham,E01009260
B12 8JA,E01009371,E05011170,Birmingham,E01009371
B18 6JZ,E01033559,E05011168,Birmingham,E01033559
B5 7DR,E01009362,E05011126,Birmingham,E01009362
B76 1DP,E01009439,E05011180,Birmingham,E01009439
B15 3RF,,,,
B12 9NL,E01034938,E05011122,Birmingham,E01034938
B5 7UG,E01008982,E05011134,Birmingham,E01008982
B76 2TH,E01009434,E05011180,Birmingham,E01009434
B15 3JT,E01008992,E05011134,Birmingham,E01008992
B32 3JN,E01033629,E05011123,Birmingham,E01033629
B44 8SB,E01009227,E05011159,Birmingham,E01009227
B38 9SE,E01009114,E05011149,Birmingham,E01009114
B76 1NJ,E01009437,E05011180,Birmingham,E01009437
B18 7BA,E01009141,E05011151,Birmingham,E01009141
B29 4AU,E01009294,E05011184,Birmingham,E01009294
B28 0ES,E01009037,E05011141,Birmingham,E01009037
B11 1AJ,E01009365,E05011170,Birmingham,E01009365
B32 3DL,E01008920,E05011123,Birmingham,E01008920
B75 5NU,E01009416,E05011177,Birmingham,E01009416
B1 3EN,E01034951,E05011168,Birmingham,E01034951
B73 6XH,E01009469,E05011179,Birmingham,E01009469
B32 2ET,E01009261,E05011163,Birmingham,E01009261
B33 9SF,E01009298,E05011138,Birmingham,E01009298
B28 9QT,E01009033,E05011140,Birmingham,E01009033
B75 6SH,E01009428,E05011175,Birmingham,E01009428
B5 7FR,E01033640,E05011126,Birmingham,E01033640
B44 0HG,E01009123,E05011161,Birmingham,E01009123
B7 4NX,E01034927,E05011155,Birmingham,E01034927
B15 2PG,E01008992,E05011134,Birmingham,E01008992
B14 6AJ,E01008967,E05011130,Birmingham,E01008967
B18 5TR,E01009359,E05011168,Birmingham,E01009359
B8 2NA,E01009490,E05011183,Birmingham,E01009490
B29 7PQ,E01009296,E05011128,Birmingham,E01009296
B38 8RJ,E01009108,E05011149,Birmingham,E01009108
B29 4BQ,E01009294,E05011184,Birmingham,E01009294
B7 5LX,E01009202,E05011155,Birmingham,E01009202
B19 2HN,E01034925,E05011153,Birmingham,E01034925
B6 4PZ,E01008910,E05011156,Birmingham,E01008910
B30 1UY,E01009281,E05011129,Birmingham,E01009281
B72 1EJ,E01009463,E05011181,Birmingham,E01009463
B19 3AF,,,,
B13 9QX,E01009187,E05011154,Birmingham,E01009187
B17 0HB,E01009071,E05011144,Birmingham,E01009071
B13 9SP,E01009188,E05011154,Birmingham,E01009188
B30 3RN,E01008975,E05011133,Birmingham,E01008975
B24 0NP,E01009098,E05011162,Birmingham,E01009098
B31 4BJ,E01009209,E05011152,Birmingham,E01009209
B74 2UD,E01009425,E05011175,Birmingham,E01009425
B11 2AD,E01034952,E05011182,Birmingham,E01034952
B76 1QX,E01009437,E05011180,Birmingham,E01009437
B23 7AG,E01009411,E05011173,Birmingham,E01009411
B12 9AH,E01009375,E05011122,Birmingham,E01009375
B15 3RQ,E01008992,E05011134,Birmingham,E01008992
B35 7QL,E01009103,E05011132,Birmingham,E01009103
B11 4EQ,E01009394,E05011171,Birmingham,E01009394
B32 1QL,E01009253,E05011163,Birmingham,E01009253
B1 3RA,E01033565,E05011168,Birmingham,E01033565
B38 9DJ,,,,
B17 8AG,E01009260,E05011163,Birmingham,E01009260
B29 4BG,E01009294,E05011184,Birmingham,E01009294
B42 2AD,E01009234,E05011159,Birmingham,E01009234
B35 7GA,E01009101,E05011132,Birmingham,E01009101
B15 3AW,E01034936,E05011134,Birmingham,E01034936
B1 3LZ,E01033623,E05011168,Birmingham,E01033623
B32 3AG,E01008919,E05011123,Birmingham,E01008919
B20 2DG,E01009049,E05011143,Birmingham,E01009049
B20 1DY,E01009279,E05011143,Birmingham,E01009279
B14 6BE,E01008981,E05011130,Birmingham,E01008981
B5 7UH,E01008982,E05011134,Birmingham,E01008982
B18 5NJ,E01009358,E05011168,Birmingham,E01009358
B76 1GN,E01009436,E05011180,Birmingham,E01009436
B15 2LA,E01034936,E05011134,Birmingham,E01034936
B32 1JY,E01009256,E05011163,Birmingham,E01009256
B75 5HQ,E01009415,E05011175,Birmingham,E01009415
B76 1EE,E01009439,E05011180,Birmingham,E01009439
B15 3PB,E01008990,E05011134,Birmingham,E01008990
B75 5AL,E01009425,E05011175,Birmingham,E01009425
B7 5HA,E01009201,E05011155,Birmingham,E01009201
B12 9SG,E01009367,E05011122,Birmingham,E01009367
B44 0BS,E01009137,E05011150,Birmingham,E01009137
B29 7JE,E01009288,E05011128,Birmingham,E01009288
B76 1LH,E01009439,E05011180,Birmingham,E01009439
B11 1ZZ,E01009377,E05011170,Birmingham,E01009377
B15 2LS,E01034936,E05011134,Birmingham,E01034936
B76 1YS,E01009438,E05011180,Birmingham,E01009438
B9 9FG,,,,
B45 0HX,E01034943,E05011136,Birmingham,E01034943
B42 1DB,E01009240,E05011160,Birmingham,E01009240
B44 9AF,E01009128,E05011150,Birmingham,E01009128
B75 6RW,E01009429,E05011177,Birmingham,E01009429
B11 4LD,E01009396,E05011171,Birmingham,E01009396
B11 4DN,E01009393,E05011171,Birmingham,E01009393
B28 8RA,E01009024,E05011118,Birmingham,E01009024
B28 8NF,E01009045,E05011140,Birmingham,E01009045
B35 6PN,E01009106,E05011132,Birmingham,E01009106
B76 1QS,E01009438,E05011180,Birmingham,E01009438
B31 1PA,E01009495,E05011119,Birmingham,E01009495
B31 2AG,E01009506,E05011184,Birmingham,E01009506
B30 2RY,E01008965,E05011172,Birmingham,E01008965
B29 4LE,E01009506,E05011184,Birmingham,E01009506
B24 9HE,E01034916,E05011135,Birmingham,E01034916
B20 1HB,E01009276,E05011143,Birmingham,E01009276
B13 9GL,E01009176,E05011154,Birmingham,E01009176
B30 3DR,E01008955,E05011172,Birmingham,E01008955
B44 9SU,E01009128,E05011150,Birmingham,E01009128
B33 8RF,E01009508,E05011185,Birmingham,E01009508
B74 2QJ,E01009430,E05011174,Birmingham,E01009430
B75 6EL,E01009444,E05011177,Birmingham,E01009444
B9 5DY,E01009344,E05011127,Birmingham,E01009344
B28 8AJ,,,,
B11 3AH,E01009391,E05011171,Birmingham,E01009391
B15 3TR,E01008990,E05011134,Birmingham,E01008990
B36 8DP,E01009081,E05011131,Birmingham,E01009081
B15 2RT,E01034937,E05011134,Birmingham,E01034937
B31 4LQ,E01009166,E05011152,Birmingham,E01009166
B13 0TF,E01008933,E05011124,Birmingham,E01008933
B75 5ES,E01009425,E05011175,Birmingham,E01009425
B20 2NT,E01009262,E05011143,Birmingham,E01009262
B76 9PA,E01009450,E05011180,Birmingham,E01009450
B20 2SF,E01009050,E05011125,Birmingham,E01009050
B18 6JY,E01033559,E05011168,Birmingham,E01033559
B44 9TA,E01009131,E05011150,Birmingham,E01009131
B6 7EU,E01009239,E05011160,Birmingham,E01009239
B24 9DE,E01009013,E05011135,Birmingham,E01009013
B17 9TF,E01009072,E05011144,Birmingham,E01009072
B13 9GG,E01009176,E05011154,Birmingham,E01009176
B17 0DZ,E01009071,E05011144,Birmingham,E01009071
B16 8RP,E01033564,E05011151,Birmingham,E01033564
B23 7EL,E01009410,E05011173,Birmingham,E01009410
B12 9EE,E01009362,E05011122,Birmingham,E01009362
B32 2TW,E01009254,E05011163,Birmingham,E01009254
B30 1SG,E01008954,E05011129,Birmingham,E01008954
B15 3NH,E01008991,E05011134,Birmingham,E01008991
B38 8JR,E01009112,E05011152,Birmingham,E01009112
B12 8LF,E01009377,E05011170,Birmingham,E01009377
B8 2AL,E01009090,E05011131,Birmingham,E01009090
B74 4AF,E01009425,E05011174,Birmingham,E01009425
B29 4RG,E01009494,E05011184,Birmingham,E01009494
B74 2SU,E01009427,E05011174,Birmingham,E01009427
B19 2YA,E01008905,E05011153,Birmingham,E01008905
B13 9UP,E01009394,E05011171,Birmingham,E01009394
B73 6SD,E01009424,E05011179,Birmingham,E01009424
B35 6LY,E01009097,E05011132,Birmingham,E01009097
B17 8AD,E01009260,E05011163,Birmingham,E01009260
B16 0QU,E01009145,E05011157,Birmingham,E01009145
B33 8UD,,,,
B20 2RR,E01009049,E05011125,Birmingham,E01009049
B16 8RW,E01009143,E05011151,Birmingham,E01009143
B31 1PF,E01009497,E05011119,Birmingham,E01009497
B31 5PU,E01009172,E05011119,Birmingham,E01009172
B28 8BU,E01009045,E05011140,Birmingham,E01009045
B1 3EJ,,,,
B28 9EA,E01009032,E05011140,Birmingham,E01009032
B11 1JS,E01009365,E05011170,Birmingham,E01009365
B6 5BN,E01008901,E05011121,Birmingham,E01008901
B16 9SX,E01009145,E05011157,Birmingham,E01009145
B32 2HX,E01009074,E05011144,Birmingham,E01009074
B12 8TT,E01009375,E05011170,Birmingham,E01009375
B38 9BD,E01009107,E05011149,Birmingham,E01009107
B13 9EG,E01009187,E05011154,Birmingham,E01009187
B11 1LF,E01009365,E05011170,Birmingham,E01009365
B31 1UN,E01008930,E05011123,Birmingham,E01008930
B19 2HG,E01008911,E05011156,Birmingham,E01008911
B23 5GR,E01009458,E05011135,Birmingham,E01009458
B17 9QH,E01009068,E05011144,Birmingham,E01009068
B18 4AG,E01009345,E05011157,Birmingham,E01009345
B38 8EB,E01009111,E05011148,Birmingham,E01009111
B12 8DN,E01009371,E05011170,Birmingham,E01009371
B15 3LR,E01008990,E05011134,Birmingham,E01008990
B6 5SX,E01008899,E05011155,Birmingham,E01008899
B75 5HS,E01009415,E05011175,Birmingham,E01009415
B38 9EN,E01009113,E05011149,Birmingham,E01009113
B9 5NA,E01034935,E05011126,Birmingham,E01034935
B76 9DD,E01009441,E05011180,Birmingham,E01009441
B11 3HU,E01009028,E05011182,Birmingham,E01009028
B8 3EJ,E01009195,E05011120,Birmingham,E01009195
B29 7HA,E01009283,E05011128,Birmingham,E01009283
B15 2ES,E01008997,E05011134,Birmingham,E01008997
B11 3ND,E01034953,E05011171,Birmingham,E01034953
B15 3QE,E01008991,E05011134,Birmingham,E01008991
B14 5SB,E01008980,E05011133,Birmingham,E01008980
B11 4SF,E01033643,E05011171,Birmingham,E01033643
B31 1BD,E01008924,E05011123,Birmingham,E01008924
B12 9SZ,E01009366,E05011122,Birmingham,E01009366
B23 5YJ,E01009135,E05011161,Birmingham,E01009135
B13 0QD,E01008936,E05011124,Birmingham,E01008936
B75 5HL,E01009425,E05011175,Birmingham,E01009425
B75 6AS,E01009444,E05011177,Birmingham,E01009444
B33 9NT,E01009093,E05011138,Birmingham,E01009093
B75 6NY,E01009416,E05011177,Birmingham,E01009416
B74 4AA,E01009425,E05011175,Birmingham,E01009425
B76 1TY,E01009437,E05011180,Birmingham,E01009437
B19 3NR,E01034929,E05011156,Birmingham,E01034929
B9 5SA,E01009476,E05011145,Birmingham,E01009476
B15 3ST,E01034936,E05011134,Birmingham,E01034936
B15 1QJ,,,,
B74 4QW,E01009422,E05011174,Birmingham,E01009422
B18 5SR,E01009358,E05011168,Birmingham,E01009358
B13 9YX,E01009176,E05011154,Birmingham,E01009176
B31 3EZ,E01009210,E05011152,Birmingham,E01009210
B11 2FD,E01008889,E05011182,Birmingham,E01008889
B75 5RD,E01009416,E05011177,Birmingham,E01009416
B31 2AH,E01008954,E05011129,Birmingham,E01008954
B75 7AP,E01009424,E05011178,Birmingham,E01009424
B3 1LH,E01033622,E05011168,Birmingham,E01033622
B17 0EL,E01009068,E05011144,Birmingham,E01009068
B75 6JL,E01009416,E05011177,Birmingham,E01009416
B35 6PE,E01009106,E05011132,Birmingham,E01009106
B15 3PD,E01008991,E05011134,Birmingham,E01008991
B72 1SQ,E01009424,E05011178,Birmingham,E01009424
B29 6RJ,E01009291,E05011184,Birmingham,E01009291
B13 0AE,E01009176,E05011154,Birmingham,E01009176
B44 8AA,E01009232,E05011150,Birmingham,E01009232
B9 5RH,E01009331,E05011127,Birmingham,E01009331
B6 4HN,E01034930,E05011156,Birmingham,E01034930
B17 0BJ,E01009071,E05011144,Birmingham,E01009071
B17 0SG,E01009077,E05011144,Birmingham,E01009077
B75 6RG,E01009429,E05011177,Birmingham,E01009429
B32 3BU,E01008921,E05011123,Birmingham,E01008921
B24 0NU,E01009105,E05011162,Birmingham,E01009105
B15 2PE,E01008992,E05011134,Birmingham,E01008992
B73 6SP,E01009464,E05011179,Birmingham,E01009464
B7 4QP,E01009204,E05011155,Birmingham,E01009204
B31 4AZ,E01009209,E05011152,Birmingham,E01009209
B26 1DU,E01008885,E05011169,Birmingham,E01008885
B33 0JD,E01009321,E05011166,Birmingham,E01009321
B16 6ES,,,,
B15 2JU,E01034936,E05011134,Birmingham,E01034936
B7 5HT,E01034927,E05011155,Birmingham,E01034927
B76 1QY,E01009435,E05011180,Birmingham,E01009435
B72 1YN,E01009461,E05011181,Birmingham,E01009461
B17 9EL,E01009067,E05011144,Birmingham,E01009067
B6 7AB,E01009232,E05011160,Birmingham,E01009232
B12 9BS,E01009376,E05011122,Birmingham,E01009376
B29 6LG,E01009281,E05011129,Birmingham,E01009281
B15 3LN,E01008991,E05011134,Birmingham,E01008991
B75 5AT,E01009425,E05011175,Birmingham,E01009425
B16 8RR,E01009143,E05011151,Birmingham,E01009143
B38 9HA,E01009110,E05011149,Birmingham,E01009110
B19 1AF,E01009355,E05011153,Birmingham,E01009355
B73 6LR,E01009468,E05011179,Birmingham,E01009468
B32 1AX,E01009250,E05011163,Birmingham,E01009250
B73 6TF,E01009465,E05011179,Birmingham,E01009465
B23 7FJ,E01009411,E05011173,Birmingham,E01009411
B38 9BH,,,,
B24 9PL,E01009102,E05011162,Birmingham,E01009102
B31 1SD,E01009498,E05011119,Birmingham,E01009498
B76 9DH,E01009441,E05011180,Birmingham,E01009441
B23 7BN,E01009406,E05011173,Birmingham,E01009406
B14 6RN,E01008972,E05011130,Birmingham,E01008972
B38 0AN,E01009120,E05011149,Birmingham,E01009120
B27 6AD,E01008894,E05011118,Birmingham,E01008894
B31 1NR,E01009496,E05011119,Birmingham,E01009496
B19 3XA,E01034929,E05011156,Birmingham,E01034929
B15 2RS,E01034937,E05011134,Birmingham,E01034937
B73 5BY,E01009458,E05011179,Birmingham,E01009458
B8 1DB,E01034934,E05011120,Birmingham,E01034934
B73 6BU,E01009449,E05011178,Birmingham,E01009449
B28 0PF,E01009039,E05011141,Birmingham,E01009039
B76 2RD,E01009436,E05011180,Birmingham,E01009436
B16 0AA,E01009140,E05011157,Birmingham,E01009140
B7 4NG,E01009204,E05011155,Birmingham,E01009204
B10 0PD,E01009379,E05011127,Birmingham,E01009379
B76 1GY,E01009440,E05011180,Birmingham,E01009440
B72 1QP,E01009449,E05011178,Birmingham,E01009449
B33 8BD,E01009509,E05011186,Birmingham,E01009509
B1 1TJ,E01033557,E05011151,Birmingham,E01033557
B73 6UR,E01009465,E05011179,Birmingham,E01009465
B21 0PA,E01009354,E05011168,Birmingham,E01009354
B5 5SL,E01009200,E05011126,Birmingham,E01009200
B12 9LS,E01009376,E05011122,Birmingham,E01009376
B12 8AT,E01009383,E05011154,Birmingham,E01009383
B20 3TS,E01009056,E05011125,Birmingham,E01009056
B1 1HU,,,,
B31 4HS,E01009213,E05011152,Birmingham,E01009213
B7 5TR,E01009202,E05011155,Birmingham,E01009202
B3 2EJ,,,,
B15 3QP,E01008992,E05011134,Birmingham,E01008992
B15 2SA,E01034937,E05011134,Birmingham,E01034937
B10 0PQ,E01009379,E05011127,Birmingham,E01009379
B33 9FF,E01009095,E05011138,Birmingham,E01009095
B76 1LE,E01009439,E05011180,Birmingham,E01009439
B30 3PR,E01009120,E05011149,Birmingham,E01009120
B32 3DN,E01008920,E05011123,Birmingham,E01008920
B28 8PD,E01009023,E05011118,Birmingham,E01009023
B7 4QR,E01009204,E05011155,Birmingham,E01009204
B18 4NN,E01009345,E05011168,Birmingham,E01009345
B29 4LW,E01009506,E05011184,Birmingham,E01009506
B5 5NY,E01033561,E05011126,Birmingham,E01033561
B72 1QG,E01009449,E05011178,Birmingham,E01009449
B9 5QL,E01009331,E05011127,Birmingham,E01009331
B73 5RF,E01009459,E05011179,Birmingham,E01009459
B33 8JB,E01009511,E05011137,Birmingham,E01009511
B5 6TG,E01034947,E05011126,Birmingham,E01034947
B3 2DJ,E01033620,E05011151,Birmingham,E01033620
B38 9LY,,,,
B45 9PA,E01009159,E05011164,Birmingham,E01009159
B10 0SW,E01009379,E05011127,Birmingham,E01009379
B62 0EL,E01008921,E05011123,Birmingham,E01008921
B6 7BL,E01008915,E05011121,Birmingham,E01008915
B75 7AJ,E01009424,E05011178,Birmingham,E01009424
B73 6LH,E01009424,E05011179,Birmingham,E01009424
B38 8BY,E01009116,E05011148,Birmingham,E01009116
B5 7SW,E01034937,E05011134,Birmingham,E01034937
B6 7AG,E01009232,E05011160,Birmingham,E01009232
B16 0SG,E01008986,E05011157,Birmingham,E01008986
